t,x,y,z,roll,yaw,ox,oy,dist,drive,turn,gf,DNp01_left,DNp01_right,DNa02_left,DNa02_right,DNa01_left,DNa01_right,DNb01_left,DNb01_right,DNp03_left,DNp03_right,DNp11_left,DNp11_right,DNg02_left,DNg02_right,DN_all_left,DN_all_right,nact
0.02000000000000001,0.0,0.0,2.0,0.0,0.0,5.161511406555263,-2.9800000000000018,6.0,0.0,0.0,0.0,0.0,0.0,0.0,0.0,0.0,0.0,0.0,0.0,0.0,0.0,0.0,0.0,0.0,0.0,0.0,0.0,0
0.04000000000000003,0.0,0.0,2.0,0.0,0.0,5.126870390403894,-2.960000000000004,5.960000000000008,0.0,0.0,0.0,0.0,0.0,0.0,0.0,0.0,0.0,0.0,0.0,0.0,0.0,0.0,0.0,0.0,0.0,0.0,0.0,0
0.060000000000000046,0.0,0.0,2.0,0.0,0.0,5.0922293742525255,-2.940000000000006,5.920000000000018,0.0,0.0,0.0,0.0,0.0,0.0,0.0,0.0,0.0,0.0,0.0,0.0,0.0,0.0,0.0,0.0,0.0,0.0,0.0,0
0.08000000000000006,0.0,0.0,2.0,0.0,0.0,5.057588358101157,-2.9200000000000084,5.880000000000026,0.0,0.0,0.0,0.0,0.0,0.0,0.0,0.0,0.0,0.0,0.0,0.0,0.0,0.0,0.0,0.0,0.0,0.0,0.0,0
0.10000000000000007,0.0,0.0,2.0,0.0,0.0,5.022947341949788,-2.9000000000000106,5.8400000000000345,20.048578480570114,0.0,0.0,0.0,0.0,0.0,0.0,0.0,0.0,0.0,0.0,0.0,0.0,0.0,0.0,0.0,0.0,0.0,0.0,51
0.12000000000000009,0.0,0.0,2.0,0.0,0.0,4.988306325798419,-2.8800000000000128,5.800000000000043,20.325478966005566,0.0,0.0,0.0,0.0,0.0,0.0,0.0,0.0,0.0,0.0,0.0,0.0,0.0,0.0,0.0,0.0,0.0,0.0,52
0.1400000000000001,0.0,0.0,2.0,0.0,0.0,4.95366530964705,-2.860000000000015,5.760000000000051,20.608158571712785,0.0,0.0,0.0,0.0,0.0,0.0,0.0,0.0,0.0,0.0,0.0,0.0,0.0,0.0,0.0,0.0,0.0,0.0,46
0.16000000000000011,0.0,0.0,2.0,0.0,0.0,4.919024293495681,-2.840000000000017,5.72000000000006,20.89677931835085,0.0,0.0,0.0,0.0,0.0,0.0,0.0,0.0,0.0,0.0,0.0,0.0,0.0,0.0,0.0,0.0,0.0,0.0,54
0.18000000000000013,0.0,0.0,2.0,0.0,0.0,4.8843832773443125,-2.8200000000000194,5.680000000000069,21.191508947250526,0.0,0.0,0.0,0.0,0.0,0.0,0.0,0.0,0.0,0.0,0.0,0.0,0.0,0.0,0.0,0.0,0.0,0.0,64
0.20000000000000015,0.0,0.0,2.0,0.0,0.0,4.849742261192944,-2.8000000000000216,5.640000000000078,21.492521164628783,0.0,0.0,0.0,0.0,0.0,0.0,0.0,0.0,0.0,0.0,0.0,0.0,0.0,0.0,0.0,0.0,0.0,0.0,48
0.22000000000000017,0.0,0.0,2.0,0.0,0.0,4.815101245041575,-2.780000000000024,5.600000000000086,21.799995898075867,0.0,0.0,0.0,0.0,0.0,0.0,0.0,0.0,0.0,0.0,0.0,0.0,0.0,0.0,0.0,0.0,0.0,0.0,55
0.24000000000000019,0.0,0.0,2.0,0.0,0.0,4.780460228890206,-2.760000000000026,5.5600000000000955,22.114119565998386,0.0,0.0,0.0,0.0,0.0,0.0,0.0,0.0,0.0,0.0,0.0,0.0,0.0,0.0,0.0,0.0,0.0,0.0,59
0.2600000000000002,0.0,0.0,2.0,0.0,0.0,4.745819212738837,-2.740000000000028,5.5200000000001035,22.435085360792435,0.0,0.0,0.0,0.0,0.0,0.0,0.0,0.0,0.0,0.0,0.0,0.0,0.0,0.0,0.0,0.0,0.0,0.0,55
0.2800000000000002,0.0,0.0,2.0,0.0,0.0,4.711178196587468,-2.7200000000000304,5.480000000000112,22.763093546521258,0.0,0.0,0.0,0.0,0.0,0.0,0.0,0.0,0.0,0.0,0.0,0.0,0.0,0.0,0.0,0.0,0.0,0.0,55
0.3000000000000002,0.0,0.0,2.0,0.0,0.0,4.6765371804361,-2.7000000000000326,5.440000000000121,23.09835177200745,0.0,0.0,0.0,0.0,0.0,0.0,0.0,0.0,0.0,0.0,0.0,0.0,0.0,0.0,0.0,0.0,0.0,0.0,58
0.32000000000000023,0.0,0.0,2.0,0.0,0.0,4.641896164284731,-2.680000000000035,5.40000000000013,23.44107540019532,0.0,0.0,0.0,0.0,0.0,0.0,0.0,0.0,0.0,0.0,0.0,0.0,0.0,0.0,0.0,0.0,0.0,0.0,74
0.34000000000000025,0.0,0.0,2.0,0.0,0.0,4.607255148133362,-2.660000000000037,5.360000000000138,23.791487854806263,0.0,0.0,0.0,0.0,0.0,0.0,0.0,0.0,0.0,0.0,0.0,0.0,0.0,0.0,0.0,0.0,0.0,0.0,54
0.36000000000000026,0.0,0.0,2.0,0.0,0.0,4.572614131981993,-2.640000000000039,5.320000000000147,24.149820985306658,0.0,0.0,0.0,0.0,0.0,0.0,0.0,0.0,0.0,0.0,0.0,0.0,0.0,0.0,0.0,0.0,0.0,0.0,62
0.3800000000000003,0.0,0.0,2.0,0.0,0.0,4.537973115830624,-2.6200000000000414,5.280000000000156,24.516315451322406,0.0,0.0,0.0,0.0,0.0,0.0,0.0,0.0,0.0,0.0,0.0,0.0,0.0,0.0,0.0,0.0,0.0,0.0,60
0.4000000000000003,0.0,0.0,2.0,0.0,0.0,4.503332099679255,-2.6000000000000436,5.2400000000001645,24.891221127667468,0.0,0.0,0.0,0.0,0.0,0.0,0.0,0.0,0.0,0.0,0.0,0.0,0.0,0.0,0.0,0.0,0.0,0.0,70
0.4200000000000003,0.0,0.0,2.0,0.0,0.0,4.468691083527887,-2.580000000000046,5.2000000000001725,25.27479753129198,0.0,0.0,0.0,0.0,0.0,0.0,0.0,0.0,0.0,0.0,0.0,0.0,0.0,0.0,0.0,0.0,0.0,0.0,63
0.44000000000000034,0.0,0.0,2.0,0.0,0.0,4.434050067376518,-2.560000000000048,5.160000000000181,25.667314271484994,0.0,0.0,0.0,0.0,0.0,0.0,0.0,0.0,0.0,0.0,0.0,0.0,0.0,0.0,0.0,0.0,0.0,0.0,51
0.46000000000000035,0.0,0.0,2.0,0.0,0.0,4.399409051225149,-2.54000000000005,5.12000000000019,26.069051524827515,0.0,0.0,0.0,0.0,0.0,0.0,0.0,0.0,0.0,0.0,0.0,0.0,0.0,0.0,0.0,0.0,0.0,0.0,61
0.48000000000000037,0.0,0.0,2.0,0.0,0.0,4.36476803507378,-2.5200000000000524,5.080000000000199,26.48030053642127,0.0,0.0,0.0,0.0,0.0,0.0,0.0,0.0,0.0,0.0,0.0,0.0,0.0,0.0,0.0,0.0,0.0,0.0,58
0.5000000000000003,0.0,0.0,2.0,0.0,0.0,4.330127018922411,-2.5000000000000546,5.040000000000208,26.901364149111952,0.0,0.0,0.0,0.0,0.0,0.0,0.0,0.0,0.0,0.0,0.0,0.0,0.0,0.0,0.0,0.0,0.0,0.0,61
0.5200000000000004,0.0,0.0,2.0,0.0,0.0,4.295486002771042,-2.480000000000057,5.000000000000216,27.33255736247486,0.0,0.0,0.0,0.0,0.0,0.0,0.0,0.0,0.0,0.0,0.0,0.0,0.0,0.0,0.0,0.0,0.0,0.0,63
0.5400000000000004,0.0,0.0,2.0,0.0,0.0,4.260844986619674,-2.460000000000059,4.960000000000225,27.774207923512297,0.0,0.0,0.0,0.0,0.0,0.0,0.0,0.0,0.0,0.0,0.0,0.0,0.0,0.0,0.0,0.0,0.0,0.0,63
0.5600000000000004,0.0,0.0,2.0,0.0,0.0,4.226203970468305,-2.4400000000000612,4.9200000000002335,28.226656951136828,0.0,0.0,0.0,0.0,0.0,0.0,0.0,0.0,0.0,0.0,0.0,0.0,0.0,0.0,0.0,0.0,0.0,0.0,78
0.5800000000000004,0.0,0.0,2.0,0.0,0.0,4.191562954316936,-2.4200000000000634,4.880000000000242,28.690259596649977,0.0,0.0,0.0,0.0,0.0,0.0,0.0,0.0,0.0,0.0,0.0,0.0,0.0,0.0,0.0,0.0,0.0,0.0,61
0.6000000000000004,0.0,0.0,2.0,0.0,0.0,4.156921938165567,-2.4000000000000656,4.84000000000025,29.165385742630992,0.0,0.0,0.0,0.0,0.0,0.0,0.0,0.0,0.0,0.0,0.0,0.0,0.0,0.0,0.0,0.0,0.0,0.0,67
0.6200000000000004,0.0,0.0,2.0,0.0,0.0,4.122280922014198,-2.380000000000068,4.800000000000259,29.65242074280105,0.0,0.0,0.0,0.0,0.0,0.0,0.0,0.0,0.0,0.0,0.0,0.0,0.0,0.0,0.0,0.0,0.0,0.0,68
0.6400000000000005,0.0,0.0,2.0,0.0,0.0,4.087639905862829,-2.36000000000007,4.760000000000268,30.151766205634782,0.0,0.0,0.0,0.0,0.0,0.0,0.0,0.0,0.0,0.0,0.0,0.0,0.0,0.0,0.0,0.0,0.0,0.0,74
0.6600000000000005,0.0,0.0,2.0,0.0,0.0,4.052998889711461,-2.3400000000000722,4.720000000000277,30.663840824695775,0.0,0.0,0.0,0.0,0.0,0.0,0.0,0.0,0.0,0.0,0.0,0.0,0.0,0.0,0.0,0.0,0.0,0.0,68
0.6800000000000005,0.0,0.0,2.0,0.0,0.0,4.018357873560092,-2.3200000000000744,4.680000000000285,31.189081258931814,0.0,0.0,0.0,0.0,0.0,0.0,0.0,0.0,0.0,0.0,0.0,0.0,0.0,0.0,0.0,0.0,0.0,0.0,68
0.7000000000000005,0.0,0.0,2.0,0.0,0.0,3.9837168574087185,-2.3000000000000766,4.640000000000294,31.72794306635889,0.0,0.0,0.0,0.0,0.0,0.0,0.0,0.0,0.0,0.0,0.0,0.0,0.0,0.0,0.0,0.0,0.0,0.0,85
0.7200000000000005,0.0,0.0,2.0,0.0,0.0,3.949075841257341,-2.280000000000079,4.600000000000299,32.28090169492565,0.0,0.0,0.0,0.0,0.0,0.0,0.0,0.0,0.0,0.0,0.0,0.0,0.0,0.0,0.0,0.0,0.0,0.0,75
0.7400000000000005,0.0,0.0,2.0,0.0,0.0,3.914434825105963,-2.260000000000081,4.5600000000003,32.84845353452005,0.0,0.0,0.0,0.0,0.0,0.0,0.0,0.0,0.0,0.0,0.0,0.0,0.0,0.0,0.0,0.0,0.0,0.0,75
0.7600000000000006,-5.549930523605192e-11,2.6984841903628274e-07,1.9999999999582228,-0.04432370522405017,0.040446226623762675,3.8797938089545854,-2.2400000000000833,4.520000000000301,33.43111703456533,-0.2777777777777778,0.0,0.0,0.0,16.666666666666668,0.0,0.0,0.0,0.0,0.0,0.0,0.0,0.0,0.0,0.0,0.0,0.02583979328165375,0.0,74
0.7800000000000006,-2.9660080623751567e-09,3.898244782274991e-06,1.9999999978737009,-0.1489748558905757,0.13842383093343488,3.8451527928032077,-2.2200000000000855,4.48000013497258,34.02931803856012,-0.18518518518518517,0.0,0.0,0.0,11.11111111111111,0.0,0.0,0.0,0.0,0.0,0.0,0.0,0.0,0.0,0.0,0.0,0.017226528854435832,0.0,79
0.8000000000000006,-2.711494808998397e-08,1.78023469297258e-05,1.9999999811842033,-0.2809283306648275,0.2667028001552329,3.81051177665183,-2.2000000000000877,4.440001951692613,34.642380545190456,-0.12345679012345677,0.0,0.0,0.0,7.4074074074074066,0.0,0.0,0.0,0.0,0.0,0.0,0.0,0.0,0.0,0.0,0.0,0.011484352569623888,0.025799793601651192,85
0.8200000000000006,-1.237246242520709e-07,5.102699098450551e-05,1.9999999160835646,-0.4634848799003787,0.44848860413956126,3.7758707605004522,-2.18000000000009,4.400008924682964,35.26908175762665,-0.360082304526749,0.0,0.0,0.0,21.60493827160494,0.0,0.0,0.0,0.0,0.0,0.0,0.0,0.0,0.0,0.0,0.0,0.03349602832806967,0.017199862401100795,70
0.8400000000000006,-4.1028132092954107e-07,0.00011582017225589454,1.9999997238729963,-0.6996534469224795,0.6901818861024694,3.7412297443490745,-2.160000000000092,4.3600256208677814,35.908817980948534,-0.24005486968449932,0.0,0.0,0.0,14.40329218106996,0.0,0.0,0.0,0.0,0.0,0.0,0.0,0.0,0.0,0.0,0.0,0.022330685552046446,0.011466574934067195,75
0.8600000000000007,-1.1179080410201286e-06,0.0002277378059160545,1.9999992543249863,-0.9487768251248309,0.9581483392550981,3.706588728197697,-2.1400000000000943,4.3200582665601495,36.56038245003394,-0.1600365797896662,0.0,0.0,0.0,9.602194787379972,0.0,0.0,0.0,0.0,0.0,0.0,0.0,0.0,0.0,0.0,0.0,0.014887123701364297,0.00764438328937813,84
0.8800000000000007,-2.6040345241028165e-06,0.0004031475799296789,1.9999982911429737,-1.1857710837208515,1.231515415912764,3.671947712046319,-2.1200000000000965,4.28011484155845,37.22234387710479,-0.1066910531931108,0.0,0.0,0.0,6.401463191586648,0.0,0.0,0.0,0.0,0.0,0.0,0.0,0.0,0.0,0.0,0.0,0.009924749134242863,0.005096255526252086,82
0.9000000000000007,-5.330835208741088e-06,0.000657482405299984,1.9999965794049896,-1.3959442122258554,1.497742510580256,3.6373066958949414,-2.1000000000000987,4.240203843217492,37.89429927628722,-0.0711273687954072,0.0,0.0,0.0,4.267642127724431,0.0,0.0,0.0,0.0,0.0,0.0,0.0,0.0,0.0,0.0,0.0,0.006616499422828576,0.0033975036841680573,78
0.9200000000000007,-9.824423778391793e-06,0.0010042295051980103,1.999993861538545,-1.5715096970211577,1.749687667435384,3.6026656797435637,-2.080000000000101,4.20033339607623,38.57665898180941,-0.04741824586360479,0.0,0.0,0.0,2.8450947518162875,0.0,0.0,0.0,0.0,0.0,0.0,0.0,0.0,0.0,0.0,0.0,0.00441099961521905,0.0022650024561120382,96
0.9400000000000007,-1.6628815236862454e-05,0.0014544069935684607,1.9999899110974568,-1.7092351259519785,1.98366977883931,3.568024663592186,-2.060000000000103,4.160510712831302,39.27039260605956,-0.03161216390906986,0.0,0.0,0.0,1.8967298345441916,0.0,0.0,0.0,0.0,0.0,0.0,0.0,0.0,0.0,0.0,0.0,0.0029406664101460332,0.0015100016374080254,95
0.9600000000000007,-2.6263889714438048e-05,0.002016360477863822,1.99998455821773,-1.8088524550341343,2.1981924141240374,3.5333836474408082,-2.0400000000001053,4.1207417944515585,39.97685071184357,-0.021074775939379904,0.0,0.0,0.0,1.2644865563627943,0.0,0.0,0.0,0.0,0.0,0.0,0.0,0.0,0.0,0.0,0.0,0.0019604442734306887,0.001006667758272017,93
0.9800000000000008,-3.919200086652035e-05,0.0026957664902915513,1.9999777046281102,-1.8719806178338285,2.3931069258519715,3.4987426312894305,-2.0200000000001075,4.081031293458423,40.69763802901978,-0.014049850626253269,0.0,0.0,0.0,0.8429910375751961,0.0,0.0,0.0,0.0,0.0,0.0,0.0,0.0,0.0,0.0,0.0,0.0013069628489537923,0.0006711118388480113,94
1.0000000000000007,-5.5794661924485304e-05,0.00349576615135888,1.9999693286793043,-1.9013937764915938,2.569066819503196,3.464101615138053,-2.0000000000001097,4.0413824876225055,41.434522939982216,-0.009366567084168846,0.0,0.0,0.0,0.5619940250501307,0.0,0.0,0.0,0.0,0.0,0.0,0.0,0.0,0.0,0.0,0.0,0.0008713085659691948,0.00044740789256534085,90
1.0199999999999985,-7.635885368280042e-05,0.004417177205525305,1.9999594822034863,-1.9005236080107688,2.7271749071218765,3.429460598986675,-1.980000000000112,4.001797326926954,42.18937304798707,-0.0062443780561125635,0.0,0.0,0.0,0.3746626833667538,0.0,0.0,0.0,0.0,0.0,0.0,0.0,0.0,0.0,0.0,0.0,0.0005808723773127965,0.0002982719283768939,98
1.0399999999999963,-0.00010107156529487411,0.005458749325588853,1.9999482815021934,-1.873120787800262,2.8687577591493096,3.3948195828352974,-1.960000000000114,3.9622765274553235,42.96410977876988,-0.004162918704075042,0.0,0.0,0.0,0.24977512224450252,0.0,0.0,0.0,0.0,0.0,0.0,0.0,0.0,0.0,0.0,0.0,0.00038724825154186435,0.00019884795225126259,85
1.059999999999994,-0.00013002084793012868,0.006617438968211884,1.9999358947280512,-1.8230253815655935,2.9952239384982478,3.3601785666839197,-1.9400000000001163,3.922819693492368,43.760677020123,-0.002775279136050028,0.0,0.0,0.0,0.16651674816300166,0.0,0.0,0.0,0.0,0.0,0.0,0.0,0.0,0.0,0.0,0.0,0.00025816550102790957,0.00013256530150084172,95
1.0799999999999919,-0.0001632016721963512,0.007888687831248985,1.999922527621555,-1.7540122533377835,3.107977126847123,3.325537550532542,-1.9200000000001185,3.8834254545755664,44.58102020805565,-0.0018501860907000182,0.0,0.0,0.0,0.1110111654420011,0.0,0.0,0.0,0.0,0.0,0.0,0.0,0.0,0.0,0.0,0.0,0.00017211033401860637,8.837686766722782e-05,91
1.0999999999999897,-0.00020052506194017362,0.009266694292688766,1.9999084091491854,-1.6696885545057294,3.2083649879184986,3.2908965343811643,-1.9000000000001207,3.8440916081546948,45.427073252942634,-0.0012334573938000122,0.0,0.0,0.0,0.07400744362800073,0.0,0.0,0.0,0.0,0.0,0.0,0.0,0.0,0.0,0.0,0.0,0.0001147402226790709,5.891791177815187e-05,100
1.1199999999999875,-0.00024182922656729153,0.010744670892037404,1.999893778159322,-1.5734276869723514,3.2976510901092113,3.2562555182297865,-1.880000000000123,3.804815261349728,46.300751400405986,-0.000822304929200008,0.0,0.0,0.0,0.04933829575200048,0.0,0.0,0.0,0.0,0.0,0.0,0.0,0.0,0.0,0.0,0.0,7.649348178604727e-05,0.02583907220950329,104
1.1399999999999852,-0.0002868916737127245,0.012315083478055655,1.9998788717800964,-1.4683290417522228,3.3770015194146747,3.221614502078409,-1.860000000000125,3.765592967353286,47.20394862491081,-0.0005482032861333386,0.0,0.0,0.0,0.03289219716800032,0.0,0.0,0.0,0.0,0.0,0.0,0.0,0.0,0.0,0.0,0.0,5.099565452403151e-05,0.01722604813966886,102
1.159999999999983,-0.0003354574960566812,0.013970138814290689,1.9998639093721637,-1.4014986944328607,3.487914839524151,3.186973485927031,-1.8400000000001273,3.7264208535206933,48.13853851753447,-0.2781432466352,0.0,0.0,0.0,16.688594798112,0.0,0.0,0.0,0.0,0.0,0.0,0.0,0.0,0.0,0.0,0.0,0.02587379038466977,0.011484032093112573,98
1.1799999999999808,-0.0003874043649857906,0.015704524988617453,1.999849027239962,-1.3914263770232882,3.648438689107261,3.1523324697756534,-1.8200000000001295,3.6872948885275076,49.106188585849644,-0.18542883109013333,0.0,0.0,0.0,11.125729865408,0.0,0.0,0.0,0.0,0.0,0.0,0.0,0.0,0.0,0.0,0.0,0.017249193589779846,0.007656021395408382,95
1.1999999999999786,-0.00044282466995154045,0.017516592112877077,1.9998342630831774,-1.4072925779288692,3.8322221798392864,3.1176914536242757,-1.8000000000001317,3.648212402075622,50.10670375580275,-0.12361922072675553,0.0,0.0,0.0,7.417153243605332,0.0,0.0,0.0,0.0,0.0,0.0,0.0,0.0,0.0,0.0,0.0,0.011499462393186563,0.0051040142636055875,107
1.2199999999999764,-0.0005019308634301191,0.019406535589797023,1.999819608352396,-1.4299830042611217,4.022810586398945,3.083050437472898,-1.780000000000134,3.6091727539075116,51.13890296214339,-0.08241281381783702,0.0,0.0,0.0,4.944768829070221,0.0,0.0,0.0,0.0,0.0,0.0,0.0,0.0,0.0,0.0,0.0,0.007666308262124375,0.003402676175737058,113
1.2399999999999742,-0.0005649790529384215,0.021375054782016557,1.9998050425316527,-1.4481300786091245,4.21022086510306,3.0484094213215203,-1.7600000000001361,3.5701763431429474,52.20273615201819,-0.05494187587855801,0.0,0.0,0.0,3.2965125527134806,0.0,0.0,0.0,0.0,0.0,0.0,0.0,0.0,0.0,0.0,0.0,0.0051108721747495835,0.002268450783824705,111
1.259999999999972,-0.0006322164029593628,0.023422559914259948,1.999790552835363,-1.4554614204029015,4.388672491535655,3.0137684051701426,-1.7400000000001383,3.531223869701181,53.299091910005835,-0.03662791725237201,0.0,0.0,0.0,2.1976750351423204,0.0,0.0,0.0,0.0,0.0,0.0,0.0,0.0,0.0,0.0,0.0,0.003407248116499722,0.0015123005225498034,105
1.2799999999999698,-0.0007038457580357172,0.02554873872903039,1.9997761447075797,-1.4490228863340977,4.5550872674129605,2.979127389018765,-1.7200000000001405,3.4923158900682982,54.429508458320015,-0.024418611501581335,0.0,0.0,0.0,1.4651166900948802,0.0,0.0,0.0,0.0,0.0,0.0,0.0,0.0,0.0,0.0,0.0,0.002271498744333148,0.0010082003483665356,106
1.2999999999999676,-0.0007800037133828649,0.027752356589280096,1.9997618459076079,-1.4279873361875728,4.708100460933612,2.944486372867387,-1.7000000000001427,3.4534525676692995,55.59597746436702,-0.016279074334387557,0.0,0.0,0.0,0.9767444600632534,0.0,0.0,0.0,0.0,0.0,0.0,0.0,0.0,0.0,0.0,0.0,0.0015143324962220985,0.0006721335655776904,121
1.3199999999999654,-0.0008607492485232474,0.030031205435391898,1.9997477061010365,-1.3928561871066027,4.847411591855232,2.9098453567160094,-1.680000000000145,3.414633551559369,56.80081054072873,-0.010852716222925036,0.0,0.0,0.0,0.6511629733755022,0.0,0.0,0.0,0.0,0.0,0.0,0.0,0.0,0.0,0.0,0.0,0.026849348279135148,0.026247882645369654,99
1.3399999999999632,-0.0009460604272819991,0.032382144999993194,1.9997337935039559,-1.3449248146691566,4.973360514972644,2.8752043405646317,-1.6600000000001471,3.375857938734211,58.04654902200786,-0.007235144148616691,0.0,0.0,0.0,0.43410864891700146,0.0,0.0,0.0,0.0,0.0,0.0,0.0,0.0,0.0,0.0,0.0,0.01789956551942343,0.017498588430246435,117
1.359999999999961,-0.0010358606424754862,0.03480146731065275,1.999720183703446,-1.33022073861904,5.127088716593474,2.840563324413254,-1.6400000000001493,3.33712428967025,59.33590410031792,-0.28260120721018894,0.0,0.0,0.0,16.956072432611336,0.0,0.0,0.0,0.0,0.0,0.0,0.0,0.0,0.0,0.0,0.0,0.037772836961269374,0.037465519221815485,114
1.3799999999999588,-0.0011302534635836213,0.037287560545957284,1.999706897917938,-1.3666626447110373,5.326574958298699,2.8059223082618763,-1.6200000000001515,3.298430833246775,60.67146965486569,-0.1884008048067926,0.0,0.0,0.0,11.304048288407557,0.0,0.0,0.0,0.0,0.0,0.0,0.0,0.0,0.0,0.0,0.0,0.025181891307512916,0.024977012814543655,116
1.3999999999999566,-0.0012296411733529315,0.03984205048900897,1.9996938812278418,-1.4232160732439931,5.545571926700949,2.7712812921104986,-1.6000000000001537,3.2597770212913657,62.05350113046916,-0.12560053653786174,0.0,0.0,0.0,7.536032192271705,0.0,0.0,0.0,0.0,0.0,0.0,0.0,0.0,0.0,0.0,0.0,0.01678792753834194,0.016651341876362434,115
1.4199999999999544,-0.0013345797742953967,0.04246797522143727,1.9996810465094734,-1.4807898124683243,5.767828174426557,2.736640275959121,-1.580000000000156,3.2211642180180347,63.48100358847939,-0.08373369102524116,0.0,0.0,0.0,5.02402146151447,0.0,0.0,0.0,0.0,0.0,0.0,0.0,0.0,0.0,0.0,0.0,0.011191951692227961,0.011100894584241622,113
1.4399999999999522,-0.0014456606784356894,0.04516845188520042,1.9996683061867442,-1.5282018249808915,5.983614924720486,2.701999259807743,-1.5600000000001581,3.1825946557768607,64.9545027486502,-0.0558224606834941,0.0,0.0,0.0,3.349347641009646,0.0,0.0,0.0,0.0,0.0,0.0,0.0,0.0,0.0,0.0,0.0,0.0074613011281519735,0.007400596389494415,112
1.45999999999995,-0.0015634302601004908,0.047945902358703905,1.9996555921602917,-1.5594742780017534,6.187426306159053,2.6673582436563654,-1.5400000000001604,3.144070658724351,66.47580879719087,-0.03721497378899607,0.0,0.0,0.0,2.232898427339764,0.0,0.0,0.0,0.0,0.0,0.0,0.0,0.0,0.0,0.0,0.0,0.004974200752101315,0.004933730926329609,118
1.4799999999999478,-0.0016883373897931004,0.0508016455432284,1.9996428671300244,-1.5720182751837788,6.376460369725895,2.6327172275049877,-1.5200000000001626,3.105594179691893,68.04764695021561,-0.024809982525997375,0.0,0.0,0.0,1.4885989515598426,0.0,0.0,0.0,0.0,0.0,0.0,0.0,0.0,0.0,0.0,0.0,0.00331613383473421,0.003289153950886406,119
1.4999999999999456,-0.001820702475140684,0.05373572723393971,1.9996301290970326,-1.5654148444952936,6.549619101204735,2.59807621135361,-1.5000000000001648,3.067166545451083,69.67340559084393,-0.016539988350664916,0.0,0.0,0.0,0.992399301039895,0.0,0.0,0.0,0.0,0.0,0.0,0.0,0.0,0.0,0.0,0.0,0.0022107558898228066,0.02799256290224213,119
1.5199999999999434,-0.001960734157567403,0.05674716908600199,1.9996174033546976,-1.5848843029984307,6.747285048873763,2.5634351952022323,-1.480000000000167,3.0287883401493185,71.35696468049488,-0.28880443667822114,0.0,0.0,0.0,17.328266200693268,0.0,0.0,0.0,0.0,0.0,0.0,0.0,0.0,0.0,0.0,0.0,0.02731363054153562,0.018661708601494752,127
1.5399999999999412,-0.002108861177004453,0.05983684146303749,1.9996046628308652,-1.6924263166449665,7.0275434849730445,2.5287941790508546,-1.4600000000001692,2.990459543690634,73.1022624557003,-0.4703140688965919,0.0,0.0,0.0,28.218844133795514,0.0,0.0,0.0,0.0,0.0,0.0,0.0,0.0,0.0,0.0,0.0,0.04404888030934416,0.012441139067663167,129
1.559999999999939,-0.0022662378170815825,0.06301138713737224,1.99959171504806,-1.9174499085850685,7.421601351286294,2.494153162899477,-1.4400000000001714,2.9521812918577615,74.9100691635204,-0.5913204903755057,0.0,0.0,0.0,35.479229422530345,0.0,0.0,0.0,0.0,0.0,0.0,0.0,0.0,0.0,0.0,0.0,0.05520571348788319,0.008294092711775444,134
1.5799999999999368,-0.002435070149191259,0.06628493733788769,1.9995781223896754,-2.2242369902337864,7.903170052946366,2.459512146748099,-1.4200000000001736,2.9139583423301967,76.7760247462649,-0.3942136602503371,0.0,0.0,0.0,23.652819615020228,0.0,0.0,0.0,0.0,0.0,0.0,0.0,0.0,0.0,0.0,0.0,0.03680380899192212,0.0055293951411836285,132
1.5999999999999346,-0.002618483465407245,0.06967684122890523,1.9995632215630719,-2.5481430037947206,8.418270659436176,2.4248711305967214,-1.4000000000001758,2.8758002697904863,78.69246503655751,-0.26280910683355807,0.0,0.0,0.0,15.768546410013485,0.0,0.0,0.0,0.0,0.0,0.0,0.0,0.0,0.0,0.0,0.0,0.024535872661281412,0.003686263427455752,137
1.6199999999999324,-0.0028201043082635275,0.07320777463066473,1.999546225230724,-2.8941058509760174,8.974142805310574,2.3902301144453437,-1.380000000000178,2.8377202178509413,80.65315645432338,-0.4529838490001499,0.0,0.0,0.0,27.179030940008992,0.0,0.0,0.0,0.0,0.0,0.0,0.0,0.0,0.0,0.0,0.0,0.04219704172250802,0.02825730255328836,151
1.6399999999999302,-0.003044088139438548,0.07689953870123259,1.9995262100907338,-3.2555585133895364,9.56823981915474,2.355589098293966,-1.3600000000001802,2.799732557162515,82.65599683755642,-0.3019892326667666,0.0,0.0,0.0,18.119353960005995,0.0,0.0,0.0,0.0,0.0,0.0,0.0,0.0,0.0,0.0,0.0,0.028131361148338682,0.044637995303843436,149
1.659999999999928,-0.0032950790268580204,0.08077451377311498,1.9995021371334556,-3.588099814666031,10.162505938525904,2.3209480821425883,-1.3400000000001824,2.7618528231863118,84.6985831026245,-0.2013261551111777,0.0,0.0,0.0,12.079569306670663,0.0,0.0,0.0,0.0,0.0,0.0,0.0,0.0,0.0,0.0,0.0,0.01875424076555912,0.05555845713754681,143
1.6799999999999258,-0.0035777579041205297,0.08485295682035052,1.999473011913044,-3.866615627567696,10.734454336489716,2.2863070659912106,-1.3200000000001846,2.7240974173289256,86.77873237060808,-0.13421743674078515,0.0,0.0,0.0,8.053046204447108,0.0,0.0,0.0,0.0,0.0,0.0,0.0,0.0,0.0,0.0,0.0,0.012502827177039414,0.0628387650266824,147
1.6999999999999236,-0.0038965093156594975,0.0891515756437274,1.9994380090359678,-4.122898295743709,11.31199860760784,2.251666049839833,-1.3000000000001868,2.6864818284719507,88.89808971824023,-0.36725606893830126,0.0,0.0,0.0,22.035364136298075,0.0,0.0,0.0,0.0,0.0,0.0,0.0,0.0,0.0,0.0,0.0,0.03417501139968002,0.06769230361943945,147
1.7199999999999214,-0.004255713826879123,0.09368548532436195,1.9993963695311732,-4.412872385340971,11.946490463255165,2.217025033688455,-1.280000000000189,2.6490196062339533,91.06095745784046,-0.5226151570699786,0.0,0.0,0.0,31.35690942419872,0.0,0.0,0.0,0.0,0.0,0.0,0.0,0.0,0.0,0.0,0.0,0.04862313421477377,0.04512820241295963,158
1.7399999999999192,-0.004660402444120658,0.09847143460839027,1.999347173324763,-4.720545787348855,12.625788856618055,2.1823840175370774,-1.2600000000001912,2.6117236332053535,93.26891919048774,-0.34841010471331907,0.0,0.0,0.0,20.904606282799143,0.0,0.0,0.0,0.0,0.0,0.0,0.0,0.0,0.0,0.0,0.0,0.03241542280984917,0.0816850554786088,150
1.759999999999917,-0.005116214111414345,0.10352721822711528,1.9992893737484612,-5.0404981574838885,13.346291440549345,2.1477430013856997,-1.2400000000001934,2.5746083896004586,95.51774321904725,-0.5100511809199905,0.0,0.0,0.0,30.60307085519943,0.0,0.0,0.0,0.0,0.0,0.0,0.0,0.0,0.0,0.0,0.0,0.04745007515488653,0.08025649725405705,160
1.7799999999999148,-0.005629343966889389,0.10887111262406997,1.999221830070506,-5.360968644313553,14.09905747739321,2.113101985234322,-1.2200000000001956,2.5376896368268014,97.80328445772975,-0.34003412061332694,0.0,0.0,0.0,20.402047236799618,0.0,0.0,0.0,0.0,0.0,0.0,0.0,0.0,0.0,0.0,0.0,0.05747317671824477,0.0535043315027047,158
1.7999999999999126,-0.006206439064454107,0.11452124834378717,1.9991433635900715,-5.679885903865283,14.882847926146397,2.0784609690829443,-1.2000000000001978,2.500984103279033,100.12154049984936,-0.5044671915199958,0.0,0.0,0.0,30.268031491199746,0.0,0.0,0.0,0.0,0.0,0.0,0.0,0.0,0.0,0.0,0.0,0.08999503770880402,0.061469347936787655,169
1.8199999999999104,-0.006854550822224195,0.12049528928020904,1.9990527860940939,-5.98821638572173,15.690516743312873,2.0438199529315666,-1.1800000000002,2.4645090887975574,102.46895746663374,-0.33631146101333054,0.0,0.0,0.0,20.17868766079983,0.0,0.0,0.0,0.0,0.0,0.0,0.0,0.0,0.0,0.0,0.0,0.08583648508752309,0.06677935889284296,167
1.8399999999999082,-0.007580953199671508,0.12680974665581723,1.9989489821384099,-6.24214967621704,16.48197736628109,2.009178936780189,-1.1600000000002022,2.428282276631072,104.84195094054206,-0.22420764067555368,0.0,0.0,0.0,13.45245844053322,0.0,0.0,0.0,0.0,0.0,0.0,0.0,0.0,0.0,0.0,0.0,0.057224323391682055,0.07031936619687983,173
1.859999999999906,-0.008392355949377754,0.13347739515099513,1.9988312062566307,-6.418879801983332,17.234177811347994,1.9745379206288112,-1.1400000000002044,2.392321233145555,107.23789187746881,-0.1494717604503691,0.0,0.0,0.0,8.968305627022147,0.0,0.0,0.0,0.0,0.0,0.0,0.0,0.0,0.0,0.0,0.0,0.03814954892778803,0.07267937106623774,173
1.8799999999999037,-0.009294386332792972,0.1405060625428414,1.9986992484657684,-6.553199905212709,17.975186920129634,1.9398969044774335,-1.1200000000002066,2.3566413651233336,109.66014379857884,-0.3774256180780239,0.0,0.0,0.0,22.645537084681433,0.0,0.0,0.0,0.0,0.0,0.0,0.0,0.0,0.0,0.0,0.0,0.051272825900179106,0.07425270764580968,181
1.8999999999999015,-0.010292099174405218,0.14790076234874006,1.9985532009051181,-6.70427386126126,18.7569707814411,1.9052558883260557,-1.1000000000002088,2.3212548144985683,112.11619950492621,-0.5293948564964605,0.0,0.0,0.0,31.763691389787624,0.0,0.0,0.0,0.0,0.0,0.0,0.0,0.0,0.0,0.0,0.0,0.060021677215106484,0.049501805097206454,177
1.9199999999998993,-0.011391027426629117,0.15566706606551314,1.998393060001247,-6.859824098322262,19.56855045148929,1.870614872174678,-1.080000000000211,2.2861720185313685,114.60958263937837,-0.35292990433097354,0.0,0.0,0.0,21.175794259858414,0.0,0.0,0.0,0.0,0.0,0.0,0.0,0.0,0.0,0.0,0.0,0.040014451476737656,0.08460079060144002,174
1.9399999999998971,-0.012597024940179244,0.16381052755019423,1.9982188005218593,-6.974207674880624,20.367411773445685,1.8359738560233003,-1.0600000000002132,2.2514044253642607,117.13506809364158,-0.23528660288731568,0.0,0.0,0.0,14.117196173238941,0.0,0.0,0.0,0.0,0.0,0.0,0.0,0.0,0.0,0.0,0.0,0.02667630098449177,0.08220032066927786,198
1.959999999999895,-0.01391539481054297,0.17233425408644296,1.9980306810097794,-7.067325762518859,21.169073843685712,1.8013328398719226,-1.0400000000002154,2.216964068712188,119.6880759648619,-0.4346355130359883,0.0,0.0,0.0,26.0781307821593,0.0,0.0,0.0,0.0,0.0,0.0,0.0,0.0,0.0,0.0,0.0,0.043623993937981595,0.08060000738116976,193
1.9799999999998927,-0.01535123128159506,0.1812399893916785,1.9978291000537574,-7.188724652554486,22.01753146538307,1.766691823720545,-1.0200000000002176,2.1828615108079954,122.270809717381,-0.5675347864684367,0.0,0.0,0.0,34.0520871881062,0.0,0.0,0.0,0.0,0.0,0.0,0.0,0.0,0.0,0.0,0.0,0.08076224918862857,0.07953313185576437,192
1.9999999999998905,-0.016910662867549504,0.190531273825844,1.9976141777229943,-7.4077272476315175,22.977188858858895,1.7320508075691672,-1.0000000000002198,2.149106715545366,124.88260987896126,-0.9339120798678467,0.0,0.0,0.0,56.034724792070804,0.0,0.0,0.0,0.0,0.0,0.0,0.0,0.0,0.0,0.0,0.0,0.10552108602239321,0.05302208790384291,191
2.0199999999998886,-0.018602552962287727,0.20021713184981968,1.9973852442846056,-7.706289342038255,24.036591877631388,1.6974097914177895,-0.9800000000002198,2.1157118497512886,127.51190070297608,-0.6226080532452312,0.0,0.0,0.0,37.35648319471387,0.0,0.0,0.0,0.0,0.0,0.0,0.0,0.0,0.0,0.0,0.0,0.07034739068159547,0.061147852204213135,204
2.0399999999998863,-0.020438459584269677,0.2103111777540777,1.997140937595415,-8.036489201863008,25.155591118491998,1.6627687752664118,-0.9600000000002198,2.082694812334394,130.1311747166973,-0.6928498132745985,0.0,0.0,0.0,41.57098879647591,0.0,0.0,0.0,0.0,0.0,0.0,0.0,0.0,0.0,0.0,0.0,0.07273805373605073,0.06656502840445995,217
2.059999999999884,-0.022431692630643433,0.22082879886030823,1.9968795629333607,-8.404841773450862,26.34309333149269,1.628127759115034,-0.9400000000002198,2.050078784453946,132.7105052553962,-0.7396776532941768,0.0,0.0,0.0,44.38065919765061,0.0,0.0,0.0,0.0,0.0,0.0,0.0,0.0,0.0,0.0,0.0,0.07433182910568757,0.09597627280627569,203
2.079999999999882,-0.024597524935514932,0.23178715797153657,1.9965990547449532,-8.810551013524654,27.60181106349836,1.5934867429636563,-0.9200000000002198,2.0178899229488376,135.2253902108566,-0.7708962133072289,0.0,0.0,0.0,46.25377279843374,0.0,0.0,0.0,0.0,0.0,0.0,0.0,0.0,0.0,0.0,0.0,0.0753943460187788,0.06398418187085045,185
2.0999999999998797,-0.026953345848076994,0.24320503646668976,1.9962969586173067,-9.248500393931456,28.93070138277618,1.5588457268122786,-0.9000000000002197,1.986157577263218,137.64712549921418,-0.7917085866492638,0.0,0.0,0.0,47.50251519895583,0.0,0.0,0.0,0.0,0.0,0.0,0.0,0.0,0.0,0.0,0.0,0.07610269062750628,0.06845591484888482,216
2.1199999999998775,-0.029518675031070408,0.25510239959208514,1.9959704581473454,-9.711235527782657,30.326550851793943,1.524204710660901,-0.8800000000002197,1.954914363026997,139.94299888994635,-0.8055835022106203,0.0,0.0,0.0,48.335010132637215,0.0,0.0,0.0,0.0,0.0,0.0,0.0,0.0,0.0,0.0,0.0,0.10241471364831169,0.0714370701675744,211
2.1399999999998753,-0.03231516658058947,0.26749997429580935,1.9956164021286713,-10.219096578812366,31.81157609611396,1.4895636945095232,-0.8600000000002197,1.9241959500045434,142.07728622983726,-1.0,0.0,0.0,0.0,65.55667342175815,0.0,0.0,0.0,0.0,0.0,0.0,0.0,0.0,0.0,0.0,0.0,0.11995606232884862,0.0734245070467008,217
2.159999999999873,-0.03536724836557292,0.2804198623405,1.9952311221266643,-10.73985309371615,33.36118866503671,1.4549226783581455,-0.8400000000002197,1.8940408326645948,144.01126044023587,-0.7284074824639793,0.0,0.0,0.0,43.70444894783876,0.0,0.0,0.0,0.0,0.0,0.0,0.0,0.0,0.0,0.0,0.0,0.07997070821923241,0.07474946496611838,203
2.179999999999871,-0.038701285213840836,0.2938837729694017,1.994810753697203,-11.231687621892535,34.93945931930629,1.4202816622067678,-0.8200000000002197,1.8644912109790073,145.69761897651588,-0.7633827660870974,0.0,0.0,0.0,45.802965965225845,0.0,0.0,0.0,0.0,0.0,0.0,0.0,0.0,0.0,0.0,0.0,0.07915359876114202,0.049832976644078916,218
2.1999999999998687,-0.04234415223312853,0.3079107353017822,1.9943517266263668,-11.698607499689503,36.55107264758426,1.38564064605539,-0.8000000000002196,1.8355912477527145,147.09302891609923,-0.7866996218358426,0.0,0.0,0.0,47.20197731015056,0.0,0.0,0.0,0.0,0.0,0.0,0.0,0.0,0.0,0.0,0.0,0.0786088591224151,0.059021778031037135,218
2.2199999999998665,-0.04632299088426762,0.3225169179307875,1.9938508402292714,-12.098709053571346,38.158010451343515,1.3509996299040123,-0.7800000000002196,1.8073844871893299,148.16416827289913,-0.5244664145572284,0.0,0.0,0.0,31.467984873433707,0.0,0.0,0.0,0.0,0.0,0.0,0.0,0.0,0.0,0.0,0.0,0.07824569936326381,0.0909474392239938,215
2.2399999999998643,-0.05066339302929075,0.33771355462912384,1.9933058583342393,-12.373801228728464,39.703611959783956,1.3163586137526346,-0.7600000000002196,1.7799134453834025,148.8784008793519,-0.3496442763714856,0.0,0.0,0.0,20.978656582289137,0.0,0.0,0.0,0.0,0.0,0.0,0.0,0.0,0.0,0.0,0.0,0.05216379957550921,0.11223121335263159,224
2.259999999999862,-0.055386816647085356,0.3535044197869105,1.9927162946763886,-12.540266907188695,41.19627471054486,1.281717597601257,-0.7400000000002196,1.7532167654274022,149.21824972868663,-0.5108739620254349,0.0,0.0,0.0,30.65243772152609,0.0,0.0,0.0,0.0,0.0,0.0,0.0,0.0,0.0,0.0,0.0,0.0864554529469803,0.12642039610505676,224
2.27999999999986,-0.06051048848358384,0.3698866487014076,1.992083287470273,-12.606936936671845,42.63785441236726,1.2470765814498792,-0.7200000000002196,1.7273254421386963,149.19012084592126,-0.34058264135028987,0.0,0.0,0.0,20.434958481017393,0.0,0.0,0.0,0.0,0.0,0.0,0.0,0.0,0.0,0.0,0.0,0.0576369686313202,0.11008005767168902,235
2.2999999999998577,-0.06604731037684503,0.38685146576593066,1.991409462011048,-12.548208190534659,43.99694151109719,1.2124355652985015,-0.7000000000002196,1.702263060402985,148.80457130055322,-0.2270550942335266,0.0,0.0,0.0,13.623305654011595,0.0,0.0,0.0,0.0,0.0,0.0,0.0,0.0,0.0,0.0,0.0,0.03842464575421346,0.12498629231776173,211
2.3199999999998555,-0.07200461020698175,0.4043835838892376,1.9906991350215506,-12.400319323207901,45.29747882711601,1.1777945491471238,-0.6800000000002195,1.6780459973958066,148.07684580873325,-0.42914784060012884,0.0,0.0,0.0,25.74887043600773,0.0,0.0,0.0,0.0,0.0,0.0,0.0,0.0,0.0,0.0,0.0,0.10313581034777022,0.109123988480159,219
2.3399999999998533,-0.0783852027371076,0.4224629588198259,1.9899577548219607,-12.183750674749595,46.55065329242054,1.143153532995746,-0.6600000000002195,1.6546819035151537,147.0381431612262,-0.2860985604000859,0.0,0.0,0.0,17.165913624005153,0.0,0.0,0.0,0.0,0.0,0.0,0.0,0.0,0.0,0.0,0.0,0.06875720689851347,0.12434891285674171,231
2.359999999999851,-0.08518809206208923,0.44106597997687197,1.9891915025030655,-11.879114154213523,47.730327515663696,1.1085125168443684,-0.6400000000002195,1.6321714942987742,145.7159429143909,-0.19073237360005724,0.0,0.0,0.0,11.443942416003434,0.0,0.0,0.0,0.0,0.0,0.0,0.0,0.0,0.0,0.0,0.0,0.045838137932342315,0.08289927523782781,234
2.379999999999849,-0.09240766953890059,0.4601651086651384,1.988407354001658,-11.524979294168114,48.86324935063242,1.0738715006929906,-0.6200000000002195,1.6105097393016994,144.13647088760118,-0.40493269351114924,0.0,0.0,0.0,24.295961610668954,0.0,0.0,0.0,0.0,0.0,0.0,0.0,0.0,0.0,0.0,0.0,0.08223834518486904,0.10686577069518759,207
2.3999999999998467,-0.10003539767092415,0.47973071123904,1.9876124445102272,-11.184226656653847,50.0015314785465,1.039230484541613,-0.6000000000002195,1.589684922975646,142.3383717247182,-0.5477329067852106,0.0,0.0,0.0,32.863974407112636,0.0,0.0,0.0,0.0,0.0,0.0,0.0,0.0,0.0,0.0,0.0,0.08066535673823311,0.07124384713012505,209
2.4199999999998445,-0.10806290463182439,0.4997338741309535,1.9868131897139008,-10.89320419660508,51.17596075114406,1.0045894683902352,-0.5800000000002195,1.5696810538124506,140.3500690235863,-0.6429330489679183,0.0,0.0,0.0,38.57598293807509,0.0,0.0,0.0,0.0,0.0,0.0,0.0,0.0,0.0,0.0,0.0,0.1054564910554629,0.07329569168840122,214
2.4399999999998423,-0.11648404279625038,0.5201480391482394,1.9860148437388871,-10.670814774713788,52.40352618417706,0.9699484522388575,-0.5600000000002194,1.5504820005738402,138.17462217933777,-0.7063998104230566,0.0,0.0,0.0,42.383988625383395,0.0,0.0,0.0,0.0,0.0,0.0,0.0,0.0,0.0,0.0,0.0,0.09614412065196234,0.04886379445893414,217
2.45999999999984,-0.12529584434776525,0.5409495627386078,1.9852214116282707,-10.482187497811491,53.65254231539114,0.9353074360874798,-0.5400000000002194,1.532074063921233,135.79694511807125,-0.47093320694870433,0.0,0.0,0.0,28.25599241692226,0.0,0.0,0.0,0.0,0.0,0.0,0.0,0.0,0.0,0.0,0.0,0.06409608043464156,0.05837565657427395,221
2.479999999999838,-0.13449701929369282,0.5621163726211166,1.984436132596092,-10.312748068427165,54.90857090623388,0.9006664199361021,-0.5200000000002194,1.514446988946635,133.1929815867319,-0.591733249076914,0.0,0.0,0.0,35.503994944614846,0.0,0.0,0.0,0.0,0.0,0.0,0.0,0.0,0.0,0.0,0.0,0.09441030685306853,0.0389171043828493,207
2.4999999999998357,-0.14408698996100058,0.5836271457932763,1.9836617671626924,-10.147874542998418,56.15757594629217,0.8660254037847244,-0.5000000000002194,1.4975918749051043,0.0,-0.3944888327179427,0.0,0.0,0.0,23.669329963076564,0.0,0.0,0.0,0.0,0.0,0.0,0.0,0.0,0.0,0.0,0.0,0.06294020456871235,0.025944736255232866,11
2.5199999999998335,-0.15406493372011756,0.6054606487423351,1.982900834966765,-9.943661797645214,57.35672239503622,0.8313843876333467,-0.48000000000021936,1.4814998403481274,0.0,-0.2629925551452951,0.0,0.0,0.0,15.77955330871771,0.0,0.0,0.0,0.0,0.0,0.0,0.0,0.0,0.0,0.0,0.0,0.04196013637914157,0.017296490836821908,0
2.5399999999998313,-0.16442735411726123,0.6275942307544837,1.982156112022257,-9.678908013799399,58.48232457991073,0.7967433714819689,-0.46000000000021934,1.466160825547268,0.0,-0.17532837009686342,0.0,0.0,0.0,10.519702205811805,0.0,0.0,0.0,0.0,0.0,0.0,0.0,0.0,0.0,0.0,0.0,0.027973424252761045,0.011530993891214605,0
2.559999999999829,-0.17516666225365074,0.6500031714975952,1.981430838209943,-9.346788000177263,59.52291257451518,0.7621023553305912,-0.4400000000002193,1.4515608078403157,0.0,-0.11688558006457561,0.0,0.0,0.0,7.013134803874537,0.0,0.0,0.0,0.0,0.0,0.0,0.0,0.0,0.0,0.0,0.0,0.018648949501840695,0.007687329260809736,0
2.579999999999827,-0.18627063024675675,0.6726606417048481,1.9807287055491691,-8.949308807610896,60.474678957485764,0.7274613391792135,-0.4200000000002193,1.4376804022341718,0.0,-0.07792372004305041,0.0,0.0,0.0,4.6754232025830245,0.0,0.0,0.0,0.0,0.0,0.0,0.0,0.0,0.0,0.0,0.0,0.01243263300122713,0.0051248861738731576,0
2.5999999999998247,-0.19772241838808063,0.6955379905604969,1.980053721064991,-8.493637695293033,61.338506042561356,0.6928203230278358,-0.4000000000002193,1.4244945674421519,0.0,-0.05194914669536694,0.0,0.0,0.0,3.116948801722016,0.0,0.0,0.0,0.0,0.0,0.0,0.0,0.0,0.0,0.0,0.0,0.008288422000818085,0.0034165907825821048,0
2.6199999999998225,-0.20950096420614736,0.7186051860567065,1.9794100103982137,-7.989686914576692,62.1180380077922,0.6581793068764581,-0.3800000000002193,1.4119729873810416,0.0,-0.03463276446357796,0.0,0.0,0.0,2.0779658678146773,0.0,0.0,0.0,0.0,0.0,0.0,0.0,0.0,0.0,0.0,0.0,0.005525614667212056,0.0022777271883880697,0
2.6399999999998203,-0.22158158363493963,0.7418313069724062,1.9788016079875383,-7.448540845258187,62.81844128061723,0.6235382907250804,-0.36000000000021926,1.4000808388550146,0.0,-0.0230885096423853,0.0,0.0,0.0,1.3853105785431181,0.0,0.0,0.0,0.0,0.0,0.0,0.0,0.0,0.0,0.0,0.0,0.003683743111474704,0.0015184847922587131,0
2.659999999999818,-0.233936679391376,0.765185029835619,1.978232263798016,-6.881447243613625,63.44561648359057,0.5888972745737027,-0.34000000000021924,1.3887797531960266,0.0,-0.015392339761590202,0.0,0.0,0.0,0.9235403856954121,0.0,0.0,0.0,0.0,0.0,0.0,0.0,0.0,0.0,0.0,0.0,0.002455828740983136,0.001012323194839142,0
2.679999999999816,-0.246536484241982,0.788635080989558,1.9777052842219778,-6.299186118303195,64.00570525997315,0.554256258422325,-0.3200000000002192,1.3780288459645573,0.0,-0.010261559841060135,0.0,0.0,0.0,0.615693590463608,0.0,0.0,0.0,0.0,0.0,0.0,0.0,0.0,0.0,0.0,0.0,0.001637219160655424,0.0006748821298927614,0
2.6999999999998137,-0.25934979043007156,0.8121506394627254,1.9772234154645703,-5.7116912888436815,64.50478854928507,0.5196152422709472,-0.3000000000002192,1.367785733898646,0.0,-0.006841039894040089,0.0,0.0,0.0,0.41046239364240533,0.0,0.0,0.0,0.0,0.0,0.0,0.0,0.0,0.0,0.0,0.0,0.0010914794404369493,0.0004499214199285076,0
2.7199999999998115,-0.2723446335767894,0.8357016851832967,1.976788771035437,-5.127840832952935,64.94870827537866,0.48497422611956953,-0.2800000000002192,1.3580074888717804,0.0,-0.0045606932626933916,0.0,0.0,0.0,0.2736415957616035,0.0,0.0,0.0,0.0,0.0,0.0,0.0,0.0,0.0,0.0,0.0,0.0007276529602912995,0.0002999476132856717,0
2.7399999999998093,-0.2854889116446314,0.8592592919637152,1.9764028004727734,-4.555360105382247,65.34296789918871,0.4503332099681918,-0.26000000000021917,1.348651499358963,0.0,-0.0030404621751289277,0.0,0.0,0.0,0.18242773050773567,0.0,0.0,0.0,0.0,0.0,0.0,0.0,0.0,0.0,0.0,0.0,0.00048510197352753294,0.00019996507552378113,0
2.759999999999807,-0.2987509283542402,0.8827958673011526,1.976066293694837,-4.00079935318806,65.69268284183073,0.4156921938168141,-0.24000000000021915,1.339676223991429,0.0,-0.002026974783419285,0.0,0.0,0.0,0.12161848700515711,0.0,0.0,0.0,0.0,0.0,0.0,0.0,0.0,0.0,0.0,0.0,0.0003234013156850219,0.00013331005034918742,0
2.779999999999805,-0.3120998567066841,0.9062853423867449,1.9757794140004008,-3.4695602111677344,66.00256204339128,0.3810511776654364,-0.22000000000021913,1.3310418313276506,0.0,-0.0013513165222795234,0.0,0.0,0.0,0.0810789913367714,0.0,0.0,0.0,0.0,0.0,0.0,0.0,0.0,0.0,0.0,0.0,0.00021560087712334795,8.887336689945827e-05,0
2.7999999999998026,-0.3255061226549565,0.9297033163598115,1.9755417523616379,-2.9659535738981706,66.27690865236752,0.3464101615140587,-0.2000000000002191,1.322710726392217,0.0,-0.0009008776815196823,0.0,0.0,0.0,0.05405266089118094,0.0,0.0,0.0,0.0,0.0,0.0,0.0,0.0,0.0,0.0,0.0,0.00014373391808223196,5.924891126630551e-05,0
2.8199999999998004,-0.3389417119755474,0.9530271590998998,1.9753523959630424,-2.4932768630831363,66.51963222099036,0.31176914536268097,-0.1800000000002191,1.3146479687748691,0.0,-0.0006005851210131216,0.0,0.0,0.0,0.03603510726078729,0.0,0.0,0.0,0.0,0.0,0.0,0.0,0.0,0.0,0.0,0.0,9.58226120548213e-05,3.9499274177537007e-05,0
2.8399999999997982,-0.3523804053690713,0.9762360768923788,1.9752100046875123,-2.053902440578811,66.7342676048563,0.27712812921130325,-0.16000000000021908,1.3068215897746343,0.0,-0.00040039008067541435,0.0,0.0,0.0,0.02402340484052486,0.0,0.0,0.0,0.0,0.0,0.0,0.0,0.0,0.0,0.0,0.0,6.388174136988086e-05,2.6332849451691338e-05,0
2.859999999999796,-0.36579794803223853,0.9993111452252773,1.9751128902392658,-1.6493714553013858,66.92399756348479,0.24248711305992554,-0.14000000000021906,1.2992028176575845,0.0,-0.0002669267204502762,0.0,0.0,0.0,0.016015603227016572,0.0,0.0,0.0,0.0,0.0,0.0,0.0,0.0,0.0,0.0,0.0,4.258782757992057e-05,1.7555232967794223e-05,0
2.879999999999794,-0.3791721605913308,1.0222353128257038,1.9750590936753563,-1.2804891521081339,67.0916771885203,0.20784609690854783,-0.12000000000021904,1.2917662208833196,0.0,-0.0001779511469668508,0.0,0.0,0.0,0.010677068818011047,0.0,0.0,0.0,0.0,0.0,0.0,0.0,0.0,0.0,0.0,0.0,2.839188505328038e-05,1.1703488645196147e-05,0
2.8999999999997916,-0.39248299852210733,1.0449933808507108,1.9750464581878822,-0.9474188755816103,67.239858986741,0.17320508075717012,-0.10000000000021902,1.2844897793727372,0.0,-0.00011863409797790052,0.0,0.0,0.0,0.007118045878674031,0.0,0.0,0.0,0.0,0.0,0.0,0.0,0.0,0.0,0.0,0.0,1.8927923368853584e-05,7.802325763464097e-06,0
2.9199999999997894,-0.4057125671199742,1.0675719609256986,1.975072694967306,-0.6497728462756037,67.37081787391602,0.1385640646057924,-0.08000000000021901,1.277354893708123,0.0,-7.908939865193366e-05,0.0,0.0,0.0,0.00474536391911602,0.0,0.0,0.0,0.0,0.0,0.0,0.0,0.0,0.0,0.0,0.0,1.2618615579235721e-05,5.201550508976065e-06,0
2.9399999999997872,-0.41884509881755927,1.0899594154835335,1.9751354408413744,-0.3866983878452192,67.48657559648765,0.10392304845441487,-0.06000000000021899,1.270346341704613,0.0,-5.272626576795578e-05,0.0,0.0,0.0,0.0031635759460773467,0.0,0.0,0.0,0.0,0.0,0.0,0.0,0.0,0.0,0.0,0.0,8.412410386157147e-06,3.4677003393173764e-06,0
2.959999999999785,-0.4318668992437221,1.1121457836067352,1.975232307103309,-0.15695871821396573,67.58892425785173,0.06928203230303744,-0.04000000000021897,1.2634521911667478,0.0,-3.515084384530385e-05,0.0,0.0,0.0,0.002109050630718231,0.0,0.0,0.0,0.0,0.0,0.0,0.0,0.0,0.0,0.0,0.0,5.608273590771431e-06,2.311800226211584e-06,0
2.979999999999783,-0.44476626793085894,1.1341226953188985,1.9753609195125197,0.04099226169384228,67.67944872677923,0.03464101615165988,-0.020000000000218954,1.2566636769180382,0.0,-2.343389589686923e-05,0.0,0.0,0.0,0.0014060337538121539,0.0,0.0,0.0,0.0,0.0,0.0,0.0,0.0,0.0,0.0,0.0,3.7388490605142873e-06,1.5412001508077226e-06,0
2.9999999999997806,-0.45753339904517365,1.1558832770143912,1.9755189498774084,0.20894150757722496,67.7595477730026,2.8232494467261837e-13,-2.1895723081866159e-13,1.2499750494187105,0.0,-1.5622597264579486e-05,0.0,0.0,0.0,0.0009373558358747692,0.0,0.0,0.0,0.0,0.0,0.0,0.0,0.0,0.0,0.0,0.0,2.492566040342858e-06,1.0274667672051484e-06,0
3.0199999999997784,-0.47016026696579927,1.1774220504608057,1.9757041399265383,0.3488548419147557,67.83045382426708,-0.03464101615109523,0.01999999999978104,1.2433834015054348,0.0,-1.0415064843052991e-05,0.0,0.0,0.0,0.0006249038905831795,0.0,0.0,0.0,0.0,0.0,0.0,0.0,0.0,0.0,0.0,0.0,1.6617106935619052e-06,6.849778448034322e-07,0
3.039999999999776,-0.48264050099344746,1.1987348275594316,1.975914318359104,0.4628214345251419,67.89325127853499,-0.06928203230247278,0.03999999999978106,1.2368884790231938,0.0,-6.943376562035327e-06,0.0,0.0,0.0,0.0004166025937221196,0.0,0.0,0.0,0.0,0.0,0.0,0.0,0.0,0.0,0.0,0.0,1.1078071290412701e-06,4.566518965356215e-07,0
3.059999999999774,-0.4949692529414274,1.2198186028073026,1.9761474120577536,0.5530046422592045,67.94889333870717,-0.10392304845385021,0.059999999999781076,1.2304924803908164,0.0,-4.628917708023551e-06,0.0,0.0,0.0,0.00027773506248141304,0.0,0.0,0.0,0.0,0.0,0.0,0.0,0.0,0.0,0.0,0.0,7.385380860275134e-07,3.044345976904143e-07,0
3.079999999999772,-0.5071430608604199,1.2406714451717593,1.9764014524656937,0.6215990096151539,67.9982173669602,-0.13856406460522774,0.0799999999997811,1.2241998494584412,0.0,-3.085945138682367e-06,0.0,0.0,0.0,0.000185156708320942,0.0,0.0,0.0,0.0,0.0,0.0,0.0,0.0,0.0,0.0,0.0,4.923587240183422e-07,2.029563984602762e-07,0
3.0999999999997696,-0.5191597116788106,1.2612923908662115,1.9766745780940376,0.6707931645661485,68.04195878208424,-0.17320508075660546,0.09999999999978111,1.2180170653828375,0.0,-2.057296759121578e-06,0.0,0.0,0.0,0.00012343780554729467,0.0,0.0,0.0,0.0,0.0,0.0,0.0,0.0,0.0,0.0,0.0,3.2823914934556145e-07,1.3530426564018413e-07,0
3.1199999999997674,-0.5310181051056386,1.2816813383047951,1.9769650340508065,0.7027382924338835,68.08076354595032,-0.20784609690798317,0.11999999999978113,1.2119524326671727,0.0,-1.3715311727477185e-06,0.0,0.0,0.0,8.229187036486311e-05,0.0,0.0,0.0,0.0,0.0,0.0,0.0,0.0,0.0,0.0,0.0,2.1882609956370762e-07,9.020284376012275e-08,0
3.139999999999765,-0.5427181207445434,1.301838946314616,1.9772711693839933,0.7195218327321312,68.11519930418436,-0.24248711305936088,0.13999999999978113,1.2060158739854603,0.0,-9.143541151651457e-07,0.0,0.0,0.0,5.486124690990874e-05,0.0,0.0,0.0,0.0,0.0,0.0,0.0,0.0,0.0,0.0,0.0,1.4588406637580508e-07,6.013522917341516e-08,0
3.159999999999763,-0.5542604900045222,1.3217665364978066,1.9775914329192321,0.7231460175897314,68.1457652610684,-0.2771281292107386,0.15999999999978115,1.200218727937036,0.0,-6.095694101100971e-07,0.0,0.0,0.0,3.6574164606605824e-05,0.0,0.0,0.0,0.0,0.0,0.0,0.0,0.0,0.0,0.0,0.0,9.725604425053671e-08,4.009015278227677e-08,0
3.179999999999761,-0.565646674066122,1.3414660004621095,1.9779243681570422,0.715510854038328,68.17290087958591,-0.3117691453621163,0.17999999999978117,1.1945735534509239,0.0,-4.0637960674006467e-07,0.0,0.0,0.0,2.438277640440388e-05,0.0,0.0,0.0,0.0,0.0,0.0,0.0,0.0,0.0,0.0,0.0,6.483736283369114e-08,2.6726768521517845e-08,0
3.1999999999997586,-0.5768787488686822,1.3609397124784868,1.978268607682304,0.6984011447306154,68.19699350450581,-0.346410161513494,0.1999999999997812,1.1890939421812203,0.0,-2.7091973782670976e-07,0.0,0.0,0.0,1.6255184269602587e-05,0.0,0.0,0.0,0.0,0.0,0.0,0.0,0.0,0.0,0.0,0.0,4.322490855579409e-08,1.7817845681011897e-08,0
3.2199999999997564,-0.5879592978238879,1.3801904479775087,1.978622867434401,0.6734771413009504,68.21838500976234,-0.38105117766487173,0.2199999999997812,1.1837943399001787,0.0,-1.8061315855113985e-07,0.0,0.0,0.0,1.083678951306839e-05,0.0,0.0,0.0,0.0,0.0,0.0,0.0,0.0,0.0,0.0,0.0,2.8816605703862726e-08,1.1878563787341265e-08,0
3.239999999999754,-0.5988913127315462,1.399221308163159,1.9789859410935213,0.6422684304615764,68.2373775715569,-0.41569219381624944,0.23999999999978122,1.1786898776027657,0.0,-1.2040877236742656e-07,0.0,0.0,0.0,7.224526342045593e-06,0.0,0.0,0.0,0.0,0.0,0.0,0.0,0.0,0.0,0.0,0.0,1.9211070469241815e-08,7.919042524894176e-09,0
3.259999999999752,-0.6096781031733141,1.4180356509031475,1.979356694758641,0.6061706640033556,68.25423866609447,-0.45033320996762716,0.25999999999978124,1.173796212782729,0.0,-8.027251491161769e-08,0.0,0.0,0.0,4.816350894697062e-06,0.0,0.0,0.0,0.0,0.0,0.0,0.0,0.0,0.0,0.0,0.0,1.2807380312827876e-08,5.279361683262784e-09,0
3.27999999999975,-0.6203232144873204,1.4366370279487461,1.9797340620263073,0.5664447591816368,68.26920538621471,-0.48497422611900487,0.27999999999978126,1.1691293811230654,0.0,-5.3515009941078465e-08,0.0,0.0,0.0,3.2109005964647078e-06,0.0,0.0,0.0,0.0,0.0,0.0,0.0,0.0,0.0,0.0,0.0,8.53825354188525e-09,3.5195744555085223e-09,0
3.2999999999997476,-0.6308303542792885,1.4550291284442627,1.9801170395261782,0.5242182146381253,68.2824881649311,-0.5196152422703826,0.2999999999997813,1.1647056586609739,0.0,-3.5676673294052306e-08,0.0,0.0,0.0,2.1406003976431385e-06,0.0,0.0,0.0,0.0,0.0,0.0,0.0,0.0,0.0,0.0,0.0,5.6921690279235e-09,2.3463829703390147e-09,0
3.3199999999997454,-0.64120332730204,1.4732157286061986,1.9805046829284843,0.4804882082419597,68.29427398656674,-0.5542562584217603,0.3199999999997813,1.1605414343363936,0.0,-2.378444886270154e-08,0.0,0.0,0.0,1.4270669317620923e-06,0.0,0.0,0.0,0.0,0.0,0.0,0.0,0.0,0.0,0.0,0.0,3.794779351949e-09,1.564255313559343e-09,0
3.339999999999743,-0.6514459784332415,1.4912006473843353,1.9808961034088202,0.43612616631278206,68.30472915823334,-0.588897274573138,0.3399999999997813,1.1566530927118208,0.0,-1.5856299241801026e-08,0.0,0.0,0.0,9.513779545080616e-07,0.0,0.0,0.0,0.0,0.0,0.0,0.0,0.0,0.0,0.0,0.0,2.5298529012993332e-09,1.0428368757062285e-09,0
3.359999999999741,-0.661562143399056,1.5089877078609066,1.981290464535447,0.39188351798126225,68.31400170623658,-0.6235382907245157,0.35999999999978133,1.153056906556723,0.0,-1.0570866161200683e-08,0.0,0.0,0.0,6.34251969672041e-07,0.0,0.0,0.0,0.0,0.0,0.0,0.0,0.0,0.0,0.0,0.0,1.6865686008662222e-09,6.952245838041523e-10,0
3.3799999999997388,-0.6715556068271342,1.5265807040988506,1.981686979531973,0.34839837339339547,68.3222234539324,-0.6581793068758934,0.37999999999978135,1.1497689389201102,0.0,-7.047244107467121e-09,0.0,0.0,0.0,4.228346464480273e-07,0.0,0.0,0.0,0.0,0.0,0.0,0.0,0.0,0.0,0.0,0.0,1.1243790672441481e-09,4.6348305586943486e-10,0
3.3999999999997366,-0.6814300671643148,1.543983373115214,1.9820849088622576,0.3062028895945448,68.3295118298542,-0.6928203230272711,0.39999999999978136,1.146804954267013,0.0,-4.698162738311413e-09,0.0,0.0,0.0,2.818897642986848e-07,0.0,0.0,0.0,0.0,0.0,0.0,0.0,0.0,0.0,0.0,0.0,7.49586044829432e-10,3.0898870391295657e-10,0
3.4199999999997344,-0.6911891079607073,1.561199371630148,1.9824835580832627,0.2657311128303696,68.3359714477639,-0.7274613391786489,0.4199999999997814,1.1441803382263045,0.0,-3.132108492207609e-09,0.0,0.0,0.0,1.8792650953245654e-07,0.0,0.0,0.0,0.0,0.0,0.0,0.0,0.0,0.0,0.0,0.0,4.99724029886288e-10,2.0599246927530437e-10,0
3.439999999999732,-0.7008361750008291,1.5782322572248038,1.982882275913904,0.22732711033364902,68.34169549376917,-0.7621023553300266,0.4399999999997814,1.1419100254855872,0.0,-2.088072328138406e-09,0.0,0.0,0.0,1.2528433968830436e-07,0.0,0.0,0.0,0.0,0.0,0.0,0.0,0.0,0.0,0.0,0.0,3.331493532575253e-10,1.373283128502029e-10,0
3.45999999999973,-0.710374558752506,1.5950854735318647,1.9832804524727086,0.19125322814949927,68.34676694986057,-0.7967433714814043,0.4599999999997814,1.1400084353712425,0.0,-1.3920482187589372e-09,0.0,0.0,0.0,8.352289312553623e-08,0.0,0.0,0.0,0.0,0.0,0.0,0.0,0.0,0.0,0.0,0.0,2.2209956883835018e-10,9.155220856680193e-11,0
3.4799999999997278,-0.7198073816037982,1.611762339079553,1.9836775176432122,0.1576983339632794,68.35125967817717,-0.831384387632782,0.47999999999978143,1.138489414665447,0.0,-9.280321458392915e-10,0.0,0.0,0.0,5.568192875035749e-08,0.0,0.0,0.0,0.0,0.0,0.0,0.0,0.0,0.0,0.0,0.0,1.4806637922556677e-10,6.103480571120128e-11,0
3.4999999999997256,-0.7291375893658184,1.6282660394128583,1.984072939532855,0.1267859250627177,68.35523938599192,-0.8660254037841597,0.49999999999978145,1.1373661872343475,0.0,-6.186880972261942e-10,0.0,0.0,0.0,3.7121285833571655e-08,0.0,0.0,0.0,0.0,0.0,0.0,0.0,0.0,0.0,0.0,0.0,9.871091948371118e-11,4.068987047413418e-11,0
