cond,az,v,r,trial,min_dist,final_y,final_x,final_yaw,peak_turn,mean_abs_turn,peak_gf,max_active
nobrain,-45,1.0,0.2,0,5.798785560154258e-13,0.0,0.0,0.0,0.0,0.0,0.0,0
real,-45,1.0,0.2,0,0.9775605046431932,1.6595429466188105,-0.4881501485857174,41.06107048200326,0.7691062117051601,0.048809523809523817,0.9042169192786644,186
real,-45,1.0,0.2,1,1.0297086724041733,1.7218936101548112,-0.5331826299502138,43.05794328153588,0.6940250961713883,0.05119047619047618,0.8034585195534657,185
real,-45,1.0,0.2,2,0.9971113374702382,1.6783355840928162,-0.48206796307332805,41.09384085316296,0.6501089297906752,0.048809523809523817,0.8678676425393612,195
nobrain,-45,1.0,0.3,0,5.798785560154258e-13,0.0,0.0,0.0,0.0,0.0,0.0,0
real,-45,1.0,0.3,0,1.21101645877396,1.9160710817073732,-0.6370000196099576,44.039151849294015,0.578989483310471,0.05238095238095239,0.8034426919310222,188
real,-45,1.0,0.3,1,1.2518737494754555,1.958837078120101,-0.6901227726864441,47.04684002961529,0.7015307566824026,0.05595238095238096,0.795300754166178,197
real,-45,1.0,0.3,2,1.2516489575466216,1.9587171451494307,-0.7033990830844832,48.052899147911525,0.8397157604950338,0.05714285714285714,0.8253803189880113,212
nobrain,-45,1.0,0.45,0,5.798785560154258e-13,0.0,0.0,0.0,0.0,0.0,0.0,0
real,-45,1.0,0.45,0,1.408807783696469,2.1144705264761168,-0.7708712567502422,47.04713490395959,0.46250221358323673,0.05595238095238096,0.8283153459440527,171
real,-45,1.0,0.45,1,1.3873992931600352,2.093626702116271,-0.756488093254897,47.05696496650217,0.5163441440101337,0.05595238095238096,0.8180569262854366,193
real,-45,1.0,0.45,2,1.3370447454845442,2.0441304498930024,-0.714525061635451,45.04478463164846,0.4741025693120775,0.05357142857142857,0.8553113354860044,171
nobrain,-45,2.0,0.2,0,7.93627810486531e-14,0.0,0.0,0.0,0.0,0.0,0.0,0
real,-45,2.0,0.2,0,0.9244450694231519,2.2561687297777877,-1.0329559923552787,74.30882777710319,1.0,0.15225811290590158,1.0,293
real,-45,2.0,0.2,1,0.9525897135972979,2.231951812337641,-0.9258122250882378,66.68771354134594,1.0,0.1369621298910315,1.0,252
real,-45,2.0,0.2,2,0.9561579657266255,2.321277181544428,-1.1123122953605873,77.6150430344121,1.0,0.1588012861155953,1.0,249
nobrain,-45,2.0,0.3,0,7.93627810486531e-14,0.0,0.0,0.0,0.0,0.0,0.0,0
real,-45,2.0,0.3,0,0.9591202401488734,2.150302935965448,-0.7993707318483473,55.132052900093505,1.0,0.11413843967720912,0.8410101112034701,190
real,-45,2.0,0.3,1,1.0374814470461746,2.3940150327366316,-1.0731254729754878,69.2734476731371,1.0,0.14263537044953795,0.9891145739561957,233
real,-45,2.0,0.3,2,0.9892618000421816,2.2329243950679913,-0.8589302279373371,59.48142658354964,1.0,0.12281036757789714,0.8726524891683567,217
nobrain,-45,2.0,0.45,0,7.93627810486531e-14,0.0,0.0,0.0,0.0,0.0,0.0,0
real,-45,2.0,0.45,0,1.2039957996337356,2.542976278450046,-0.9952861092480569,63.08121553559424,1.0,0.1297870932667827,0.8950294478034615,226
real,-45,2.0,0.45,1,1.1398946917608634,2.4588029314660718,-0.9579322501153732,63.23904762968481,1.0,0.13007167230768563,0.9365249562214042,259
real,-45,2.0,0.45,2,1.1662117356745105,2.485122136827625,-0.9524729587348527,61.52035541836261,1.0,0.12670973591177487,0.8748177740454619,242
nobrain,-45,3.0,0.2,0,1.7710446979406052e-13,0.0,0.0,0.0,0.0,0.0,0.0,0
real,-45,3.0,0.2,0,0.7746215539283835,2.22820306706531,-1.0334351797577344,76.70292743486203,1.0,0.2091255609921309,1.0,294
real,-45,3.0,0.2,1,0.7481246531098266,2.2604884236086473,-1.1174940221379104,81.31675982479061,1.0,0.22139644833107894,1.0,308
real,-45,3.0,0.2,2,0.7581606175915506,2.301681881009408,-1.1564651385177425,81.59030630075115,1.0,0.22246572807657075,1.0,280
nobrain,-45,3.0,0.3,0,1.7710446979406052e-13,0.0,0.0,0.0,0.0,0.0,0.0,0
real,-45,3.0,0.3,0,0.8716752432834164,2.4885506328347766,-1.2056414426711057,80.9763125229649,1.0,0.22016504650330154,1.0,319
real,-45,3.0,0.3,1,0.854627080038044,2.44236623985677,-1.1756126220342251,80.30306604996856,1.0,0.21840483020898196,1.0,273
real,-45,3.0,0.3,2,0.8665675950986774,2.4976093510161164,-1.2258455079978505,81.36175920420237,1.0,0.22143106823101022,1.0,300
nobrain,-45,3.0,0.45,0,1.7710446979406052e-13,0.0,0.0,0.0,0.0,0.0,0.0,0
real,-45,3.0,0.45,0,0.9103436851485084,2.5887580948563627,-1.2663146038442485,82.55631272432717,1.0,0.22409230992674836,1.0,355
real,-45,3.0,0.45,1,0.9052730467172183,2.655462550501282,-1.3538519108775662,85.40770437253687,1.0,0.23164848808506144,1.0,336
real,-45,3.0,0.45,2,0.8803071444723239,2.628535729243173,-1.360758913073241,86.59793589620833,1.0,0.23479291569851152,1.0,346
nobrain,-30,1.0,0.2,0,8.1272604421008e-13,0.0,0.0,0.0,0.0,0.0,0.0,0
real,-30,1.0,0.2,0,1.3524419523970024,1.822584001423062,-0.583655262999777,46.13736598824967,0.9017178082737115,0.054761904761904755,0.905049491144906,184
real,-30,1.0,0.2,1,1.3360933773552581,1.8007143287311849,-0.5617369359108327,44.09161835064661,0.7528450219129774,0.05238095238095239,0.8376401551045,190
real,-30,1.0,0.2,2,1.318958903489515,1.7822038487869134,-0.5589209137727202,44.081720630080895,0.7080675978394112,0.05238095238095239,0.837898150162543,189
nobrain,-30,1.0,0.3,0,8.1272604421008e-13,0.0,0.0,0.0,0.0,0.0,0.0,0
real,-30,1.0,0.3,0,1.5274359647499054,2.0199665990125877,-0.7157705259434527,47.05663647477228,0.5823506278213385,0.05595238095238095,0.840883201223516,172
real,-30,1.0,0.3,1,1.5537650114041752,2.0494367826872066,-0.751251085790428,49.074621381522284,0.6133737774027755,0.058333333333333334,0.8089173113010902,176
real,-30,1.0,0.3,2,1.5527127936130767,2.048688563962656,-0.7550151225003423,49.05486867138879,0.4738414009032643,0.05833333333333333,0.8129979767343842,181
nobrain,-30,1.0,0.45,0,8.1272604421008e-13,0.0,0.0,0.0,0.0,0.0,0.0,0
real,-30,1.0,0.45,0,1.7506539790277935,2.2500877143412805,-0.9105392034679152,52.07211091036337,0.6911884824600337,0.06190476190476191,0.8892159347049917,190
real,-30,1.0,0.45,1,1.7682350005639182,2.2671630940322594,-0.9275272927781335,52.0535879018859,0.701638921630762,0.0619047619047619,0.734824934069926,175
real,-30,1.0,0.45,2,1.7966840729684772,2.294571151569143,-0.953113204074479,53.06300528329243,0.5844453803585016,0.06309523809523811,0.821958273159385,171
nobrain,-30,2.0,0.2,0,3.572809025293315e-13,0.0,0.0,0.0,0.0,0.0,0.0,0
real,-30,2.0,0.2,0,1.4832080724094545,2.349338946982723,-1.093617211181795,72.57572109283934,1.0,0.14912936018686015,1.0,218
real,-30,2.0,0.2,1,1.4972212394882425,2.4101259604058907,-1.2266603607282696,80.12291965508204,1.0,0.16409786197606535,0.9970763311793669,266
real,-30,2.0,0.2,2,1.4584249050626803,2.343395667984239,-1.1463764133494336,76.40600718932129,1.0,0.15688495962884835,1.0,256
nobrain,-30,2.0,0.3,0,3.572809025293315e-13,0.0,0.0,0.0,0.0,0.0,0.0,0
real,-30,2.0,0.3,0,1.6096743171296488,2.5206818786528795,-1.2042852662852117,71.75593732606926,1.0,0.1477467739859941,0.9753255756099531,258
real,-30,2.0,0.3,1,1.630289999179628,2.5580179772705756,-1.2520645021662267,74.31256948000433,1.0,0.15682872171484974,0.9258607518476859,232
real,-30,2.0,0.3,2,1.6306777587848726,2.5821680273469614,-1.337316912186319,75.46709378886396,1.0,0.15550795495112552,0.8377861911768298,230
nobrain,-30,2.0,0.45,0,3.572809025293315e-13,0.0,0.0,0.0,0.0,0.0,0.0,0
real,-30,2.0,0.45,0,1.7466088011083771,2.6251114147341954,-1.0920086365835535,64.82807762997317,1.0,0.1334539064543383,1.0,256
real,-30,2.0,0.45,1,1.7904260048844,2.7104476228434904,-1.2029060221742311,69.56760811707643,1.0,0.14284295312469125,0.9974985926335029,242
real,-30,2.0,0.45,2,1.8379364483777965,2.800089512681804,-1.3609874208111317,77.62410292426479,1.0,0.15879660363884857,1.0,248
nobrain,-30,3.0,0.2,0,7.366306739906966e-14,0.0,0.0,0.0,0.0,0.0,0.0,0
real,-30,3.0,0.2,0,1.2574673564301582,2.4191688195005923,-1.4434318523968979,95.13514245750557,1.0,0.25811631717450256,1.0,324
real,-30,3.0,0.2,1,1.2166120160808824,2.3779379845068758,-1.4339830085396335,96.10045157099684,1.0,0.2606295710453355,1.0,350
real,-30,3.0,0.2,2,1.276464974118782,2.4288072002388614,-1.4199732800865488,92.99874138132915,1.0,0.2525591406687009,1.0,287
nobrain,-30,3.0,0.3,0,7.366306739906966e-14,0.0,0.0,0.0,0.0,0.0,0.0,0
real,-30,3.0,0.3,0,1.4457303529747176,2.640560234829933,-1.5402676937708473,94.12254806604717,1.0,0.25502238145342393,1.0,305
real,-30,3.0,0.3,1,1.4766244114107911,2.697755401056997,-1.6088568962833303,95.02279883084975,1.0,0.25738839096333377,1.0,291
real,-30,3.0,0.3,2,1.451880899176199,2.6401635535312487,-1.5211620755415172,92.86543766661613,1.0,0.2516364719016032,1.0,321
nobrain,-30,3.0,0.45,0,7.366306739906966e-14,0.0,0.0,0.0,0.0,0.0,0.0,0
real,-30,3.0,0.45,0,1.5478168695689365,2.827522802018151,-1.7523443548459654,99.77533436044834,1.0,0.269561271238564,1.0,398
real,-30,3.0,0.45,1,1.550210002565028,2.7997113132357434,-1.6743948427125288,96.79808046332352,1.0,0.2617077879924935,1.0,343
real,-30,3.0,0.45,2,1.5581444756780458,2.8380850428224167,-1.7501678345812606,99.29757680503388,1.0,0.2683031238306598,1.0,354
nobrain,-15,1.0,0.2,0,1.1198854884583199e-13,0.0,0.0,0.0,0.0,0.0,0.0,0
real,-15,1.0,0.2,0,1.8708050032381982,2.1542863850276426,-0.785772041731301,57.90478464352189,1.0,0.06820201904698937,0.9150908542038223,249
real,-15,1.0,0.2,1,1.7860098397080493,2.086052827832415,-0.7470166534861324,56.473347538279604,1.0,0.06659371479282969,0.9420485002668256,231
real,-15,1.0,0.2,2,1.9544864627275653,2.225914642188679,-0.8455702869955632,59.01622502420184,1.0,0.06961195081442342,0.9764550578643523,240
nobrain,-15,1.0,0.3,0,1.1198854884583199e-13,0.0,0.0,0.0,0.0,0.0,0.0,0
real,-15,1.0,0.3,0,1.858752278514457,2.107597619134066,-0.7379061224409631,50.18817334952513,0.9094613712125006,0.05952380952380952,0.9620068700254018,206
real,-15,1.0,0.3,1,2.0741951484325094,2.3322416058434214,-0.8658412812401112,59.18432724879003,1.0,0.06964908936206596,0.9647586963407647,263
real,-15,1.0,0.3,2,1.9472870565260438,2.198968630695813,-0.7559939563234628,53.6394967590103,1.0,0.06328895566838712,0.9477671105126356,225
nobrain,-15,1.0,0.45,0,1.1198854884583199e-13,0.0,0.0,0.0,0.0,0.0,0.0,0
real,-15,1.0,0.45,0,2.1077193516985218,2.3655391135200214,-0.901047104746616,54.918701004244035,1.0,0.06498440708683026,0.886881263467696,224
real,-15,1.0,0.45,1,2.2052137955563254,2.4628696613904855,-1.0375260792948147,58.477369245000475,1.0,0.06926729241267619,0.9332600716935011,224
real,-15,1.0,0.45,2,2.107622049874452,2.3664126475447747,-0.9761009569590449,55.15943733001635,0.847355389987628,0.06865685369410271,0.9138849359410108,209
nobrain,-15,2.0,0.2,0,4.035896666595586e-13,0.0,0.0,0.0,0.0,0.0,0.0,0
real,-15,2.0,0.2,0,1.9097624700480738,2.513264756058879,-1.6171980346142318,99.85228650317934,1.0,0.20275674164581076,1.0,348
real,-15,2.0,0.2,1,1.9350977327494616,2.5293276266593816,-1.6904449002721322,103.14264409915349,1.0,0.2093738536455289,1.0,340
real,-15,2.0,0.2,2,1.9466959717481862,2.529891699587548,-1.6780398783261274,101.93732005671566,1.0,0.2071392760933201,1.0,346
nobrain,-15,2.0,0.3,0,4.035896666595586e-13,0.0,0.0,0.0,0.0,0.0,0.0,0
real,-15,2.0,0.3,0,2.3484470222499167,2.866072907725543,-1.9339115868415777,99.20491450323429,1.0,0.20208343598447753,0.9882335143989859,258
real,-15,2.0,0.3,1,2.1706767306481054,2.698539244960349,-1.772113467938487,99.42073555518098,1.0,0.2021934959396317,1.0,319
real,-15,2.0,0.3,2,2.1560560336793344,2.683480391942859,-1.8058977635495665,101.51361808695627,1.0,0.20628191131453766,1.0,338
nobrain,-15,2.0,0.45,0,4.035896666595586e-13,0.0,0.0,0.0,0.0,0.0,0.0,0
real,-15,2.0,0.45,0,2.4398598917541907,2.9549669723787244,-1.820751578504948,95.3226276789443,1.0,0.1937900554301075,1.0,290
real,-15,2.0,0.45,1,2.461307076600426,2.9779455747179453,-2.0019076589650386,101.21212781256428,1.0,0.20544473010352607,1.0,321
real,-15,2.0,0.45,2,2.421553898456733,2.937954150158907,-2.0092049132249774,103.2527465724353,1.0,0.2134267901419511,1.0,347
nobrain,-15,3.0,0.2,0,2.7440206452613393e-13,0.0,0.0,0.0,0.0,0.0,0.0,0
real,-15,3.0,0.2,0,1.5558650045404556,2.3867019714634585,-1.6085571123881868,105.08228798938131,1.0,0.28421410053079604,1.0,407
real,-15,3.0,0.2,1,1.4977217669615956,2.3434708057142664,-1.6445590706482027,108.91577502641016,1.0,0.29415413705577537,1.0,403
real,-15,3.0,0.2,2,1.485276826028761,2.332684080995977,-1.592628726926061,106.23949421391573,1.0,0.2873792372562976,1.0,421
nobrain,-15,3.0,0.3,0,2.7440206452613393e-13,0.0,0.0,0.0,0.0,0.0,0.0,0
real,-15,3.0,0.3,0,1.6997406387751397,2.491250465717035,-1.7655075526532573,108.74739945743632,1.0,0.2958761484393782,1.0,416
real,-15,3.0,0.3,1,1.7458342857699414,2.5265960023123335,-1.7567860206523886,107.4101091594801,1.0,0.2902594663677109,1.0,363
real,-15,3.0,0.3,2,1.889198191049703,2.6564320528861387,-1.9570282055589066,112.71819450181951,1.0,0.30410915543775163,1.0,359
nobrain,-15,3.0,0.45,0,2.7440206452613393e-13,0.0,0.0,0.0,0.0,0.0,0.0,0
real,-15,3.0,0.45,0,1.999321786275269,2.747662954665865,-2.0060782873863467,111.93178026040721,1.0,0.3018633661347897,1.0,414
real,-15,3.0,0.45,1,1.9458110402499562,2.6984291126966156,-2.0256057184100387,113.75233178951268,1.0,0.3067147403421486,1.0,407
real,-15,3.0,0.45,2,1.9664524312905165,2.7177630806641977,-2.010029401309182,112.91702935816495,1.0,0.30445243016180434,1.0,402
nobrain,15,1.0,0.2,0,1.1198854884583199e-13,0.0,0.0,0.0,0.0,0.0,0.0,0
real,15,1.0,0.2,0,1.8492130892756586,-2.1124843630092367,-0.7065433975119757,-53.401691505744495,1.0,0.06300859422540597,0.8736414695498789,188
real,15,1.0,0.2,1,1.734935637389404,-1.989531699352811,-0.5897061047806277,-48.22323169722431,1.0,0.05693539793312298,0.9490187551568314,197
real,15,1.0,0.2,2,1.6805689104825567,-1.9306712469522163,-0.5629890714172725,-46.84065653825173,1.0,0.05533298228524052,0.874398923633613,194
nobrain,15,1.0,0.3,0,1.1198854884583199e-13,0.0,0.0,0.0,0.0,0.0,0.0,0
real,15,1.0,0.3,0,2.026664216687928,-2.28042071881175,-0.8228637938706079,-54.785145680437125,1.0,0.06475415168505869,0.9301792138088277,182
real,15,1.0,0.3,1,1.9612835641377184,-2.2149006156000763,-0.8231739754997529,-52.220680242622755,0.9336103924662799,0.0619047619047619,0.902219669718835,191
real,15,1.0,0.3,2,1.9495517313759194,-2.1983573816754713,-0.7671983808091165,-50.91743223051742,1.0,0.0603419813000962,0.848141902010179,172
nobrain,15,1.0,0.45,0,1.1198854884583199e-13,0.0,0.0,0.0,0.0,0.0,0.0,0
real,15,1.0,0.45,0,2.250980453962902,-2.502593776775065,-1.1458779442209586,-60.5463260252383,1.0,0.07179088336136291,0.8733716732752541,170
real,15,1.0,0.45,1,2.232927920970085,-2.4881665843474785,-1.092322750435922,-57.152869673915404,0.9170959258598629,0.06785714285714285,0.7818158991118744,160
real,15,1.0,0.45,2,2.3636589215393493,-2.5981219102923925,-1.304369745561738,-64.14798012626368,0.6996268059464459,0.0761904761904762,0.8238024998896455,200
nobrain,15,2.0,0.2,0,4.035896666595586e-13,0.0,0.0,0.0,0.0,0.0,0.0,0
real,15,2.0,0.2,0,2.180560525430818,-2.7137587454023233,-1.7808439522401123,-100.39385681471113,1.0,0.20389341743743347,1.0,240
real,15,2.0,0.2,1,2.2094542390959515,-2.736958802010588,-1.8564838640498704,-102.13837716051734,1.0,0.20753685873358585,0.9384655006309862,221
real,15,2.0,0.2,2,2.1763471833707593,-2.7090203105255446,-1.8445721319128934,-103.4541354816084,1.0,0.2099220228884582,0.9958947675165795,252
nobrain,15,2.0,0.3,0,4.035896666595586e-13,0.0,0.0,0.0,0.0,0.0,0.0,0
real,15,2.0,0.3,0,2.410827173815447,-2.9273327642375704,-1.8580570007157198,-95.12547565224281,1.0,0.19376127093553894,0.9653616991572133,240
real,15,2.0,0.3,1,2.3258288295795415,-2.839650059653416,-1.7525597900307133,-92.27461789749158,1.0,0.18824985414754394,0.9905660015880929,233
real,15,2.0,0.3,2,2.2985383642291253,-2.800813403643194,-1.5744772498695254,-82.96341037067509,1.0,0.17033629013977467,1.0,203
nobrain,15,2.0,0.45,0,4.035896666595586e-13,0.0,0.0,0.0,0.0,0.0,0.0,0
real,15,2.0,0.45,0,2.6063686358173146,-3.1201808108455147,-2.073021241274949,-100.76716554377047,1.0,0.20448668405610243,1.0,257
real,15,2.0,0.45,1,2.640289796950533,-3.1552651225374704,-2.0504005105513072,-98.02403085988254,1.0,0.19914814046146678,0.948403561719913,229
real,15,2.0,0.45,2,2.627004704506404,-3.1329083978779746,-2.179873396590203,-104.50279687725786,1.0,0.21193105432259673,1.0,281
nobrain,15,3.0,0.2,0,2.7440206452613393e-13,0.0,0.0,0.0,0.0,0.0,0.0,0
real,15,3.0,0.2,0,1.7932724871842611,-2.5856733410363657,-1.8446053122236317,-109.20816344837911,1.0,0.2951092112169275,1.0,304
real,15,3.0,0.2,1,1.7291594157116004,-2.5345940587187084,-1.7662248645976946,-107.7737606988809,1.0,0.29127408938557864,1.0,312
real,15,3.0,0.2,2,1.8727547510501148,-2.6572167257917485,-1.890843521646597,-108.9377701171605,1.0,0.294263482748844,1.0,292
nobrain,15,3.0,0.3,0,2.7440206452613393e-13,0.0,0.0,0.0,0.0,0.0,0.0,0
real,15,3.0,0.3,0,2.0103589137957267,-2.766558818851724,-2.0031376687253686,-111.07776634503175,1.0,0.2996182887750764,1.0,311
real,15,3.0,0.3,1,1.9512405306045064,-2.708572859391949,-1.9929593503045047,-112.17757882217037,1.0,0.30273151694808104,1.0,332
real,15,3.0,0.3,2,1.9758599148293565,-2.7325454799604043,-2.0381149882079677,-113.46256239289465,1.0,0.30587437594528455,1.0,319
nobrain,15,3.0,0.45,0,2.7440206452613393e-13,0.0,0.0,0.0,0.0,0.0,0.0,0
real,15,3.0,0.45,0,2.096697888576008,-2.8406939269909475,-2.044119451122416,-111.0789386899584,1.0,0.29940447854773555,1.0,348
real,15,3.0,0.45,1,2.143929614259327,-2.8877166884414645,-2.1431613973724173,-113.73296239921106,1.0,0.3063972161117662,1.0,351
real,15,3.0,0.45,2,2.14280466396576,-2.889577442196943,-2.1528690262751113,-113.91569122108571,1.0,0.3069405197620779,1.0,364
nobrain,30,1.0,0.2,0,8.1272604421008e-13,0.0,0.0,0.0,0.0,0.0,0.0,0
real,30,1.0,0.2,0,1.5271909782305357,-2.020547126595403,-0.7238320476501586,-51.170651821451315,0.838635740595087,0.060714285714285714,0.7795115997734656,185
real,30,1.0,0.2,1,1.5709186220566014,-2.0686224459018003,-0.7813360641463426,-53.18145452075516,0.8929981055415379,0.0630952380952381,0.8453001454203231,190
real,30,1.0,0.2,2,1.4420687829041057,-1.9270481164673257,-0.6588413671024426,-48.39575533903063,1.0,0.05743579433740813,0.8583269761360749,184
nobrain,30,1.0,0.3,0,8.1272604421008e-13,0.0,0.0,0.0,0.0,0.0,0.0,0
real,30,1.0,0.3,0,1.7149367864845928,-2.2141337416062408,-0.9184196422860887,-54.093825912144524,0.7561728501048383,0.06428571428571428,0.8192729974909595,191
real,30,1.0,0.3,1,1.6245770928337353,-2.1239039549226573,-0.8193508756858928,-51.09579082175392,0.8972835007672733,0.060714285714285714,0.678440559165013,165
real,30,1.0,0.3,2,1.54430418936586,-2.036787683288544,-0.7138452232165087,-47.08016651377841,0.4382276966919668,0.05595238095238095,0.758572877130409,187
nobrain,30,1.0,0.45,0,8.1272604421008e-13,0.0,0.0,0.0,0.0,0.0,0.0,0
real,30,1.0,0.45,0,1.7586961117389908,-2.2586200998812336,-0.882356872914421,-50.063814004464454,0.5731680468763231,0.05952380952380952,0.7497929722189169,159
real,30,1.0,0.45,1,1.8896391648197197,-2.382804108781845,-1.026601070138015,-55.874720264115666,1.0,0.06629441408303885,0.7523751461230185,174
real,30,1.0,0.45,2,2.037944699513647,-2.506923806230681,-1.220250476738266,-61.118945416197455,0.725891919030168,0.07261904761904762,0.8133185489163387,195
nobrain,30,2.0,0.2,0,3.572809025293315e-13,0.0,0.0,0.0,0.0,0.0,0.0,0
real,30,2.0,0.2,0,1.6734666321793972,-2.6713197373817166,-1.6481856905040324,-92.5966346045593,1.0,0.18931157998404158,0.94947968552624,187
real,30,2.0,0.2,1,1.5788001579608408,-2.4662131067048687,-1.1436887785189598,-72.10127268814983,1.0,0.14821397089690774,0.9554718428992592,197
real,30,2.0,0.2,2,1.6115695430686647,-2.5584771047225625,-1.3218938522710664,-78.68040542493871,1.0,0.16163082242761412,0.8926369077379062,217
nobrain,30,2.0,0.3,0,3.572809025293315e-13,0.0,0.0,0.0,0.0,0.0,0.0,0
real,30,2.0,0.3,0,1.70006593182274,-2.613216429009923,-1.195621300527446,-72.29942250591269,1.0,0.14828571117821335,0.8460804737602018,190
real,30,2.0,0.3,1,1.639262131789142,-2.516000848253008,-1.1084260604782386,-65.3939439631925,1.0,0.13497475183367824,0.758124120644232,176
real,30,2.0,0.3,2,1.747420231464495,-2.6972607336882324,-1.316378632383485,-75.2495811421487,1.0,0.15435490238788024,0.8995061236587961,208
nobrain,30,2.0,0.45,0,3.572809025293315e-13,0.0,0.0,0.0,0.0,0.0,0.0,0
real,30,2.0,0.45,0,1.8650066873326252,-2.780708767996872,-1.1776812451482908,-69.76874671063757,1.0,0.14273378200938236,0.8660008041030582,229
real,30,2.0,0.45,1,1.9495100639089198,-2.913812817525102,-1.3606894050227607,-76.43786737497916,1.0,0.15601425692628093,0.9197657877356095,196
real,30,2.0,0.45,2,1.9261242595325734,-2.8882913994667536,-1.3521696600070179,-75.98025543845674,1.0,0.15522699821167008,0.8819193290601344,225
nobrain,30,3.0,0.2,0,7.366306739906966e-14,0.0,0.0,0.0,0.0,0.0,0.0,0
real,30,3.0,0.2,0,1.3788933726591264,-2.5730119680274273,-1.5247684866833509,-95.31757081870025,1.0,0.2581398454453173,0.9964891398065882,245
real,30,3.0,0.2,1,1.373452895246526,-2.570565138023852,-1.5447775142858182,-94.32963666250266,1.0,0.2559737685212005,0.9807554089709402,233
real,30,3.0,0.2,2,1.35632988053091,-2.5464176504569855,-1.5162133667041828,-94.4442955394792,1.0,0.2562568268569585,1.0,255
nobrain,30,3.0,0.3,0,7.366306739906966e-14,0.0,0.0,0.0,0.0,0.0,0.0,0
real,30,3.0,0.3,0,1.515637447023262,-2.7728229670507205,-1.697440587651294,-98.04666472410129,1.0,0.2651526516152324,1.0,257
real,30,3.0,0.3,1,1.5182649857467656,-2.763100780871203,-1.6643223329001071,-97.01786736367826,1.0,0.26235970019281424,1.0,264
real,30,3.0,0.3,2,1.5197784241133268,-2.7593020059635123,-1.6506756881607751,-96.50215873730394,1.0,0.2609981506982534,1.0,260
nobrain,30,3.0,0.45,0,7.366306739906966e-14,0.0,0.0,0.0,0.0,0.0,0.0,0
real,30,3.0,0.45,0,1.5594134618928301,-2.8264318509980955,-1.7179548929125341,-98.32707068565962,1.0,0.265733829788595,1.0,353
real,30,3.0,0.45,1,1.5625681153714428,-2.8731018578196164,-1.8277111976847347,-101.77674279966301,1.0,0.2748338227727351,1.0,322
real,30,3.0,0.45,2,1.5536039147553817,-2.8467474904951064,-1.7849752941475536,-100.31543039428554,1.0,0.270982599305685,1.0,332
nobrain,45,1.0,0.2,0,5.798785560154258e-13,0.0,0.0,0.0,0.0,0.0,0.0,0
real,45,1.0,0.2,0,1.1086968013032552,-1.807808582816102,-0.5742322802898423,-44.08351953040762,0.6059966036321093,0.052380952380952375,0.751153754916036,161
real,45,1.0,0.2,1,1.06296128289103,-1.75553830533999,-0.5319604413441554,-42.07596075966229,0.48392119077440937,0.05,0.6995237620527377,159
real,45,1.0,0.2,2,1.0187151470401363,-1.701664614873222,-0.4865831170976876,-40.06914768979046,0.4965792864919955,0.04761904761904762,0.7246263774655449,159
nobrain,45,1.0,0.3,0,5.798785560154258e-13,0.0,0.0,0.0,0.0,0.0,0.0,0
real,45,1.0,0.3,0,1.2024331962093338,-1.9065492352089315,-0.6223540086545428,-43.0554251691691,0.7413261008956005,0.05119047619047618,0.6987235665135171,166
real,45,1.0,0.3,1,1.2778456438638246,-1.9849462245505574,-0.7100715016598395,-47.075827051385204,0.6153837187738411,0.05595238095238095,0.7830705971347277,165
real,45,1.0,0.3,2,1.5091481659430064,-2.195639982239989,-0.9556916566772948,-55.935797562678914,1.0,0.06645988895801332,0.8090359051739042,166
nobrain,45,1.0,0.45,0,5.798785560154258e-13,0.0,0.0,0.0,0.0,0.0,0.0,0
real,45,1.0,0.45,0,1.5039492151007705,-2.202482173511455,-0.8674669752264063,-50.061919620933324,0.439141338772841,0.05952380952380953,0.7532033943919398,164
real,45,1.0,0.45,1,1.4576491884861447,-2.1602358046910144,-0.8218092754841057,-48.06106577384298,0.7112846777245111,0.05714285714285714,0.722712398930455,163
real,45,1.0,0.45,2,1.5024060023912031,-2.201228614486879,-0.8646607865888345,-50.07597112607265,0.6777296921691718,0.05952380952380953,0.8268031848807489,180
nobrain,45,2.0,0.2,0,7.93627810486531e-14,0.0,0.0,0.0,0.0,0.0,0.0,0
real,45,2.0,0.2,0,1.0141016845930044,-2.3008402244965698,-0.9220253317324286,-64.05683366775203,1.0,0.13180702725155144,0.8020927752351089,196
real,45,2.0,0.2,1,1.0462192039249474,-2.383648856455712,-1.0208521952901575,-69.67118484009887,1.0,0.14282876549465084,0.8894016656004782,194
real,45,2.0,0.2,2,1.038589902362771,-2.3871752014167114,-1.0509730520553024,-69.52327164644764,1.0,0.14297584909602082,0.7801070888802257,211
nobrain,45,2.0,0.3,0,7.93627810486531e-14,0.0,0.0,0.0,0.0,0.0,0.0,0
real,45,2.0,0.3,0,1.0153548546826523,-2.3158613066416702,-0.9473475399738901,-59.969323655808246,1.0,0.12415870230474285,0.8648333928465439,187
real,45,2.0,0.3,1,1.0042341382457811,-2.2450856732043007,-0.850185486664716,-57.21275623898029,1.0,0.11834605694279811,0.8853872709615916,199
real,45,2.0,0.3,2,1.004418091105152,-2.265603849247479,-0.8813111206204194,-57.54014931301281,1.0,0.11910478143297165,0.9159051723513777,179
nobrain,45,2.0,0.45,0,7.93627810486531e-14,0.0,0.0,0.0,0.0,0.0,0.0,0
real,45,2.0,0.45,0,1.4231792065403999,-2.8329106991700415,-1.3013562539085093,-75.74826841305398,1.0,0.15464941274729396,0.8976649188258878,234
real,45,2.0,0.45,1,1.2590982443725545,-2.6043244771313026,-1.003161505702093,-63.956815794324896,1.0,0.13109344593982744,0.9328774832814792,196
real,45,2.0,0.45,2,1.2508497781258012,-2.593205222001279,-0.9963580693792634,-63.249220742914666,1.0,0.12967546161195911,0.8977417060407459,202
nobrain,45,3.0,0.2,0,1.7710446979406052e-13,0.0,0.0,0.0,0.0,0.0,0.0,0
real,45,3.0,0.2,0,0.8127303618844351,-2.4066649799990967,-1.1967239955360374,-81.2887158849386,1.0,0.22126051802370147,0.9320337241125418,226
real,45,3.0,0.2,1,0.7807391549335885,-2.4487538246967957,-1.3007426430405309,-85.4669080215857,1.0,0.23237653549356702,0.8765878782804019,220
real,45,3.0,0.2,2,0.8103636558011664,-2.4046899872588976,-1.1979346026065933,-81.25636279880473,1.0,0.22107583932644873,0.9668977408323233,225
nobrain,45,3.0,0.3,0,1.7710446979406052e-13,0.0,0.0,0.0,0.0,0.0,0.0,0
real,45,3.0,0.3,0,0.901847220595689,-2.6289492210485346,-1.3273067070160953,-83.93221786811702,1.0,0.22773644873245596,0.95529671867429,231
real,45,3.0,0.3,1,0.8949663822719665,-2.6029371322356187,-1.307262933971202,-83.23771226739419,1.0,0.22588520291859052,0.9596811876410595,249
real,45,3.0,0.3,2,0.893278183945752,-2.549047118922187,-1.2442402268812056,-81.52148715568003,1.0,0.22139526786280303,1.0,248
nobrain,45,3.0,0.45,0,1.7710446979406052e-13,0.0,0.0,0.0,0.0,0.0,0.0,0
real,45,3.0,0.45,0,0.8977228318871782,-2.6932567246211847,-1.4099561557704257,-87.44642209668677,1.0,0.23700536333217678,1.0,327
real,45,3.0,0.45,1,0.9057628086216826,-2.6647152987344573,-1.3637254012081075,-85.48192379314827,1.0,0.2318102690041457,1.0,305
real,45,3.0,0.45,2,0.9339636135611987,-2.6682938265647467,-1.3238752424978981,-83.29236697382804,1.0,0.2260133570371177,1.0,299
