stim,trial,max_active,DNp01_left,DNp01_right,DNa02_left,DNa02_right,DNa01_left,DNa01_right,DNb01_left,DNb01_right,DNp03_left,DNp03_right,DNp11_left,DNp11_right,DNg02_left,DNg02_right,DN_all_left,DN_all_right,LPLC2_left,LPLC2_right,LC4_left,LC4_right,MN_all_left,MN_all_right,MNsteer_left,MNsteer_right,MNpower_left,MNpower_right,TTMn_left,TTMn_right,DNp06_left,DNp06_right,DNp09_left,DNp09_right,b1_left,b1_right,b2_left,b2_right,b3_left,b3_right,i1_left,i1_right,i2_left,i2_right,iii1_left,iii1_right,iii3_left,iii3_right,hg1_left,hg1_right,hg2_left,hg2_right,hg3_left,hg3_right,hg4_left,hg4_right,tp1_left,tp1_right,tp2_left,tp2_right,tpn_left,tpn_right,ps1_left,ps1_right,ps2_left,ps2_right
LPLC2_L,0,4692,255.0,23.0,15.0,0.0,0.0,0.0,6.0,35.0,0.0,0.0,0.0,0.0,4.866666666666666,4.785714285714286,8.9375,6.28858024691358,186.04255319148936,0.0,1.0140845070422535,0.0,14.270422535211267,14.059490084985836,13.8125,9.1875,110.83333333333333,107.75,18.0,12.0,63.0,27.0,0.0,0.0,2.0,0.0,43.0,14.0,0.0,0.0,0.0,12.0,0.0,0.0,23.0,0.0,0.0,6.0,42.0,27.0,0.0,2.0,2.0,3.0,42.0,12.0,4.0,1.0,17.0,30.0,19.0,0.0,23.0,24.0,4.0,16.0
LPLC2_L,1,11455,239.0,9.0,15.0,0.0,0.0,0.0,0.0,6.0,0.0,0.0,0.0,0.0,0.9333333333333333,0.2857142857142857,10.05640243902439,9.339506172839506,184.95744680851064,0.0,0.5492957746478874,0.0,13.067605633802817,12.648725212464589,22.3125,16.125,73.08333333333333,73.08333333333333,11.0,12.0,83.0,8.0,0.0,0.0,1.0,0.0,10.0,3.0,45.0,24.0,105.0,91.0,92.0,84.0,12.0,0.0,24.0,4.0,24.0,20.0,1.0,1.0,1.0,1.0,3.0,1.0,0.0,0.0,1.0,6.0,19.0,0.0,2.0,2.0,17.0,21.0
LPLC2_L,2,11430,235.0,8.0,22.0,0.0,0.0,0.0,0.0,12.0,0.0,0.0,0.0,0.0,1.0,0.35714285714285715,10.111280487804878,9.358024691358025,186.2340425531915,0.0,0.6338028169014085,0.0,12.509859154929577,12.172804532577903,21.75,17.375,76.66666666666667,76.5,9.0,6.0,105.0,6.0,0.0,0.0,2.0,1.0,6.0,3.0,41.0,21.0,102.0,91.0,94.0,89.0,12.0,0.0,24.0,5.0,20.0,28.0,0.0,1.0,1.0,2.0,2.0,2.0,1.0,1.0,1.0,10.0,21.0,0.0,1.0,1.0,20.0,23.0
LPLC2_L,3,11296,234.0,7.0,19.0,0.0,0.0,0.0,0.0,12.0,0.0,0.0,0.0,0.0,0.8,0.07142857142857142,10.121951219512194,9.279320987654321,188.64893617021278,0.0,0.6901408450704225,0.0,13.529577464788732,12.708215297450424,23.3125,17.25,78.0,78.0,12.0,7.0,114.0,12.0,0.0,0.0,2.0,0.0,8.0,4.0,45.0,22.0,106.0,90.0,96.0,88.0,14.0,0.0,25.0,5.0,32.0,30.0,0.0,2.0,1.0,1.0,5.0,2.0,1.0,1.0,2.0,6.0,20.0,0.0,1.0,2.0,15.0,23.0
LC4_L,0,11247,222.0,4.0,8.0,0.0,0.0,3.0,0.0,77.0,201.0,0.0,216.0,0.0,0.8,0.0,8.902439024390244,9.253086419753087,0.0,0.0,123.98591549295774,0.0,12.88450704225352,13.025495750708215,17.75,19.375,105.5,106.5,10.0,1.0,22.0,8.0,0.0,0.0,4.0,0.0,18.0,8.0,6.0,22.0,51.0,105.0,68.0,63.0,10.0,4.0,24.0,4.0,51.0,48.0,0.0,0.0,8.0,10.0,13.0,7.0,0.0,0.0,0.0,1.0,3.0,3.0,23.0,28.0,5.0,7.0
LC4_L,1,3990,254.0,3.0,13.0,0.0,0.0,11.0,0.0,63.0,198.0,0.0,223.0,0.0,2.2,1.7857142857142858,7.660060975609756,6.529320987654321,0.0,0.0,129.07042253521126,0.0,14.236619718309859,13.430594900849858,14.875,12.375,128.08333333333334,125.0,47.0,4.0,111.0,37.0,0.0,0.0,13.0,1.0,87.0,43.0,0.0,2.0,0.0,36.0,0.0,0.0,51.0,37.0,5.0,1.0,22.0,23.0,0.0,2.0,0.0,0.0,19.0,3.0,0.0,0.0,0.0,1.0,0.0,0.0,41.0,49.0,0.0,0.0
LC4_L,2,4123,252.0,4.0,8.0,0.0,0.0,9.0,0.0,68.0,199.0,0.0,223.0,0.0,2.8,2.5,8.304878048780488,7.62037037037037,0.0,0.0,126.64788732394366,0.0,14.11549295774648,12.739376770538243,13.5625,13.4375,123.33333333333333,121.25,45.0,7.0,118.0,38.0,0.0,0.0,18.0,1.0,89.0,43.0,0.0,1.0,0.0,40.0,0.0,0.0,61.0,48.0,4.0,0.0,13.0,20.0,0.0,1.0,0.0,1.0,7.0,2.0,0.0,0.0,0.0,1.0,0.0,0.0,25.0,56.0,0.0,1.0
LC4_L,3,3724,248.0,11.0,12.0,0.0,0.0,5.0,1.0,77.0,198.0,0.0,226.0,0.0,0.6,0.2857142857142857,6.6875,5.4907407407407405,0.0,0.0,126.56338028169014,0.0,14.188732394366196,14.345609065155807,12.25,12.1875,125.83333333333333,122.91666666666667,51.0,12.0,96.0,35.0,0.0,0.0,6.0,0.0,94.0,52.0,0.0,2.0,0.0,47.0,0.0,0.0,42.0,20.0,6.0,0.0,17.0,25.0,0.0,0.0,0.0,0.0,18.0,3.0,0.0,0.0,0.0,1.0,0.0,0.0,13.0,45.0,0.0,0.0
LPLC2_R,0,10955,10.0,161.0,13.0,0.0,1.0,0.0,12.0,0.0,0.0,0.0,0.0,1.0,0.3333333333333333,0.0,7.557926829268292,9.929012345679013,0.0,109.27472527472527,0.0,0.0,10.977464788732394,11.158640226628895,19.3125,14.9375,67.83333333333333,68.66666666666667,3.0,28.0,7.0,42.0,0.0,0.0,1.0,1.0,5.0,6.0,62.0,18.0,105.0,77.0,91.0,83.0,0.0,0.0,22.0,10.0,14.0,8.0,0.0,3.0,1.0,1.0,5.0,2.0,0.0,0.0,2.0,2.0,0.0,10.0,1.0,3.0,0.0,15.0
LPLC2_R,1,11049,8.0,156.0,15.0,0.0,0.0,0.0,11.0,0.0,0.0,0.0,0.0,1.0,0.7333333333333333,0.2857142857142857,7.628048780487805,9.91820987654321,0.0,107.86813186813187,0.0,0.0,11.290140845070422,11.390934844192634,20.1875,15.5,68.16666666666667,68.83333333333333,1.0,30.0,4.0,55.0,0.0,0.0,0.0,1.0,2.0,3.0,64.0,17.0,109.0,79.0,86.0,81.0,1.0,3.0,24.0,12.0,20.0,7.0,0.0,2.0,3.0,1.0,4.0,1.0,2.0,0.0,1.0,1.0,0.0,19.0,5.0,6.0,2.0,15.0
LPLC2_R,2,4071,39.0,207.0,7.0,0.0,1.0,0.0,35.0,3.0,0.0,0.0,0.0,1.0,1.8666666666666667,1.7857142857142858,5.884146341463414,7.097222222222222,0.0,111.17582417582418,0.0,0.0,12.014084507042254,12.130311614730878,8.125,7.1875,111.08333333333333,108.08333333333333,11.0,74.0,14.0,57.0,0.0,0.0,1.0,3.0,18.0,23.0,7.0,0.0,9.0,0.0,0.0,0.0,1.0,3.0,0.0,2.0,30.0,18.0,1.0,1.0,6.0,1.0,32.0,6.0,4.0,1.0,6.0,7.0,0.0,15.0,14.0,29.0,1.0,6.0
LPLC2_R,3,4025,23.0,206.0,11.0,0.0,0.0,0.0,29.0,0.0,0.0,0.0,0.0,1.0,2.7333333333333334,2.142857142857143,5.814024390243903,7.066358024691358,0.0,109.0,0.0,0.0,12.16619718309859,12.291784702549576,7.875,6.9375,111.25,107.91666666666667,7.0,71.0,8.0,56.0,0.0,0.0,0.0,2.0,13.0,17.0,12.0,0.0,15.0,0.0,0.0,0.0,3.0,4.0,0.0,1.0,27.0,15.0,1.0,4.0,2.0,1.0,24.0,5.0,2.0,0.0,9.0,4.0,0.0,22.0,18.0,28.0,0.0,8.0
T4T5_abcd_L,0,18995,254.0,4.0,17.0,1.0,0.0,8.0,51.0,73.0,0.0,0.0,0.0,0.0,0.2,0.35714285714285715,14.509146341463415,10.901234567901234,221.5531914893617,0.0,0.0,0.0,13.684507042253522,13.201133144475921,19.4375,21.625,75.33333333333333,73.58333333333333,14.0,7.0,122.0,3.0,0.0,0.0,2.0,1.0,8.0,3.0,39.0,31.0,86.0,93.0,103.0,92.0,6.0,0.0,10.0,1.0,28.0,68.0,2.0,0.0,1.0,5.0,2.0,11.0,0.0,0.0,3.0,3.0,8.0,0.0,2.0,2.0,11.0,36.0
T4T5_abcd_L,1,19092,254.0,5.0,26.0,1.0,0.0,4.0,49.0,67.0,0.0,0.0,0.0,0.0,0.4,0.2857142857142857,14.685975609756097,10.912037037037036,220.93617021276594,0.0,0.0,0.0,14.247887323943662,13.835694050991501,18.5625,21.6875,77.25,77.41666666666667,17.0,10.0,129.0,1.0,0.0,0.0,2.0,1.0,9.0,5.0,30.0,19.0,85.0,88.0,103.0,89.0,3.0,0.0,11.0,1.0,34.0,69.0,0.0,0.0,1.0,6.0,2.0,14.0,0.0,0.0,2.0,8.0,4.0,0.0,1.0,3.0,10.0,44.0
T4T5_abcd_L,2,19103,258.0,9.0,28.0,1.0,0.0,5.0,57.0,70.0,0.0,0.0,0.0,0.0,2.6,3.357142857142857,14.050304878048781,9.649691358024691,220.54255319148936,0.0,0.0,0.0,14.487323943661972,13.909348441926346,13.9375,17.0,98.41666666666667,96.41666666666667,17.0,13.0,117.0,6.0,0.0,0.0,1.0,1.0,19.0,8.0,18.0,12.0,49.0,48.0,66.0,55.0,6.0,0.0,6.0,0.0,26.0,51.0,1.0,0.0,1.0,19.0,2.0,12.0,0.0,0.0,12.0,22.0,9.0,0.0,2.0,6.0,5.0,38.0
T4T5_abcd_L,3,12389,267.0,13.0,48.0,1.0,0.0,1.0,67.0,85.0,0.0,0.0,0.0,0.0,4.066666666666666,5.214285714285714,13.397865853658537,8.00925925925926,220.62765957446808,0.0,0.0,0.0,15.332394366197184,14.88385269121813,12.6875,16.6875,123.66666666666667,120.83333333333333,25.0,7.0,99.0,14.0,0.0,0.0,1.0,0.0,60.0,22.0,1.0,1.0,0.0,3.0,5.0,3.0,7.0,0.0,1.0,0.0,42.0,49.0,0.0,0.0,1.0,47.0,26.0,40.0,0.0,0.0,23.0,35.0,12.0,0.0,22.0,29.0,2.0,38.0
T4T5_a_L,0,13559,1.0,0.0,150.0,0.0,1.0,2.0,0.0,0.0,0.0,0.0,0.0,0.0,2.533333333333333,2.142857142857143,11.903963414634147,9.453703703703704,0.6063829787234043,0.0,0.0,0.0,13.450704225352112,12.461756373937677,29.625,19.0625,110.33333333333333,112.0,0.0,0.0,0.0,0.0,0.0,0.0,2.0,3.0,6.0,6.0,75.0,0.0,79.0,37.0,55.0,41.0,0.0,0.0,0.0,0.0,104.0,65.0,3.0,1.0,59.0,65.0,34.0,12.0,0.0,9.0,4.0,9.0,0.0,3.0,19.0,20.0,34.0,34.0
T4T5_a_L,1,13737,1.0,0.0,144.0,0.0,0.0,2.0,3.0,0.0,0.0,0.0,0.0,0.0,2.8666666666666667,2.5,11.698170731707316,9.152777777777779,0.5425531914893617,0.0,0.0,0.0,13.36338028169014,12.36827195467422,29.875,18.4375,109.91666666666667,111.91666666666667,0.0,0.0,0.0,0.0,0.0,0.0,2.0,4.0,6.0,9.0,86.0,0.0,89.0,36.0,52.0,39.0,0.0,0.0,0.0,1.0,95.0,55.0,1.0,1.0,57.0,63.0,33.0,13.0,4.0,12.0,9.0,11.0,0.0,2.0,12.0,18.0,32.0,31.0
T4T5_a_L,2,7336,1.0,0.0,145.0,0.0,11.0,2.0,3.0,0.0,0.0,0.0,0.0,0.0,8.8,10.142857142857142,10.975609756097562,6.927469135802469,0.4574468085106383,0.0,0.0,0.0,14.278873239436619,12.60056657223796,24.4375,17.4375,129.66666666666666,129.91666666666666,0.0,0.0,0.0,0.0,0.0,0.0,2.0,17.0,11.0,26.0,58.0,0.0,43.0,0.0,9.0,2.0,0.0,0.0,0.0,1.0,83.0,29.0,1.0,1.0,61.0,73.0,13.0,6.0,1.0,4.0,37.0,39.0,0.0,5.0,36.0,43.0,36.0,33.0
T4T5_a_L,3,13521,1.0,0.0,144.0,1.0,0.0,2.0,1.0,0.0,0.0,0.0,0.0,0.0,3.066666666666667,2.857142857142857,11.724085365853659,9.058641975308642,0.4787234042553192,0.0,0.0,0.0,13.343661971830986,12.30028328611898,28.375,18.4375,110.58333333333333,111.08333333333333,0.0,0.0,0.0,0.0,0.0,0.0,2.0,4.0,6.0,10.0,82.0,0.0,74.0,32.0,42.0,31.0,0.0,0.0,0.0,2.0,93.0,50.0,1.0,2.0,62.0,68.0,35.0,13.0,0.0,8.0,7.0,9.0,0.0,4.0,20.0,28.0,30.0,34.0
baseline,0,0,0.0,0.0,0.0,0.0,0.0,0.0,0.0,0.0,0.0,0.0,0.0,0.0,0.0,0.0,0.0,0.0,0.0,0.0,0.0,0.0,0.0,0.0,0.0,0.0,0.0,0.0,0.0,0.0,0.0,0.0,0.0,0.0,0.0,0.0,0.0,0.0,0.0,0.0,0.0,0.0,0.0,0.0,0.0,0.0,0.0,0.0,0.0,0.0,0.0,0.0,0.0,0.0,0.0,0.0,0.0,0.0,0.0,0.0,0.0,0.0,0.0,0.0,0.0,0.0
baseline,1,0,0.0,0.0,0.0,0.0,0.0,0.0,0.0,0.0,0.0,0.0,0.0,0.0,0.0,0.0,0.0,0.0,0.0,0.0,0.0,0.0,0.0,0.0,0.0,0.0,0.0,0.0,0.0,0.0,0.0,0.0,0.0,0.0,0.0,0.0,0.0,0.0,0.0,0.0,0.0,0.0,0.0,0.0,0.0,0.0,0.0,0.0,0.0,0.0,0.0,0.0,0.0,0.0,0.0,0.0,0.0,0.0,0.0,0.0,0.0,0.0,0.0,0.0,0.0,0.0
baseline,2,0,0.0,0.0,0.0,0.0,0.0,0.0,0.0,0.0,0.0,0.0,0.0,0.0,0.0,0.0,0.0,0.0,0.0,0.0,0.0,0.0,0.0,0.0,0.0,0.0,0.0,0.0,0.0,0.0,0.0,0.0,0.0,0.0,0.0,0.0,0.0,0.0,0.0,0.0,0.0,0.0,0.0,0.0,0.0,0.0,0.0,0.0,0.0,0.0,0.0,0.0,0.0,0.0,0.0,0.0,0.0,0.0,0.0,0.0,0.0,0.0,0.0,0.0,0.0,0.0
baseline,3,0,0.0,0.0,0.0,0.0,0.0,0.0,0.0,0.0,0.0,0.0,0.0,0.0,0.0,0.0,0.0,0.0,0.0,0.0,0.0,0.0,0.0,0.0,0.0,0.0,0.0,0.0,0.0,0.0,0.0,0.0,0.0,0.0,0.0,0.0,0.0,0.0,0.0,0.0,0.0,0.0,0.0,0.0,0.0,0.0,0.0,0.0,0.0,0.0,0.0,0.0,0.0,0.0,0.0,0.0,0.0,0.0,0.0,0.0,0.0,0.0,0.0,0.0,0.0,0.0
