t,x,y,z,yaw,wz,turn,gf,nact,DNp01_left,DNp01_right,DNa02_left,DNa02_right,DNa01_left,DNa01_right,DNb01_left,DNb01_right,DNp03_left,DNp03_right,DNp11_left,DNp11_right,DNg02_left,DNg02_right,DN_all_left,DN_all_right,MNsteer_left,MNsteer_right,TTMn_left,TTMn_right
0.02000000000000001,0.0,0.0,2.0,0.0,0.0,0.0,0.0,0,0.0,0.0,0.0,0.0,0.0,0.0,0.0,0.0,0.0,0.0,0.0,0.0,0.0,0.0,0.0,0.0,0.0,0.0,0.0,0.0
0.04000000000000003,0.0,0.0,2.0,0.0,0.0,0.0,0.0,0,0.0,0.0,0.0,0.0,0.0,0.0,0.0,0.0,0.0,0.0,0.0,0.0,0.0,0.0,0.0,0.0,0.0,0.0,0.0,0.0
0.060000000000000046,0.0,0.0,2.0,0.0,0.0,0.0,0.0,0,0.0,0.0,0.0,0.0,0.0,0.0,0.0,0.0,0.0,0.0,0.0,0.0,0.0,0.0,0.0,0.0,0.0,0.0,0.0,0.0
0.08000000000000006,0.0,0.0,2.0,0.0,0.0,0.0,0.0,0,0.0,0.0,0.0,0.0,0.0,0.0,0.0,0.0,0.0,0.0,0.0,0.0,0.0,0.0,0.0,0.0,0.0,0.0,0.0,0.0
0.10000000000000007,0.0,0.0,2.0,0.0,0.0,0.0,0.0,0,0.0,0.0,0.0,0.0,0.0,0.0,0.0,0.0,0.0,0.0,0.0,0.0,0.0,0.0,0.0,0.0,0.0,0.0,0.0,0.0
0.12000000000000009,0.0,0.0,2.0,0.0,0.0,0.0,0.0,0,0.0,0.0,0.0,0.0,0.0,0.0,0.0,0.0,0.0,0.0,0.0,0.0,0.0,0.0,0.0,0.0,0.0,0.0,0.0,0.0
0.1400000000000001,0.0,0.0,2.0,0.0,0.0,0.0,0.0,0,0.0,0.0,0.0,0.0,0.0,0.0,0.0,0.0,0.0,0.0,0.0,0.0,0.0,0.0,0.0,0.0,0.0,0.0,0.0,0.0
0.16000000000000011,0.0,0.0,2.0,0.0,0.0,0.0,0.0,0,0.0,0.0,0.0,0.0,0.0,0.0,0.0,0.0,0.0,0.0,0.0,0.0,0.0,0.0,0.0,0.0,0.0,0.0,0.0,0.0
0.18000000000000013,0.0,0.0,2.0,0.0,0.0,0.0,0.0,0,0.0,0.0,0.0,0.0,0.0,0.0,0.0,0.0,0.0,0.0,0.0,0.0,0.0,0.0,0.0,0.0,0.0,0.0,0.0,0.0
0.20000000000000015,0.0,0.0,2.0,0.0,0.0,0.0,0.0,0,0.0,0.0,0.0,0.0,0.0,0.0,0.0,0.0,0.0,0.0,0.0,0.0,0.0,0.0,0.0,0.0,0.0,0.0,0.0,0.0
0.22000000000000017,0.0,0.0,2.0,0.0,0.0,0.0,0.0,0,0.0,0.0,0.0,0.0,0.0,0.0,0.0,0.0,0.0,0.0,0.0,0.0,0.0,0.0,0.0,0.0,0.0,0.0,0.0,0.0
0.24000000000000019,0.0,0.0,2.0,0.0,0.0,0.0,0.0,0,0.0,0.0,0.0,0.0,0.0,0.0,0.0,0.0,0.0,0.0,0.0,0.0,0.0,0.0,0.0,0.0,0.0,0.0,0.0,0.0
0.2600000000000002,0.0,0.0,2.0,0.0,0.0,0.0,0.0,0,0.0,0.0,0.0,0.0,0.0,0.0,0.0,0.0,0.0,0.0,0.0,0.0,0.0,0.0,0.0,0.0,0.0,0.0,0.0,0.0
0.2800000000000002,0.0,0.0,2.0,0.0,0.0,0.0,0.0,0,0.0,0.0,0.0,0.0,0.0,0.0,0.0,0.0,0.0,0.0,0.0,0.0,0.0,0.0,0.0,0.0,0.0,0.0,0.0,0.0
0.3000000000000002,0.0,0.0,2.0,0.0,0.0,0.0,0.0,0,0.0,0.0,0.0,0.0,0.0,0.0,0.0,0.0,0.0,0.0,0.0,0.0,0.0,0.0,0.0,0.0,0.0,0.0,0.0,0.0
0.32000000000000023,0.0,0.0,2.0,0.0,0.0,0.0,0.0,0,0.0,0.0,0.0,0.0,0.0,0.0,0.0,0.0,0.0,0.0,0.0,0.0,0.0,0.0,0.0,0.0,0.0,0.0,0.0,0.0
0.34000000000000025,0.0,0.0,2.0,0.0,0.0,0.0,0.0,0,0.0,0.0,0.0,0.0,0.0,0.0,0.0,0.0,0.0,0.0,0.0,0.0,0.0,0.0,0.0,0.0,0.0,0.0,0.0,0.0
0.36000000000000026,0.0,0.0,2.0,0.0,0.0,0.0,0.0,0,0.0,0.0,0.0,0.0,0.0,0.0,0.0,0.0,0.0,0.0,0.0,0.0,0.0,0.0,0.0,0.0,0.0,0.0,0.0,0.0
0.3800000000000003,0.0,0.0,2.0,0.0,0.0,0.0,0.0,0,0.0,0.0,0.0,0.0,0.0,0.0,0.0,0.0,0.0,0.0,0.0,0.0,0.0,0.0,0.0,0.0,0.0,0.0,0.0,0.0
0.4000000000000003,0.0,0.0,2.0,0.0,0.0,0.0,0.0,0,0.0,0.0,0.0,0.0,0.0,0.0,0.0,0.0,0.0,0.0,0.0,0.0,0.0,0.0,0.0,0.0,0.0,0.0,0.0,0.0
0.4200000000000003,0.0,0.0,2.0,0.0,0.0,0.0,0.0,0,0.0,0.0,0.0,0.0,0.0,0.0,0.0,0.0,0.0,0.0,0.0,0.0,0.0,0.0,0.0,0.0,0.0,0.0,0.0,0.0
0.44000000000000034,0.0,0.0,2.0,0.0,0.0,0.0,0.0,0,0.0,0.0,0.0,0.0,0.0,0.0,0.0,0.0,0.0,0.0,0.0,0.0,0.0,0.0,0.0,0.0,0.0,0.0,0.0,0.0
0.46000000000000035,0.0,0.0,2.0,0.0,0.0,0.0,0.0,0,0.0,0.0,0.0,0.0,0.0,0.0,0.0,0.0,0.0,0.0,0.0,0.0,0.0,0.0,0.0,0.0,0.0,0.0,0.0,0.0
0.48000000000000037,0.0,0.0,2.0,0.0,0.0,0.0,0.0,0,0.0,0.0,0.0,0.0,0.0,0.0,0.0,0.0,0.0,0.0,0.0,0.0,0.0,0.0,0.0,0.0,0.0,0.0,0.0,0.0
0.5000000000000003,0.0,0.0,2.0,0.0,0.0,0.0,0.0,0,0.0,0.0,0.0,0.0,0.0,0.0,0.0,0.0,0.0,0.0,0.0,0.0,0.0,0.0,0.0,0.0,0.0,0.0,0.0,0.0
0.5200000000000004,0.0,0.0,2.0,0.1092048123855761,10.206007168698738,0.0,0.0,0,0.0,0.0,0.0,0.0,0.0,0.0,0.0,0.0,0.0,0.0,0.0,0.0,0.0,0.0,0.0,0.0,0.0,0.0,0.0,0.0
0.5400000000000004,0.0,0.0,2.0,0.41014593372219804,19.25465231153603,0.0,0.0,1300,0.0,0.0,0.0,16.666666666666668,0.0,0.0,0.0,0.0,0.0,0.0,0.0,0.0,0.0,0.0,0.1524390243902439,0.6944444444444445,0.0,0.0,0.0,0.0
0.5600000000000004,-7.531875076833183e-10,6.745771044662867e-08,1.999999999997389,0.8911920086448715,28.222181038199395,-0.06944444444444446,0.0,3760,0.0,0.0,0.0,11.11111111111111,33.333333333333336,0.0,0.0,0.0,0.0,0.0,0.0,0.0,0.0,0.0,1.5497967479674795,1.9804526748971196,4.166666666666667,5.208333333333334,0.0,0.0
0.5800000000000004,-2.1463567539513672e-08,1.2442051955964518e-06,1.9999999997066853,1.577783335950406,39.63779372679315,-0.32407407407407407,0.0,6423,0.0,0.0,0.0,7.4074074074074066,22.22222222222222,0.0,0.0,0.0,0.0,0.0,0.0,0.0,5.555555555555556,2.380952380952381,4.818766937669377,4.741083676268862,21.527777777777782,26.388888888888893,0.0,0.0
0.6000000000000004,-2.1174098274302676e-07,8.480733327799911e-06,1.99999999344486,2.4833300336214514,50.178875322229814,-0.3549382716049384,0.0,6814,0.0,0.0,0.0,54.93827160493827,14.814814814814813,0.0,0.0,0.0,0.0,0.0,0.0,0.0,3.703703703703704,1.5873015873015872,5.117999096657633,5.861339734796525,19.560185185185187,24.884259259259263,0.0,0.0
0.6200000000000004,-1.07834779204607e-06,3.241948179762276e-05,1.999999948610581,3.5696831309053105,57.91459629425883,-0.23662551440329233,0.0,7111,0.0,0.0,0.0,103.29218106995884,26.54320987654321,0.0,0.0,16.666666666666668,0.0,0.0,0.0,0.0,3.5802469135802473,1.0582010582010581,5.13964167419452,7.302621551592745,15.123456790123457,18.672839506172842,0.0,0.0
0.6400000000000005,-3.694393077267189e-06,8.794824720605998e-05,1.9999997736015842,4.8505500749724,69.36975578725978,-0.574417009602195,0.0,7039,0.0,0.0,0.0,85.5281207133059,17.695473251028805,0.0,16.666666666666668,27.77777777777778,0.0,0.0,0.0,0.0,2.386831275720165,0.7054673721340388,5.15407005921911,7.90339379159681,12.165637860082304,20.78189300411523,0.0,0.0
0.6600000000000005,-1.0110928491331615e-05,0.00019543507817340532,1.9999992516802487,6.338963660842248,78.8103432231636,-0.5218335619570189,0.0,7554,0.0,0.0,0.0,123.6854138088706,28.463648834019203,16.666666666666668,44.44444444444444,51.85185185185186,0.0,0.0,0.0,0.0,1.5912208504801097,0.47031158142269247,5.265314998829,8.149587630611865,9.152091906721536,16.97959533607682,0.0,0.0
0.6800000000000005,-2.3946203939201912e-05,0.0003821425461331325,1.9999979329741293,8.050169615856893,91.42833323860624,-0.8340001524157905,0.0,8734,0.0,0.0,0.0,149.12360920591374,35.64243255601281,11.11111111111111,46.2962962962963,67.90123456790124,0.0,0.0,0.0,0.0,4.394147233653407,1.5040172447579856,6.050860405723398,9.393963770202149,10.26806127114769,22.77806355738455,0.0,0.0
0.7000000000000005,-5.1229391172747995e-05,0.0006834571401899678,1.9999949527412497,10.018556228924378,104.50241881530117,-0.9726667682771938,0.0,9038,0.0,0.0,0.0,149.41573947060917,23.761621704008537,7.4074074074074066,64.19753086419753,78.60082304526749,0.0,0.0,0.0,0.0,10.707209266880051,9.336011496505325,7.565411002189583,10.917992307706783,11.012040847431793,25.6020423715897,0.0,0.0
0.7200000000000005,-0.00010158070648894758,0.001144476456016947,1.9999887526464994,12.185277522260428,111.68188248631151,-0.6484445121847957,0.0,9078,33.333333333333336,0.0,0.0,182.94382631373946,15.841081136005691,4.93827160493827,59.465020576131685,102.400548696845,0.0,0.0,0.0,0.0,11.582583955697812,6.224007664336883,8.397265871378421,11.985451661927979,11.508027231621195,21.23469491439313,0.0,0.0
0.7400000000000005,-0.00018848158005601177,0.0018156187396271134,1.9999770011898717,14.475523756072777,116.99584935943423,-0.5711852303454195,0.0,9508,88.88888888888889,0.0,0.0,188.62921754249297,10.560720757337126,3.292181069958847,72.97668038408779,84.93369913122999,0.0,0.0,0.0,0.0,8.832833748242987,4.1493384428912545,8.443705702870167,11.92548629313717,9.755351487747463,18.323129942928755,0.0,0.0
0.7600000000000006,-0.0003287581759888451,0.0027472351199469528,1.9999567426982008,16.888163553752978,123.84131726002424,-0.7280123757858352,0.0,9414,125.92592592592592,0.0,0.0,192.419478361662,7.040480504891417,18.861454046639235,65.31778692272519,89.95579942081999,0.0,0.0,0.0,0.0,13.66633360993977,9.909082771451313,9.363893232807753,12.682834483490623,11.711900991831643,22.63208662861917,0.0,0.0
0.7800000000000006,-0.0005425405114724026,0.003988635959702702,1.999924452448496,19.383654793995337,125.66324143558596,-0.41589713941277895,0.0,9917,150.6172839506173,0.0,0.0,178.27965224110798,4.6936536699276115,29.240969364426157,60.21185794848346,93.30386628054666,0.0,0.0,0.0,0.0,12.444222406626514,8.987007561919922,9.926538577969396,13.2391736062777,14.057933994554428,20.296391085746112,0.0,0.0
0.8000000000000006,-0.0008524304306505062,0.005585390509887376,1.9998763297509563,21.913112776584462,127.28204984259413,-0.4161536484974082,0.0,9054,167.07818930041154,0.0,0.0,185.51976816073866,3.1291024466184076,36.160646242950776,56.80790529898898,95.53591085369777,0.0,0.0,0.0,0.0,9.407259382195454,7.181814565089471,9.33618832027228,12.349778288958795,11.455289329702952,17.697594057164075,0.0,0.0
0.8200000000000006,-0.001282213194322568,0.007576616433619788,1.9998087018696158,24.52286336668591,133.4446156181982,-0.7635468767760499,0.0,9031,194.71879286694104,0.0,0.0,190.3465121071591,2.086068297745605,24.107097495300515,71.20527019932598,113.69060723579852,0.0,0.0,0.0,0.0,8.493728477019191,5.978352567202505,9.526971075303472,12.708494167947839,11.803526219801968,23.256729371442717,0.0,0.0
0.8400000000000006,-0.0018573917213089363,0.009997478495751319,1.9997178864575236,27.18052888919778,132.60989288689765,-0.30069791785069977,0.0,9378,196.47919524462736,0.0,0.0,193.56434140477273,1.39071219849707,16.071398330200342,64.13684679955065,109.12707149053234,0.0,0.0,0.0,0.0,10.106930095790572,6.366520759087384,9.882818115242964,12.690436441183333,15.160684146534646,19.671152914295142,0.0,0.0
0.8600000000000007,-0.002604125003165681,0.012877675159483603,1.9996005206930523,29.838139032905794,133.34086305769836,-0.40879861190046657,0.0,9461,197.65279682975157,0.0,0.0,162.3762276031818,0.9271414656647133,27.380932220133566,59.42456453303377,106.08471432702156,0.0,0.0,0.0,0.0,7.849064508304826,4.244347172724922,9.993016954877422,12.909879438155144,17.398789431023097,23.530768609530096,0.0,0.0
0.8800000000000007,-0.0035474799050290145,0.01623916384312412,1.9994540280822113,32.52979015514913,135.91463200193155,-0.5503101857114222,0.0,8606,198.43519788650104,0.0,0.0,174.91748506878787,0.6180943104431422,18.253954813422375,39.61637635535584,87.3898095513477,0.0,0.0,0.0,0.0,5.232709672203217,2.8295647818166145,9.050222685365435,12.155969008152812,14.724192954015397,22.97884573968673,0.0,0.0
0.9000000000000007,-0.004712106634510379,0.020098656883839532,1.9992763723702605,35.29321923014453,140.42532990600046,-0.7140956793631704,0.0,9548,215.62346525766736,0.0,0.0,183.2783233791919,17.07872954029543,28.835969875614918,59.74425090357056,91.59320636756513,0.0,0.0,0.0,0.0,7.932917559246589,5.4578050926396475,9.768237887804599,12.759329133007226,22.316128636010266,33.02756382645782,0.0,0.0
0.9200000000000007,-0.006123526380839415,0.02447014059630589,1.999065688981056,38.126927297531076,143.0753753592344,-0.6149526751310025,0.0,9388,193.74897683844492,0.0,0.0,172.18554891946127,11.385819693530287,19.223979917076612,56.49616726904704,77.72880424504342,0.0,0.0,0.0,0.0,9.733056150608837,3.6385367284264314,9.865817128455099,12.467124771799057,16.96075242400684,26.18504255097188,0.0,0.0
0.9400000000000007,-0.007808135229189108,0.029364907744302275,1.9988202966490118,40.99151853359387,143.58047881707034,-0.47941289453177943,0.0,9186,195.83265122562995,0.0,0.0,164.7903659463075,7.590546462353524,12.815986611384407,37.66411151269803,85.15253616336229,0.0,0.0,0.0,0.0,8.710926322628113,5.997119723712859,9.575178898644863,12.6838444980718,18.598834949337895,25.790028367314587,0.0,0.0
0.9600000000000007,-0.009791610029954009,0.034789704441203176,1.9985390951499544,43.8740268526251,144.68868707681227,-0.5279419296878533,0.0,9515,197.2217674837533,0.0,0.0,176.52691063087167,5.060364308235682,25.21065774092294,41.77607434179868,90.10169077557485,0.0,0.0,0.0,0.0,10.251728659529853,5.188556006284763,10.041989184462428,13.008365467850336,21.774223299558596,29.693352244876394,0.0,0.0
0.9800000000000008,-0.012098082346053286,0.04074632746413582,1.9982217102823188,46.77372452143316,145.1664794840313,-0.4908501753474577,0.0,9518,181.4811783225022,0.0,0.0,184.35127375391446,3.373576205490455,16.807105160615293,61.184049561199124,60.06779385038323,0.0,0.0,0.0,0.0,7.945596884131012,3.459037337523175,9.514781407527797,12.633148995027796,20.766148866372397,28.128901496584263,0.0,0.0
1.0000000000000007,-0.014749898103020567,0.04723202144254603,1.9978684710789476,49.68107036287097,145.25359356248322,-0.46612233912052736,0.0,8590,187.65411888166813,0.0,0.0,189.56751583594297,2.249050803660303,11.204736773743528,57.45603304079942,73.37852923358882,0.0,0.0,0.0,0.0,8.630397922754009,2.3060248916821164,9.41737459688845,12.202963527549395,19.052432577581598,26.04426766438951,0.0,0.0
1.0199999999999985,-0.017766967327087633,0.05423948665807185,1.9974804713268943,52.57034908468987,143.21649648214213,-0.31074822608035146,0.0,8799,175.10274592111207,0.0,0.0,193.0450105572953,1.499367202440202,7.469824515829019,54.97068869386628,82.25235282239255,0.0,0.0,0.0,0.0,6.86470972628045,1.5373499277880776,8.920526154023195,12.019053874333341,16.8682883850544,21.52951177625967,0.0,0.0
1.0399999999999963,-0.021165371664906722,0.06175644084087384,1.9970597646435762,55.42969766319147,141.890852756936,-0.3460543729424567,0.0,8863,183.40183061407473,0.0,0.0,195.3633403715302,17.666244801626803,4.979883010552679,53.31379246257752,104.83490188159504,0.0,0.0,0.0,0.0,5.687584261964744,2.2153761423349088,8.868765403495138,11.896447438855972,16.453858923369598,21.64467451750645,0.0,0.0
1.059999999999994,-0.024956678583652657,0.06976593057727637,1.996609357531632,58.270664384698996,141.03583472506884,-0.36959180418386,0.0,9695,188.93455374271647,0.0,0.0,180.24222691435347,11.777496534417867,19.98658867370179,85.54252830838502,103.22326792106337,0.0,0.0,0.0,0.0,12.680611730198718,8.619774571080416,10.129989943793507,13.023557551829908,18.260905948913067,23.804783011670967,0.0,0.0
1.0799999999999919,-0.029148680657865737,0.07824760302798688,1.9961328991078329,61.110866224767626,141.43630819609453,-0.4547278694559068,0.0,8740,192.62303582847764,0.0,0.0,186.82815127623564,7.851664356278578,13.324392449134525,73.69501887225668,102.14884528070891,0.0,0.0,0.0,0.0,9.564852264576924,9.31794495214885,9.624261588545265,13.003359355540926,18.423937299275376,25.24485534111398,0.0,0.0
1.0999999999999897,-0.0337463492889443,0.08717881960271455,1.9956343744399523,63.9094977065258,136.89371888764694,-0.09481857963727099,0.0,9369,178.4153572189851,0.0,0.0,191.21876751749042,5.234442904185718,8.882928299423016,65.79667924817112,101.43256352047261,0.0,0.0,0.0,0.0,9.70990150971795,6.211963301432566,9.769832928948876,12.964173726739219,18.532624866183586,19.95490356074265,0.0,0.0
1.1199999999999875,-0.03874986585872948,0.09653410898158842,1.9951183605398841,66.65154926599003,135.27116418057477,-0.2715457197581806,0.0,8806,168.9435714793234,0.0,0.0,194.14584501166027,3.4896286027904786,5.921952199615344,60.53111949878075,100.95504234698174,0.0,0.0,0.0,0.0,7.58437878425641,4.14130886762171,9.231717887591934,12.68084832811421,16.521749910789058,20.594935707161767,0.0,0.0
1.1399999999999852,-0.04415394901836133,0.10628546501862246,1.9945899874848265,69.36237961254018,133.54587572030135,-0.2504749242832316,0.0,9005,162.62904765288226,0.0,0.0,196.0972300077735,2.3264190685269854,3.9479681330768956,57.020746332520496,117.3033615646545,0.0,0.0,0.0,0.0,9.500696967282051,2.760872578414473,9.355698103923078,12.311923576767498,18.306166607192704,22.063290471441178,0.0,0.0
1.159999999999983,-0.0499499210086292,0.1164038241609011,1.9940544455008506,72.08085065434618,135.60508337310395,-0.51420550507771,0.0,9081,175.08603176858819,0.0,0.0,197.39815333851567,18.217612712351325,19.298645422051266,54.680497555013666,94.86890770976966,0.0,0.0,0.0,0.0,7.444909089299145,5.412010290371554,9.133473532696685,11.885932590272983,19.49577773812847,27.20886031429412,0.0,0.0
1.1799999999999808,-0.05612888660750615,0.12686042547756107,1.993516443221183,74.86479036002228,139.82334222356366,-0.690025892274029,0.0,8991,183.39068784572547,0.0,0.0,181.59876889234377,12.145075141567549,29.53243028136751,36.45366503667577,96.5792718065131,0.0,0.0,0.0,0.0,8.296606059532763,3.6080068602477025,8.70585227383031,12.039181397630548,19.247185158752313,29.597573542862747,0.0,0.0
1.1999999999999786,-0.06268576006138113,0.1376278561029928,1.9929796865600369,77.71603851178496,142.323291866086,-0.5989061504049086,0.0,9163,172.26045856381697,0.0,0.0,187.73251259489584,24.7633834277117,19.688286854245007,40.969110024450515,97.71951453767541,0.0,0.0,0.0,0.0,8.864404039688509,5.976766478260373,9.157560052472238,11.858425458502671,27.414790105834875,36.3983823619085,0.0,0.0
1.2199999999999764,-0.06961973122166883,0.1486796120544061,1.9924469535569702,80.61698003283756,144.6581088049205,-0.607604100269939,0.0,9490,164.84030570921132,0.0,0.0,191.82167506326388,16.508922285141132,29.79219123616334,43.97940668296701,98.47967635845028,0.0,0.0,0.0,0.0,12.57626935979234,9.936891937887868,10.119267677257914,12.921049071100546,22.443193403889914,31.557254907939,0.0,0.0
1.2399999999999742,-0.0769328468546156,0.15998925689301388,1.9919203876627183,83.52374051947923,143.02706251844464,-0.3356249557355149,0.0,9748,176.5602038061409,0.0,0.0,177.8811167088426,11.005948190094088,19.861460824108892,62.65293778864468,98.98645090563352,0.0,0.0,0.0,0.0,11.717512906528226,9.005547006210959,9.820365443375195,12.832139709951804,22.253795602593275,27.288169938625998,0.0,0.0
1.259999999999972,-0.08462694975048672,0.1715297186498534,1.9914019285153646,86.40503685269252,141.94858246976125,-0.36263885937923207,0.0,9270,167.70680253742725,0.0,0.0,168.5874111392284,7.337298793396059,13.240973882739262,75.10195852576312,99.32430060375567,0.0,0.0,0.0,0.0,11.145008604352151,6.003698004140639,10.180040376884277,13.544471740790915,21.085863735062183,26.525446625750664,0.0,0.0
1.2799999999999698,-0.09270150387960865,0.18327317652103864,1.990893561870965,89.26942146630489,141.2374724504951,-0.38064812847504353,0.0,9688,161.8045350249515,0.0,0.0,162.39160742615226,21.558199195597375,25.49398258849284,50.06797235050875,82.88286706917044,0.0,0.0,0.0,0.0,9.65222795845699,5.19294152656995,9.784661064264315,12.939112847770074,20.307242490041457,26.01696441716711,0.0,0.0
1.2999999999999676,-0.10115426075934532,0.1951914084804871,1.9903972011543225,92.14270017054739,142.66038389558742,-0.53154319676114,0.0,9463,174.536356683301,0.0,0.0,174.9277382841015,14.372132797064916,33.66265505899523,50.045314900339164,88.58857804611362,0.0,0.0,0.0,0.0,10.87926308341577,5.84291339866568,10.410302498127429,13.075663709212971,21.871494993360972,29.844642944778073,0.0,0.0
1.3199999999999654,-0.1099900123700682,0.2072597700188863,1.9899727032894812,95.04735008264353,144.34585742672135,-0.5626954645074266,0.08333333333333334,9690,183.02423778886734,0.0,0.0,183.28515885606768,9.581421864709943,22.44177003933015,33.363543266892776,92.39238536407575,0.0,0.0,0.0,0.0,11.697286500054958,6.276227980062834,10.370079714198774,13.32101860449589,22.914329995573983,31.354761963185382,0.0,16.666666666666668
1.3399999999999632,-0.11921205564142683,0.21945085513500595,1.989649266042931,98.02717006619551,149.90281435174873,-0.861241420782729,0.05555555555555555,9846,188.68282519257824,0.0,0.0,155.52343923737845,6.387614576473295,14.9611800262201,22.242362177928516,78.26159024271716,0.0,0.0,0.0,0.0,12.242635444481083,8.946056748613318,10.2162320045878,13.921831333038412,18.40121999704932,31.319841308790256,0.0,11.11111111111111
1.359999999999961,-0.12882061081765467,0.2317321404594101,1.9893911234117152,101.07000641320398,150.92301809019236,-0.5741609471884862,0.037037037037037035,9796,192.45521679505217,0.0,0.0,187.0156261582523,4.258409717648863,9.974120017480066,31.494908118619012,85.50772682847811,0.0,0.0,0.0,0.0,12.606201407431833,9.53546640383745,10.596390442082923,13.756529530667583,21.64247999803288,30.25489420586017,0.0,7.4074074074074066
1.3799999999999588,-0.13882043575991648,0.244070787372137,1.9891743168173772,104.11484991215958,150.16813542142899,-0.45221840923676854,0.024691358024691353,9755,144.97014453003476,0.0,0.0,191.3437507721682,2.8389398117659086,6.64941334498671,20.996605412412674,73.67181788565208,0.0,0.0,0.0,0.0,9.515245382732331,9.928406173986872,10.21466679878699,13.800649316741351,19.63665333202192,26.419929470573447,0.0,4.93827160493827
1.3999999999999566,-0.14921565305352233,0.2564339001580591,1.9889830870528238,107.10377722146225,145.55759103478889,-0.16259005060229015,0.016460905349794233,8800,163.31342968668983,0.0,0.0,177.5625005147788,1.8926265411772722,37.76627556332448,47.33107027494178,99.11454525710138,0.0,0.0,0.0,0.0,6.343496921821554,6.618937449324581,9.248802256101895,13.032737404576539,19.341102221347946,21.779952980382298,0.0,3.292181069958847
1.4199999999999544,-0.1600059196470342,0.2687895553566721,1.988807507342767,110.07879616280465,148.29237907142272,-0.6639489226237492,0.010973936899862822,9508,158.87561979112655,0.0,0.0,168.37500034318586,1.2617510274515147,25.177517042216316,31.554046849961185,99.40969683806759,0.0,0.0,0.0,0.0,9.784553503436593,7.984053537644959,9.519526707319962,13.369561561898763,17.060734814231964,27.0199686535882,0.0,2.1947873799725643
1.4399999999999522,-0.17118873797367315,0.2811063960586898,1.9886413346534206,113.0624785273424,146.76036683468075,-0.37318817063805504,0.007315957933241881,9291,172.5837465274177,0.0,0.0,195.58333356212393,0.8411673516343431,16.785011361477544,37.702697899974126,99.60646455871172,0.0,0.0,0.0,0.0,12.078591224513286,7.703654739382354,9.369725121953145,13.38834968324115,18.66548987615464,24.263312435725467,0.0,1.4631915866483762
1.45999999999995,-0.18276060407289346,0.29335342769996003,1.9884806407660471,115.96859808968334,140.8743001852837,-0.040458780425369885,0.004877305288827921,9297,181.72249768494513,0.0,0.0,180.38888904141595,0.5607782344228953,27.85667424098503,58.46846526664942,99.73764303914115,0.0,0.0,0.0,0.0,12.496838594119968,9.897674588159664,9.905020000001283,13.606636414341837,19.735326584103095,20.342208290483644,0.0,0.9754610577655841
1.4799999999999478,-0.19471246832855446,0.30550225706474693,1.9883235376518038,118.83189390256847,142.0871974522304,-0.513083631394691,0.0032515368592186135,10090,171.1483317899634,0.0,0.0,170.25925936094396,0.3738521562819302,35.23778282732336,38.97897684443294,99.82509535942744,0.0,0.0,0.0,0.0,12.775670173857756,7.788925915915966,10.185663739838253,14.215123864705257,17.32355105606873,25.019805526989096,0.0,0.6503073718437227
1.4999999999999456,-0.20703187151292413,0.3175266655048561,1.9881693616815412,121.6918481024622,140.8352030857594,-0.34205575426312734,0.0021676912394790753,8901,180.76555452664226,0.0,0.0,196.8395062406293,0.24923477085462012,40.15852188488224,25.985984562955295,83.21673023961829,0.0,0.0,0.0,0.0,10.739335671460726,5.192617277277311,9.610564444445014,13.489094922149183,15.71570070404582,20.84653701799273,0.0,0.4335382478958151
1.5199999999999434,-0.21970591648110344,0.32940134534035476,1.9880179562221163,124.48256739593697,135.06427034696236,-0.7141482806198628,0.0014451274929860502,9459,187.17703635109484,0.0,0.0,164.5596708270862,0.16615651390308006,26.772347923254827,50.6573230419702,88.81115349307886,0.0,0.0,0.0,0.0,12.715112669862707,8.22364961342297,10.649929141825131,13.776680565383407,15.685467136030548,26.39769134532849,0.0,0.28902549859721005
1.5399999999999412,-0.23273027322822942,0.3410994705086973,1.987927537609244,127.15005057049551,129.06173107521704,-0.6844321870799086,0.0842967516619907,9859,191.45135756739657,0.0,0.0,176.37311388472412,0.11077100926872004,17.84823194883655,50.43821536131347,92.5407689953859,0.0,0.0,0.0,0.0,9.587852891019583,6.672909266091503,10.148733249021632,13.608322023012807,15.665311424020365,25.931794230218994,16.666666666666668,0.19268366573147336
1.559999999999939,-0.2461004247463514,0.3525920486441153,1.9879257091192586,129.70190738568192,123.47029564505249,-0.6646214580532724,0.05619783444132713,9058,194.30090504493106,0.0,0.0,150.91540925648275,16.74051400617915,11.898821299224366,50.29214357420898,95.02717933025727,0.0,0.0,0.0,0.0,9.725235260679723,4.4486061773943355,10.017854686339625,12.853078879539403,13.56854094934691,23.537862820145996,11.11111111111111,0.12845577715431555
1.5799999999999368,-0.2598066333537216,0.3638492372575746,1.9879753944484246,132.15708991703409,119.27820704184012,-0.7208587498132928,0.03746522296088475,9224,162.86727002995403,0.0,0.0,167.27693950432183,11.1603426707861,24.599214199482912,50.19476238280598,113.35145288683819,0.0,0.0,0.0,0.0,12.039045729342039,8.918118403977177,10.337106376258937,13.044027895001578,12.170693966231273,22.983575213430665,7.4074074074074066,0.0856371847695437
1.5999999999999346,-0.27384249451056236,0.3748392434437931,1.9880515561815841,134.5191138718418,114.18168536180517,-0.6194613887644175,0.024976815307256497,9257,158.57818001996935,0.0,0.0,161.51795966954788,7.440228447190734,33.066142799655275,66.79650825520399,108.90096859122546,0.0,0.0,0.0,0.0,10.248252708450249,9.516840840746688,9.990997746774251,13.171327238643029,11.238795977487515,20.530716808953777,4.93827160493827,0.05709145651302913
1.6199999999999324,-0.28820323177443885,0.38552902666660915,1.9881371498627625,136.7659107836109,107.79823147690969,-0.48241870362072264,0.016651210204837664,9543,189.0521200133129,0.0,0.0,157.67863977969859,4.960152298127156,22.044095199770183,61.197672170135995,105.93397906081698,0.0,0.0,0.0,0.0,12.387724027855722,7.535036750973982,10.26838874175194,13.101872480083006,13.742530651658344,20.978811205969183,3.292181069958847,0.038060971008686086
1.6399999999999302,-0.3028833849743429,0.3958862211559593,1.9882206469273191,138.88990392151655,101.84041032190216,-0.46050135796937064,0.01110080680322511,9552,192.7014133422086,0.0,0.0,155.11909318646573,3.306768198751437,31.362730133180122,74.13178144675733,87.28931937387799,0.0,0.0,0.0,0.0,8.258482685237148,5.023357833982654,10.453316071737065,13.235610459973033,15.411687101105564,22.319207470646123,2.1947873799725643,0.02537398067245739
1.659999999999928,-0.31787554322458433,0.40588063735006036,1.9882944005284402,140.8696818471044,93.52437026971063,-0.23755646086846932,0.007400537868816739,9148,178.46760889480575,0.0,0.0,170.0793954576438,2.204512132500958,37.57515342212008,82.75452096450489,108.19287958258533,0.0,0.0,0.0,0.0,5.505655123491431,3.3489052226551026,9.56034079579219,12.73320532722482,23.816124734070378,27.379471647097418,1.4631915866483762,0.01691598711497159
1.6799999999999258,-0.3331690533626479,0.41548629548822613,1.9883537154079232,142.68156958096117,85.07381295845333,-0.15837097391231297,0.004933691912544493,8944,185.64507259653718,0.0,0.0,163.3862636384292,1.4696747550006386,25.050102281413388,71.83634730966993,88.79525305505689,0.0,0.0,0.0,0.0,8.114881193438732,4.61355586272245,9.803438579308613,12.57830972432272,22.127416489380252,24.502981098064947,0.9754610577655841,0.011277324743314394
1.6999999999999236,-0.34874931008472815,0.42468312263506947,1.9883962569201175,144.3866853696974,82.53318225975839,-0.522247315941542,0.0032891279416963283,9532,190.43004839769145,0.0,0.0,158.9241757589528,0.9797831700004257,16.700068187608924,47.89089820644662,92.53016870337126,0.0,0.0,0.0,0.0,8.743254128959155,4.266180098957824,9.813064743929319,12.475045989054653,17.876610992920167,25.710320732043296,0.6503073718437227,0.007518216495542929
1.7199999999999214,-0.3646002646564499,0.4334543844253049,1.9884210324974283,146.02753218140361,78.85674445939378,-0.41760932173880577,0.002192751961130885,8394,160.2866989317943,0.0,0.0,155.94945050596854,0.6531887800002838,11.133378791739283,48.59393213763108,111.68677913558085,0.0,0.0,0.0,0.0,6.939947197083881,2.8441200659718824,9.05728706505857,11.634598560604337,19.209407328613445,25.47354715469553,0.4335382478958151,0.005012144330361953
1.7399999999999192,-0.38070605700455523,0.44178471151343485,1.9884277021914871,147.5879868907702,74.6479384482479,-0.3478506589369817,0.0014618346407539234,8659,140.1911326211962,0.0,0.0,153.96630033731236,0.43545918666685585,7.422252527826188,65.72928809175406,107.79118609038723,0.0,0.0,0.0,0.0,9.071075909167032,5.467508615409827,9.214004384835794,12.257427846987254,20.09793821907563,25.315698103130355,0.28902549859721005,0.003341429553574635
1.759999999999917,-0.39705043889315855,0.44966102310961736,1.9884164951544685,149.09154962391747,73.1185623318592,-0.5096782170690991,0.0009745564271692822,9124,143.46075508079747,0.0,0.0,169.31086689154156,0.29030612444457055,21.614835018550792,43.819525394502705,88.52745739359148,0.0,0.0,0.0,0.0,12.714050606111355,9.597386695987504,9.902832191516545,13.135610334205493,18.606958812717085,26.25213206875357,0.19268366573147336,0.0022276197023830898
1.7799999999999148,-0.413617382373142,0.4570716572541887,1.988387915904841,150.55037708074568,70.3957162361503,-0.4092299224905105,0.0006497042847795214,9202,162.30717005386498,0.0,0.0,162.8739112610277,0.19353741629638035,14.409890012367194,45.879683596335134,92.35163826239432,0.0,0.0,0.0,0.0,16.253811515185348,13.541114940182146,10.336644225238672,13.541024173420945,18.654639208478056,24.793088045835713,0.12845577715431555,0.0014850798015887264
1.7999999999999126,-0.43039132761106474,0.4640059734304538,1.9883425927032512,151.94711683877304,67.07037353608429,-0.34226439277145154,0.0004331361898530142,9143,141.53811336924332,0.0,0.0,175.24927417401847,0.1290249441975869,9.60659334157813,47.25312239755676,78.23442550826287,0.0,0.0,0.0,0.0,14.169207676790231,12.598838531550001,9.889063629833911,12.859653975696268,17.644759472318704,22.778725363890477,0.0856371847695437,0.000990053201059151
1.8199999999999104,-0.4473564114724702,0.4704557547114521,1.9882814377824995,153.2436442627067,60.67961125944393,-0.08928737295874546,0.0002887574599020095,8976,111.02540891282888,0.0,0.0,166.83284944934564,16.752683296131725,23.071062227718755,48.16874826503784,68.82295033884192,0.0,0.0,0.0,0.0,13.890582895637932,10.780178068652381,10.149619655661631,13.048411292439487,19.054839648212468,20.39415024259365,0.05709145651302913,0.0006600354673727672
1.8399999999999082,-0.46449550312558463,0.47641730632855206,1.98820591190159,154.48512816430073,61.22355877217342,-0.5456360264169414,0.00019250497326800633,8643,74.01693927521924,0.0,0.0,177.88856629956376,11.168455530754482,15.380708151812502,48.77916551002523,62.548633559227945,0.0,0.0,0.0,0.0,11.482610819314177,8.377261569577778,9.91681960783946,13.560051972737437,17.91155976547498,26.0961001617291,0.038060971008686086,0.0004400236449151781
1.859999999999906,-0.4817917076103409,0.48188870780966636,1.9881175522159553,155.76899509599562,64.90081982197135,-0.7804240176112943,0.00012833664884533754,8435,49.34462618347949,0.0,0.0,185.25904419970917,7.445637020502987,10.253805434541668,32.51944367335015,75.03242237281863,0.0,0.0,0.0,0.0,7.655073879542784,5.5848410463851845,8.4404813645759,12.46081654149574,15.066039843649985,26.7724001078194,0.02537398067245739,0.0002933490966101187
1.8799999999999037,-0.4992309623746471,0.48686410237172306,1.988017130807201,157.10262363929414,66.51107467297236,-0.6591715672964186,8.555776589689168e-05,7826,32.896417455652994,0.0,0.0,190.17269613313945,4.963758013668658,23.502536956361112,38.34629578223343,83.35494824854575,0.0,0.0,0.0,0.0,6.214493697472967,3.7232273642567897,7.507068877196941,11.676552591449836,14.21069322909999,24.09826673854627,0.01691598711497159,0.0001955660644067458
1.8999999999999015,-0.5168018020427082,0.4913333572224073,1.987904665322185,158.43355756937078,64.9487221661741,-0.43944771153094564,5.7038510597927795e-05,7669,21.930944970435327,0.0,0.0,176.78179742209298,19.97583867577911,32.33502463757408,42.23086385482229,72.23663216569717,0.0,0.0,0.0,0.0,4.142995798315312,2.482151576171193,7.138858926261376,10.973668805822523,15.72379548606666,22.315511159030844,0.011277324743314394,0.00013037737627116385
1.9199999999998993,-0.5344935777997378,0.4952855211670379,1.987779968965074,159.74341859753122,64.40520632977324,-0.5012984743539639,3.8025673731951856e-05,7696,14.620629980290218,0.0,0.0,167.85453161472864,46.65055911718608,38.22334975838272,44.82057590321486,81.49108811046479,0.0,0.0,0.0,0.0,8.31755275443243,5.226196288876034,7.325296194743356,11.35384504750308,14.649196990711106,22.168674106020564,0.007518216495542929,8.691825084744256e-05
1.9399999999998971,-0.5522958374019363,0.4987100610028641,1.9876428411927263,161.09837166113104,69.20943906580884,-0.8897545384581983,2.5350449154634573e-05,8312,9.74708665352681,0.0,0.0,161.90302107648577,31.100372744790718,25.482233172255143,46.54705060214324,87.66072540697652,0.0,0.0,0.0,0.0,11.100590725177177,9.436511811631643,7.830685268040286,11.350094229199584,14.974464660474071,28.320782737347045,0.005012144330361953,5.79455005649617e-05
1.959999999999895,-0.5701993875890379,0.5015935715797634,1.9874925785467865,162.4593355481932,65.65293935055372,-0.31539191452768756,1.690029943642305e-05,9097,6.498057769017874,0.0,0.0,141.2686807176572,54.06691516319381,16.988155448170094,64.36470040142882,91.77381693798435,0.0,0.0,0.0,0.0,14.067060483451453,12.243388826802049,8.370863349425232,11.93915746967215,16.232976440316047,20.96385515823136,0.003341429553574635,3.8630333709974463e-05
1.9799999999998927,-0.5881952382703353,0.5039223345045775,1.9873283919139182,163.75844398345168,62.959129584664296,-0.3491501652406806,1.1266866290948698e-05,8460,4.332038512678582,0.0,0.0,160.8457871451048,36.04461010879587,11.325436965446729,59.57646693428588,94.51587795865623,0.0,0.0,0.0,0.0,18.266929211189858,14.114640170248986,8.908827598803812,12.048944485954273,13.94698429354403,19.18423677215424,0.0022276197023830898,2.5753555806649642e-05
1.9999999999998905,-0.6062731136179286,0.505687088122552,1.9871501415163761,164.97001844387287,57.097050471302865,-0.09387788793823143,7.511244193965798e-06,8266,2.8880256751190547,0.0,0.0,157.2305247634032,24.02974007253058,7.550291310297819,56.38431128952392,79.67725197243749,0.0,0.0,0.0,0.0,12.177952807459905,9.409760113499324,7.793893195950509,11.42769138569791,13.464656195696021,14.872824514769492,0.0014850798015887264,1.7169037204433095e-05
2.0199999999998886,-0.6244212224636398,0.5068848626515603,1.986958603201844,166.0972869936876,54.3089031888383,-0.270918591958821,5.007496129310531e-06,7303,1.9253504500793697,0.0,0.0,154.8203498422688,16.019826715020386,5.033527540198546,70.92287419301596,86.45150131495832,0.0,0.0,0.0,0.0,8.11863520497327,6.273173408999549,7.3046686346987135,10.653440347666919,11.05977079713068,15.123549676512996,0.000990053201059151,1.1446024802955397e-05
2.0399999999998863,-0.6426267211926895,0.5075183842507782,1.9867553244662552,167.20884233279347,55.33304775283354,-0.5278346168614362,3.3383307528736874e-06,7904,1.2835669667195797,0.0,0.0,169.8802332281792,10.679884476680257,3.3556850267990304,80.61524946201064,90.96766754330555,0.0,0.0,0.0,0.0,9.856867914426624,4.182115605999699,7.51205551256337,10.831717433424036,10.498180531420454,18.415699784341996,0.0006600354673727672,7.630683201970264e-06
2.059999999999884,-0.6608770537373786,0.50759129602592,1.9865418449087955,168.36336659601287,58.57179805672715,-0.699111966796513,2.2255538352491245e-06,8146,0.8557113111463864,0.0,0.0,179.9201554854528,23.786589651120174,2.2371233511993536,70.41016630800709,93.97844502887037,0.0,0.0,0.0,0.0,11.01568972072886,7.549981832571229,8.107630504310539,11.362091457673637,15.332120354280303,25.818799856227997,0.0004400236449151781,5.087122134646843e-06
2.079999999999882,-0.6791607471084267,0.5071042577506369,1.9863191150550084,169.5440245215889,58.272099709364156,-0.46607464453100855,1.4837025568327497e-06,7513,0.5704742074309243,0.0,0.0,169.9467703236352,32.524393100746785,1.4914155674662357,63.606777538671395,112.65229668591358,0.0,0.0,0.0,0.0,8.454904258263683,5.033321221714152,7.6154528565322295,11.149830519107528,11.263080236186868,18.254199904151996,0.0002933490966101187,3.3914147564312283e-06
2.0999999999998797,-0.6974670395807318,0.5060557768987124,1.9860876681675765,170.74638792846403,60.61727442475811,-0.6579386519095612,9.891350378884998e-07,7857,0.38031613828728283,0.0,0.0,163.29784688242347,21.68292873383119,0.9942770449774905,59.07118502578093,91.76819779060905,0.0,0.0,0.0,0.0,8.969936172175789,4.546023671618959,7.211114912484901,10.69968125142148,8.550386824124578,18.419466602767997,0.0001955660644067458,2.260943170954152e-06
2.1199999999998775,-0.7157855713665849,0.5044428826008748,1.9858477461055,171.96054053443783,59.712094319315625,-0.4386257679397074,6.59423358592333e-07,8057,0.25354409219152185,0.0,0.0,158.86523125494898,31.121952489220796,0.662851363318327,56.04745668385395,94.51213186040603,0.0,0.0,0.0,0.0,11.53551300367275,5.411634828698354,7.246434331900503,10.579622891894156,7.783591216083052,14.362977735178664,0.00013037737627116385,1.507295447302768e-06
2.1399999999998753,-0.7341061315944246,0.5022620351745409,1.9855994578086937,173.15667860650535,58.809955156591805,-0.43130606751536055,4.3961557239488866e-07,8543,0.1690293947943479,0.0,0.0,155.91015416996598,54.08130165948053,0.4419009088788846,54.031637789235965,79.67475457360402,0.0,0.0,0.0,0.0,12.134786446892944,9.560137504846523,7.600265164356434,10.808225960851248,9.355727477388701,15.825318490119109,8.691825084744256e-05,1.0048636315351785e-06
2.159999999999873,-0.7524183211180135,0.4995112454157114,1.9853431092714489,174.32523106433607,56.99871361411772,-0.35698182278801815,2.930770482632591e-07,7929,0.11268626319623193,0.0,0.0,170.606769446644,69.38753443965369,0.2946006059192564,52.68775852615731,86.44983638240268,0.0,0.0,0.0,0.0,8.089857631261962,6.373425003231015,7.200989784367704,10.111862574723878,9.362151651592468,14.71687899341274,5.79455005649617e-05,6.69909087690119e-07
2.179999999999871,-0.7707115653081827,0.4961904389294367,1.9850792504995707,175.52286982650816,61.33360163143474,-0.7935434374142343,1.9538469884217271e-07,7766,0.07512417546415462,0.0,0.0,163.73784629776267,79.5916896264358,0.19640040394617092,35.125172350771535,74.29989092160179,0.0,0.0,0.0,0.0,12.059905087507975,7.820378573582581,7.646188311529689,10.830747889322092,8.324767767728313,20.227919328941827,3.8630333709974463e-05,4.4660605846007933e-07
2.1999999999998687,-0.7889754479101905,0.4922978084967689,1.9848081001983238,176.78300703959772,63.467398769430936,-0.6679178471650451,1.302564658947818e-07,8066,0.050082783642769746,0.0,0.0,159.15856419850846,69.72779308429052,0.1309336026307806,40.08344823384769,66.19992728106786,0.0,0.0,0.0,0.0,12.48438116944976,7.594538096674102,7.841361313377516,10.847041802757937,8.674845178485542,18.69361288596122,2.5753555806649642e-05,2.9773737230671954e-07
2.2199999999998665,-0.8071996989493606,0.48782788749876066,1.9845292690559508,178.04096526123274,61.38454499546241,-0.3758341203322522,8.683764392985453e-08,7802,0.03338852242851316,0.0,0.0,172.77237613233896,46.485195389527014,0.0872890684205204,60.055632155898465,77.46661818737857,0.0,0.0,0.0,0.0,8.322920779633172,5.063025397782734,7.463346566641921,10.420661613361258,7.866563452323695,13.504075257307479,1.7169037204433095e-05,1.9849158153781303e-07
2.2399999999998643,-0.8253738027385707,0.4827757498645023,1.9842424404414136,179.28241960517553,61.61310489317162,-0.5283338579992792,5.7891762619903025e-08,7876,0.022259014952342105,0.0,0.0,165.18158408822597,30.990130259684676,16.724859378947016,56.70375477059898,84.97774545825239,0.0,0.0,0.0,0.0,9.993058297533226,3.3753502651884895,7.338369255810061,10.959453421253183,10.452708968215797,18.377716838204986,1.1446024802955397e-05,1.3232772102520867e-07
2.259999999999862,-0.8434869673202114,0.4771381858514572,1.983947547854537,-179.4570227011128,63.199224672145846,-0.6300003497772974,3.859450841326868e-08,7958,0.014839343301561402,0.0,0.0,160.12105605881732,37.32675350645645,11.149906252631343,54.469169847065984,89.98516363883492,0.0,0.0,0.0,0.0,9.995372198355485,4.63118589107804,7.382083568914024,10.469882527749036,6.968472645477197,16.418477892136657,7.630683201970264e-06,8.821848068347244e-08
2.27999999999986,-0.8615281754309774,0.47091146179519605,1.9836444076023467,-178.16694532078424,64.58279673932509,-0.628333566518198,2.5729672275512455e-08,7954,0.009892895534374268,0.0,0.0,173.41403737254487,41.5511690043043,24.099937501754233,52.979446564710656,76.65677575922328,0.0,0.0,0.0,0.0,13.33024813223699,10.230314403575836,7.360413436186585,10.889386705742155,8.812315096984799,18.23731859475777,5.087122134646843e-06,5.881232045564829e-08
2.2999999999998577,-0.8794861025072934,0.4640906451860834,1.983332613438792,-176.8609222418404,64.84934989176564,-0.5577779332343542,1.7153114850341635e-08,8989,0.0065952636895828445,0.0,0.0,165.60935824836324,61.0341126695362,16.066625001169488,51.986297709807104,84.43785050614885,0.0,0.0,0.0,0.0,12.220165421491327,9.201161983336272,7.955722778595935,11.760619943745798,8.9998767313232,17.366545729838514,3.3914147564312283e-06,3.9208213637098857e-08
2.3199999999998555,-0.8973490763019796,0.45667072084592486,1.9830117253861255,-175.56622647309598,63.50059407697547,-0.4412963999340139,1.1435409900227757e-08,8353,0.004396842459721896,0.0,0.0,177.07290549890882,57.35607511302413,27.377750000779663,34.65753180653807,72.95856700409924,0.0,0.0,0.0,0.0,8.146776947660884,6.134107988890848,7.564994047519241,11.72415815179761,9.124917820882134,15.744363819892342,2.260943170954152e-06,2.6138809091399238e-08
2.3399999999998533,-0.9151051896349186,0.44864841653460535,1.9826815734293117,-174.2773205215104,64.08306805797751,-0.571975377733787,7.623606600151837e-09,8192,0.0029312283064812637,0.0,0.0,184.71527033260588,71.57071674201609,18.251833333853106,39.77168787102538,81.97237800273282,0.0,0.0,0.0,0.0,9.875629076218367,4.089405325927231,7.304508226801445,11.596969632062605,9.208278547254755,17.78790921326156,1.507295447302768e-06,1.742587272759949e-08
2.359999999999851,-0.9327423601799778,0.44002203054936545,1.9823422169075657,-172.99457704689328,62.95000797114244,-0.45076136293363583,5.082404400101224e-09,8108,0.001954152204320842,0.0,0.0,189.81018022173726,47.713811161344054,28.83455555590207,59.84779191401692,87.98158533515522,0.0,0.0,0.0,0.0,13.250419384145578,8.678651169665773,8.274143695916411,12.309502388453259,9.263852364836504,16.02527280884104,1.0048636315351785e-06,1.1617248485066327e-08
2.379999999999849,-0.9502483998328143,0.4307913047480654,1.9819939174947385,-171.71408422075243,63.68078466504632,-0.5782853530668685,3.388269600067483e-09,8422,0.0013027681362138947,0.0,0.0,159.87345348115815,48.4758741075627,19.223037037268046,56.565194609344616,75.32105689010348,0.0,0.0,0.0,0.0,8.833612922763718,6.976243636920039,7.777274659066226,12.012919287775423,8.259234909891003,16.93351520589403,6.69909087690119e-07,7.74483232337755e-09
2.3999999999998467,-0.9676109856870099,0.42095685829876245,1.981637029867627,-170.38744095955417,67.37559100228441,-0.8021902353779123,2.2588464000449887e-09,8222,0.0008685120908092631,0.0,0.0,156.5823023207721,48.98391607170847,12.815358024845363,54.376796406229744,66.88070459340231,0.0,0.0,0.0,0.0,8.111297504064702,4.650829091280025,7.776313187344964,11.32651409308485,9.672823273260668,21.705676803929354,4.4660605846007933e-07,5.163221548918367e-09
2.4199999999998445,-0.9848171615446406,0.41051714785865956,1.9812714661906399,-169.01017819535406,68.90266987059388,-0.6736823791408304,1.5058976000299921e-09,8074,0.0005790080605395087,0.0,0.0,154.3882015471814,32.65594404780565,8.543572016563575,52.91786427081983,77.92046972893488,0.0,0.0,0.0,0.0,10.963087224932025,4.291028917996207,7.648639685872252,11.177552605266444,8.53188218217378,18.637117869286236,2.9773737230671954e-07,3.4421476992789113e-09
2.4399999999998423,-1.0018530966193018,0.3994680849621612,1.9808966396659908,-167.5862870075549,71.92575577424948,-0.7963438083161092,1.003931733353328e-09,8092,0.0003860053736930058,0.0,0.0,186.25880103145428,38.43729603187043,5.6957146777090495,51.945242847213215,68.61364648595658,0.0,0.0,0.0,0.0,7.30872481662135,2.8606859453308044,7.029987432857924,10.615281983757876,7.771254788115853,19.71641191285749,1.9849158153781303e-07,2.2947651328526076e-09
2.45999999999984,-1.0187039236444304,0.3878033676496753,1.9805115192324103,-166.08385866627333,76.66380942650187,-0.947562538877406,6.692878222355521e-10,8419,0.0002573369157953372,0.0,0.0,174.17253402096952,25.624864021246953,20.463809785139368,51.29682856480881,95.74243099063773,0.0,0.0,0.0,0.0,8.205816544414233,1.9071239635538695,7.125682678815852,10.729118030324182,5.180836525410569,19.39427460857166,1.3232772102520867e-07,1.5298434219017384e-09
2.479999999999838,-1.035353134371033,0.3755129636231656,1.9801143358698177,-164.51802143091808,78.45642204936338,-0.770597248140493,4.46191881490368e-10,8712,0.0001715579438635581,0.0,0.0,166.11502268064635,17.0832426808313,13.642539856759578,50.86455237653921,97.16162066042516,0.0,0.0,0.0,0.0,13.248322140720601,9.604749309035915,8.38358520051138,11.782374983179084,9.703891016940378,21.262849739047773,8.821848068347244e-08,1.019895614601159e-09
2.4999999999998357,-1.051782612852687,0.36258447947509165,1.9797028263032252,-162.92472386902156,79.38532267655587,-0.7220648320936619,2.97461254326912e-10,8987,0.0001143719625757054,0.0,0.0,160.74334845376424,11.388828453887534,9.095026571173051,50.57636825102614,81.44108044028343,0.0,0.0,0.0,0.0,14.387770316035956,6.403166206023943,8.155113710910026,12.021583322119389,9.594260677960252,20.42523315936518,5.881232045564829e-08,6.799304097341059e-10
2.5199999999998335,-1.0679732570633045,0.34900603459475177,1.9792747751657769,-161.33744001409727,77.87859818346493,-0.5508209991735524,1.9830750288460797e-10,8789,16.66674291464172,0.0,0.0,173.82889896917615,7.592552302591689,6.0633510474487,33.717578834017424,87.62738696018896,0.0,0.0,0.0,0.0,11.814069099579527,6.649729851635009,8.180644912964407,12.181055548079593,11.604507118640168,19.866822106243454,3.9208213637098857e-08,4.5328693982273727e-10
2.5399999999998313,-1.0839057776643504,0.3347686343661252,1.9788284947929928,-159.76323045588305,77.8242132157625,-0.6449917772268127,1.3220500192307197e-10,8801,27.77782860976115,0.0,0.0,149.21926597945077,21.728368201727793,4.042234031632466,22.47838588934495,75.08492464012598,0.0,0.0,0.0,0.0,8.987157177497462,4.433153234423339,8.223072218399036,12.31309052999545,12.944671412426779,22.61954807082897,2.6138809091399238e-08,3.0219129321515816e-10
2.559999999999829,-1.0995610478822768,0.319866616970181,1.978362917595993,-158.17983648559394,78.63031340630138,-0.7077722959289862,8.813666794871465e-11,9022,51.85188573984077,0.0,0.0,182.81284398630052,31.15224546781853,2.6948226877549772,31.6522572595633,66.72328309341732,0.0,0.0,0.0,0.0,9.324771451664974,2.9554354896155592,8.352983104948951,11.860990394482563,13.838114274951186,24.45469871388598,1.742587272759949e-08,2.0146086214343877e-10
2.579999999999827,-1.1149198166465721,0.3042963601430871,1.977877319031051,-156.60411622816207,77.07954504543498,-0.5412926417304352,5.875777863247643e-11,8277,84.56792382656052,0.0,0.0,171.87522932420035,37.43483031187902,1.796548458503318,21.101504839708866,77.81552206227822,0.0,0.0,0.0,0.0,6.216514301109982,1.9702903264103728,8.083899305738324,11.35382898726821,16.51707618330079,24.63646580925732,1.1617248485066327e-08,1.3430724142895917e-10
2.5999999999998247,-1.1299632154984283,0.2880571308353663,1.9773715102079492,-155.05181008792826,76.08433078402274,-0.5691950944869568,3.917185242165095e-11,9016,106.37861588437369,0.0,0.0,181.25015288280022,24.956553541252678,1.1976989723355453,64.06766989313925,85.21034804151881,0.0,0.0,0.0,0.0,13.033231756295544,7.265907836654535,8.895363764801159,11.813046485339301,16.21971745553386,24.757643872838212,7.74483232337755e-09,8.953816095263944e-11
2.6199999999998225,-1.1446734800118463,0.27115218419805004,1.9768460847916542,-153.56367590867512,70.73010180949018,-0.24057450743574904,2.6114568281100634e-11,9163,120.91907725624912,0.0,0.0,187.50010192186681,16.637702360835117,0.7984659815570302,42.7117799287595,90.1402320276792,0.0,0.0,0.0,0.0,15.355487837530363,11.986795700626834,9.334714054582886,12.63359477623443,20.188144970355907,23.796762581892143,5.163221548918367e-09,5.969210730175962e-11
2.6399999999998203,-1.1590353654015884,0.253590897783656,1.97630291287581,-152.16506639166255,66.78179742246239,-0.29927189384605507,1.7409712187400423e-11,8821,113.94605150416608,0.0,0.0,191.66673461457788,11.091801573890077,0.5323106543713534,28.47451995250633,76.76015468511946,0.0,0.0,0.0,0.0,12.45921411390913,10.372149514703603,8.611354085169078,12.151820385802377,19.708763313570604,24.19784172126143,3.4421476992789113e-09,3.979473820117308e-11
2.659999999999818,-1.1730373500438154,0.23539008929237518,1.9757454092397888,-150.89282592946142,58.14373014834869,0.07826318188040797,1.1606474791600281e-11,8076,142.63070100277739,0.0,0.0,177.77782307638526,24.06120104926005,0.3548737695809022,35.64967996833755,67.84010312341297,0.0,0.0,0.0,0.0,12.750587187050531,6.914766343135735,8.81508971531597,11.573435812757142,26.68084220904707,25.506894480840952,2.2947651328526076e-09,2.6529825467448718e-11
2.679999999999816,-1.1866729423443465,0.21657524360150882,1.9751787349984842,-149.73678981088835,54.62022508859716,-0.22560232319083914,7.737649861066855e-12,8825,95.08713400185158,0.0,0.0,168.51854871759016,49.37413403284003,16.903249179720603,40.4331199788917,78.56006874894199,0.0,0.0,0.0,0.0,12.94483590247813,8.181272800185727,9.001726476877314,11.882290541838094,22.995561472698046,26.379596320560633,1.5298434219017384e-09,1.7686550311632478e-11
2.6999999999998137,-1.1999403659721875,0.19717896804537355,1.974609275460062,-148.63750424729457,52.362954254030655,-0.2892904376827815,5.158433240711236e-12,8071,63.391422667901054,0.0,0.0,145.67903247839345,49.58275602189335,11.268832786480402,26.955413319261133,69.040045832628,0.0,0.0,0.0,0.0,13.07433504609653,9.025610438219056,8.999118464259672,12.113913859167782,23.663707648465365,28.003064213707088,1.019895614601159e-09,1.1791033541088317e-11
2.7199999999998115,-1.212840499419607,0.17723683076296035,1.9740435488858683,-147.59483162395816,49.049435764866615,-0.192860291788521,3.438955493807491e-12,8634,42.26094844526737,0.0,0.0,147.11935498559563,33.05517068126223,7.512555190986935,51.30360887950742,96.026697221752,0.0,0.0,0.0,0.0,14.27177891961991,8.398026006431751,8.87034726885604,12.499810885535723,20.984138432310242,23.877042809138057,6.799304097341059e-10,7.860689027392212e-12
2.7399999999998093,-1.2253766233774699,0.15678662424448542,1.9734879814738835,-146.63403758140407,44.291854974511764,-0.05912908341456955,2.2926369958716604e-12,7256,28.173965630178245,0.0,0.0,148.0795699903971,22.03678045417482,5.008370127324623,50.869072586338284,64.01779814783467,0.0,0.0,0.0,0.0,10.625630390857719,5.598684004287834,7.59039411419671,11.213865693237807,21.28109228820683,22.16802853942537,4.5328693982273727e-10,5.240459351594807e-12
2.759999999999807,-1.23755492733406,0.13586891345877927,1.9729489679212335,-145.70606525732845,45.475578496586415,-0.45608605560971305,1.5284246639144402e-12,6991,18.782643753452163,0.0,0.0,148.71971332693138,31.35785363611655,3.338913418216415,50.57938172422552,76.01186543188977,0.0,0.0,0.0,0.0,7.083753593905145,3.7324560028585556,6.559246482635205,10.305128569154423,16.270728192137884,23.11201902628358,3.0219129321515816e-10,3.4936395677298714e-12
2.779999999999805,-1.249382534995683,0.11452392535445896,1.9724321840022492,-144.7696852716515,45.401260539363896,-0.3735018148509198,1.0189497759429601e-12,6753,12.521762502301442,0.0,0.0,149.14647555128758,54.23856909074437,2.225942278810943,50.386254482817016,67.34124362125985,0.0,0.0,0.0,0.0,8.055835729270097,2.4883040019057034,6.456164321756803,9.6993038197655,11.888818794758588,17.491346017522385,2.0146086214343877e-10,2.3290930451532474e-12
2.7999999999998026,-1.2608655216084124,0.09278865690391819,1.9719420821514457,-143.79415896074613,49.31116880484688,-0.66566787656728,6.7929985062864e-13,7884,8.34784166820096,0.0,0.0,166.09765036752506,52.825712727162916,1.4839615192072952,50.25750298854468,78.22749574750657,0.0,0.0,0.0,0.0,10.926112708402288,7.611250286984755,7.200451011252502,10.735749871613216,13.13421252983906,23.11923067834826,1.3430724142895917e-10,1.5527286967688314e-12
2.8199999999998004,-1.2720073929718845,0.07069496543362958,1.9714816819404544,-142.73910006840205,53.53822420767904,-0.7215563621559643,4.528665670857599e-13,8071,5.56522777880064,0.0,0.0,177.39843357835005,35.21714181810861,0.9893076794715301,33.50500199236312,68.81833049833772,0.0,0.0,0.0,0.0,15.061852916712638,11.02654781037079,7.442577096932562,11.81251637531416,10.839475019892706,21.66282045223217,8.953816095263944e-11,1.0351524645125542e-12
2.8399999999997982,-1.2828073941818963,0.04826764060237172,1.9710523957722361,-141.61088653720466,56.84795122475918,-0.6893709081039762,3.0191104472383995e-13,7136,3.71015185253376,0.0,0.0,168.2656223855667,40.1447612120724,0.65953845298102,39.003334661575416,79.21222033222514,0.0,0.0,0.0,0.0,12.263457500030647,8.541508064056718,6.689360341044472,10.755669353090099,8.267983346595138,18.60854696815478,5.969210730175962e-11,6.901016430083694e-13
2.859999999999796,-1.2932607489371368,0.02552523813578391,1.97065434574695,-140.4447811150808,57.60036696268752,-0.5290250498470952,2.012740298158933e-13,7718,2.47343456835584,0.0,0.0,162.1770815903778,60.09650747471494,0.43969230198734666,42.66888977438361,69.47481355481676,0.0,0.0,0.0,0.0,8.175638333353763,5.694338709371145,6.314248357444282,10.025384506998337,7.595322231063425,15.530697978769853,3.979473820117308e-11,4.600677620055795e-13
2.879999999999794,-1.3033600577894107,0.0024823120071694317,1.9702868641754796,-139.23043695931878,61.53780336698665,-0.769350033231397,1.3418268654392886e-13,8006,1.6489563789038932,0.0,0.0,158.1180543935852,40.06433831647662,0.29312820132489775,45.1125931829224,62.98320903654451,0.0,0.0,0.0,0.0,9.89487000001362,6.177178187199811,6.953401343987245,10.773095844171731,7.146881487375617,18.68713198584657,2.6529825467448718e-11,3.0671184133705303e-13
2.8999999999997916,-1.313095062017364,-0.020850465117909046,1.9699485497961389,-137.95998392214847,63.42896129499481,-0.6517889110431535,8.945512436261923e-14,8511,1.0993042526025953,0.0,0.0,172.0787029290568,43.37622554431775,0.19541880088326516,46.741728788614935,75.32213935769634,0.0,0.0,0.0,0.0,13.263246666675748,10.070499743847494,7.557348863471171,11.323010398172102,8.931254324917077,18.70808799056438,1.7686550311632478e-11,2.0447456089136867e-13
2.9199999999997894,-1.322452324425383,-0.04446627521452255,1.969637287888727,-136.63566494777692,66.87414850502513,-0.7817481629176579,5.963674957507948e-14,10821,0.7328695017350635,0.0,0.0,164.71913528603787,45.584150362878496,0.13027920058884343,47.827819192409954,66.88142623846423,0.0,0.0,0.0,0.0,12.175497777783832,10.2850950673269,8.010793551257203,11.998262076147657,8.037502883278052,19.76372532704292,1.1791033541088317e-11,1.3631637392757911e-13
2.9399999999997872,-1.3314155524436158,-0.06836136260588817,1.9693503874519156,-135.28475082956493,66.38263905330808,-0.5211654419451052,3.975783305005299e-14,14049,0.48857966782337564,0.0,0.0,143.14609019069192,30.38943357525233,0.08685280039256228,65.2185461282733,77.92095082564282,0.0,0.0,0.0,0.0,11.450331851855887,6.8567300448846,8.643374562626754,11.934026569283624,8.483335255518702,16.30081688469528,7.860689027392212e-12,9.087758261838608e-14
2.959999999999785,-1.3399671923899974,-0.09253306961074571,1.9690849601198672,-133.96798944394453,63.582858707423405,-0.3474436279634034,2.6505222033368656e-14,14770,0.3257197785489171,0.0,0.0,145.4307267937946,20.25962238350155,0.05790186692837485,60.14569741884887,85.28063388376188,0.0,0.0,0.0,0.0,7.633554567903925,4.5711533632564,8.734810684027591,12.328445696394844,11.905556837012469,17.11721125646352,5.240459351594807e-12,6.058505507892404e-14
2.979999999999783,-1.3480914277064684,-0.1169768038556783,1.9688385515831095,-132.6801047155133,63.30457092741626,-0.5094068630867133,1.767014802224577e-14,14515,0.2171465190326114,0.0,0.0,146.95381786252975,13.506414922334367,0.038601244618916564,56.76379827923258,73.52042258917459,0.0,0.0,0.0,0.0,6.200147489713728,3.0474355755042666,8.897394114554979,12.61711194574471,12.103704558008312,19.744807504309012,3.4936395677298714e-12,4.039003671928269e-14
2.9999999999997806,-1.355774172188257,-0.14168625366406154,1.9686091061524733,-131.3820791049164,64.52717250492518,-0.6173823531689202,1.178009868149718e-14,14873,0.14476434602174093,0.0,0.0,147.96921190835317,9.004276614889577,0.025734163079277707,37.842532186155054,82.34694839278306,0.0,0.0,0.0,0.0,5.244542770920263,2.0316237170028444,9.107409084500068,13.14391825189565,10.152469705338873,19.413205002872676,2.3290930451532474e-12,2.692669114618846e-14
