t,x,y,z,yaw,wz,turn,gf,nact,DNp01_left,DNp01_right,DNa02_left,DNa02_right,DNa01_left,DNa01_right,DNb01_left,DNb01_right,DNp03_left,DNp03_right,DNp11_left,DNp11_right,DNg02_left,DNg02_right,DN_all_left,DN_all_right
0.02000000000000001,0.0,0.0,2.0,0.0,0.0,0.0,0.0,0,0.0,0.0,0.0,0.0,0.0,0.0,0.0,0.0,0.0,0.0,0.0,0.0,0.0,0.0,0.0,0.0
0.04000000000000003,0.0,0.0,2.0,0.0,0.0,0.0,0.0,0,0.0,0.0,0.0,0.0,0.0,0.0,0.0,0.0,0.0,0.0,0.0,0.0,0.0,0.0,0.0,0.0
0.060000000000000046,0.0,0.0,2.0,0.0,0.0,0.0,0.0,0,0.0,0.0,0.0,0.0,0.0,0.0,0.0,0.0,0.0,0.0,0.0,0.0,0.0,0.0,0.0,0.0
0.08000000000000006,0.0,0.0,2.0,0.0,0.0,0.0,0.0,0,0.0,0.0,0.0,0.0,0.0,0.0,0.0,0.0,0.0,0.0,0.0,0.0,0.0,0.0,0.0,0.0
0.10000000000000007,0.0,0.0,2.0,0.0,0.0,0.0,0.0,0,0.0,0.0,0.0,0.0,0.0,0.0,0.0,0.0,0.0,0.0,0.0,0.0,0.0,0.0,0.0,0.0
0.12000000000000009,0.0,0.0,2.0,0.0,0.0,0.0,0.0,0,0.0,0.0,0.0,0.0,0.0,0.0,0.0,0.0,0.0,0.0,0.0,0.0,0.0,0.0,0.0,0.0
0.1400000000000001,0.0,0.0,2.0,0.0,0.0,0.0,0.0,0,0.0,0.0,0.0,0.0,0.0,0.0,0.0,0.0,0.0,0.0,0.0,0.0,0.0,0.0,0.0,0.0
0.16000000000000011,0.0,0.0,2.0,0.0,0.0,0.0,0.0,0,0.0,0.0,0.0,0.0,0.0,0.0,0.0,0.0,0.0,0.0,0.0,0.0,0.0,0.0,0.0,0.0
0.18000000000000013,0.0,0.0,2.0,0.0,0.0,0.0,0.0,0,0.0,0.0,0.0,0.0,0.0,0.0,0.0,0.0,0.0,0.0,0.0,0.0,0.0,0.0,0.0,0.0
0.20000000000000015,0.0,0.0,2.0,0.0,0.0,0.0,0.0,0,0.0,0.0,0.0,0.0,0.0,0.0,0.0,0.0,0.0,0.0,0.0,0.0,0.0,0.0,0.0,0.0
0.22000000000000017,0.0,0.0,2.0,0.0,0.0,0.0,0.0,0,0.0,0.0,0.0,0.0,0.0,0.0,0.0,0.0,0.0,0.0,0.0,0.0,0.0,0.0,0.0,0.0
0.24000000000000019,0.0,0.0,2.0,0.0,0.0,0.0,0.0,0,0.0,0.0,0.0,0.0,0.0,0.0,0.0,0.0,0.0,0.0,0.0,0.0,0.0,0.0,0.0,0.0
0.2600000000000002,0.0,0.0,2.0,0.0,0.0,0.0,0.0,0,0.0,0.0,0.0,0.0,0.0,0.0,0.0,0.0,0.0,0.0,0.0,0.0,0.0,0.0,0.0,0.0
0.2800000000000002,0.0,0.0,2.0,0.0,0.0,0.0,0.0,0,0.0,0.0,0.0,0.0,0.0,0.0,0.0,0.0,0.0,0.0,0.0,0.0,0.0,0.0,0.0,0.0
0.3000000000000002,0.0,0.0,2.0,0.0,0.0,0.0,0.0,0,0.0,0.0,0.0,0.0,0.0,0.0,0.0,0.0,0.0,0.0,0.0,0.0,0.0,0.0,0.0,0.0
0.32000000000000023,0.0,0.0,2.0,0.0,0.0,0.0,0.0,0,0.0,0.0,0.0,0.0,0.0,0.0,0.0,0.0,0.0,0.0,0.0,0.0,0.0,0.0,0.0,0.0
0.34000000000000025,0.0,0.0,2.0,0.0,0.0,0.0,0.0,0,0.0,0.0,0.0,0.0,0.0,0.0,0.0,0.0,0.0,0.0,0.0,0.0,0.0,0.0,0.0,0.0
0.36000000000000026,0.0,0.0,2.0,0.0,0.0,0.0,0.0,0,0.0,0.0,0.0,0.0,0.0,0.0,0.0,0.0,0.0,0.0,0.0,0.0,0.0,0.0,0.0,0.0
0.3800000000000003,0.0,0.0,2.0,0.0,0.0,0.0,0.0,0,0.0,0.0,0.0,0.0,0.0,0.0,0.0,0.0,0.0,0.0,0.0,0.0,0.0,0.0,0.0,0.0
0.4000000000000003,0.0,0.0,2.0,0.0,0.0,0.0,0.0,0,0.0,0.0,0.0,0.0,0.0,0.0,0.0,0.0,0.0,0.0,0.0,0.0,0.0,0.0,0.0,0.0
0.4200000000000003,0.0,0.0,2.0,0.0,0.0,0.0,0.0,0,0.0,0.0,0.0,0.0,0.0,0.0,0.0,0.0,0.0,0.0,0.0,0.0,0.0,0.0,0.0,0.0
0.44000000000000034,0.0,0.0,2.0,0.0,0.0,0.0,0.0,0,0.0,0.0,0.0,0.0,0.0,0.0,0.0,0.0,0.0,0.0,0.0,0.0,0.0,0.0,0.0,0.0
0.46000000000000035,0.0,0.0,2.0,0.0,0.0,0.0,0.0,0,0.0,0.0,0.0,0.0,0.0,0.0,0.0,0.0,0.0,0.0,0.0,0.0,0.0,0.0,0.0,0.0
0.48000000000000037,0.0,0.0,2.0,0.0,0.0,0.0,0.0,0,0.0,0.0,0.0,0.0,0.0,0.0,0.0,0.0,0.0,0.0,0.0,0.0,0.0,0.0,0.0,0.0
0.5000000000000003,0.0,0.0,2.0,0.0,0.0,0.0,0.0,0,0.0,0.0,0.0,0.0,0.0,0.0,0.0,0.0,0.0,0.0,0.0,0.0,0.0,0.0,0.0,0.0
0.5200000000000004,0.0,0.0,2.0,0.1092048123855761,10.206007168698738,0.0,0.0,0,0.0,0.0,0.0,0.0,0.0,0.0,0.0,0.0,0.0,0.0,0.0,0.0,0.0,0.0,0.0,0.0
0.5400000000000004,1.0949518409170275e-09,-2.698459818236199e-07,1.9999999999582228,0.3696997123143513,15.474649656462422,0.2777777777777778,0.0,1300,0.0,0.0,0.0,16.666666666666668,0.0,0.0,0.0,0.0,0.0,0.0,0.0,0.0,0.0,0.0,0.1524390243902439,0.6944444444444445
0.5600000000000004,2.122786947318327e-08,-3.3584675247401175e-06,1.99999999865581,0.8235490661619227,28.96583386162644,-0.3703703703703704,0.0,3375,0.0,0.0,0.0,11.11111111111111,33.333333333333336,0.0,0.0,0.0,0.0,0.0,0.0,0.0,0.0,0.0,1.57520325203252,1.9804526748971196
0.5800000000000004,6.982003984762289e-08,-1.0056960760866353e-05,1.9999999956537733,1.505171854381245,38.52711501756123,-0.19400352733686066,0.0,6480,0.0,0.0,0.0,7.4074074074074066,22.22222222222222,0.0,0.0,0.0,0.0,0.0,0.0,0.0,5.555555555555556,2.380952380952381,4.861111111111112,5.02400548696845
0.6000000000000004,5.555292252171541e-08,-1.6435280253352264e-05,1.9999999924568934,2.276110541068262,38.56414020057627,0.4262198706643152,0.0,6641,0.0,0.0,0.0,38.27160493827161,14.814814814814813,0.0,0.0,0.0,0.0,0.0,0.0,0.0,3.703703703703704,1.5873015873015872,5.171635049683831,5.895633287608597
0.6200000000000004,-2.977247569276977e-08,-2.2293841880093025e-05,1.999999988574972,2.964198660810451,30.788961240545753,1.0,0.0,6567,0.0,0.0,0.0,75.51440329218107,26.54320987654321,0.0,16.666666666666668,33.333333333333336,0.0,0.0,0.0,0.0,3.5802469135802473,1.0582010582010581,5.40405751279735,7.068282274043591
0.6400000000000005,5.372906684782091e-07,-4.1724426457304185e-05,1.999999949820912,3.506224993080961,23.895488193892866,1.0,0.0,6604,0.0,0.0,0.0,100.34293552812072,17.695473251028805,0.0,27.77777777777778,55.55555555555556,0.0,0.0,0.0,0.0,6.8312757201646095,3.0864197530864197,5.863883870320185,8.10724991109079
0.6600000000000005,3.7482209420517566e-06,-0.00010585005615849521,1.9999996289632678,3.960564825155024,21.689219764504106,0.713001066910532,0.0,5974,0.0,0.0,0.0,66.89529035208048,28.463648834019203,0.0,35.18518518518519,37.03703703703704,0.0,0.0,0.0,0.0,4.554183813443073,2.05761316872428,5.636898189969554,7.7710884180934485
0.6800000000000005,1.2810969326435405e-05,-0.0002573135413677237,1.9999983113916258,4.364974966244196,18.93531462985421,0.7716303409033176,0.0,5225,0.0,0.0,0.0,61.26352690138699,18.975765889346135,0.0,23.45679012345679,24.691358024691358,0.0,0.0,0.0,0.0,4.147233653406493,1.371742112482853,5.282322370548808,7.546980756095221
0.7000000000000005,3.198484265987542e-05,-0.0005459947812580854,1.9999946055774296,4.684510393038119,13.386046053022879,1.0,0.0,5335,0.0,0.0,0.0,74.17568460092465,12.650510592897422,0.0,15.637860082304528,33.1275720164609,0.0,0.0,0.0,0.0,2.7648224356043287,0.9144947416552354,5.020531986869937,7.706217623405044
0.7200000000000005,6.663552354333752e-05,-0.0010295355758272234,1.9999861605510876,4.899995422400998,8.46606497481571,1.0,0.0,4574,0.0,0.0,0.0,66.1171230672831,8.433673728598281,0.0,27.091906721536354,38.7517146776406,0.0,0.0,0.0,0.0,4.0654371792917745,0.6096631611034902,4.871411568482397,7.580894053463445
0.7400000000000005,0.00012310579024337942,-0.0017727393416080628,1.9999694124803944,5.0914095575233285,10.484801090109544,0.5311003479219705,0.0,3576,0.0,0.0,0.0,44.0780820448554,22.289115819065522,0.0,34.727937814357574,42.501143118427066,0.0,0.0,0.0,0.0,2.710291452861183,0.4064421074023268,4.543339419638671,6.802900562391268
0.7600000000000006,0.00020807378373358047,-0.0028410966491357746,1.9999398383782245,5.306002586103419,10.903682584365335,0.6318446763924249,0.0,4015,0.0,0.0,0.0,46.052054696570266,14.85941054604368,0.0,23.15195854290505,28.33409541228471,0.0,0.0,0.0,0.0,1.806860968574122,0.2709614049348845,4.7565352228485445,7.133003667108582
0.7800000000000006,0.0003281483216416173,-0.004296203659958158,1.9998923948331604,5.558859466627118,14.141112349036671,0.42122978426161656,0.0,4504,0.0,0.0,0.0,30.70136979771351,9.906273697362453,0.0,15.434639028603366,18.889396941523138,0.0,0.0,0.0,0.0,1.2045739790494145,0.18064093662325634,4.873259254256753,7.070150592887203
0.8000000000000006,0.0004897121779347963,-0.006193987105029865,1.99982193119977,5.852154108912861,15.142114308938227,0.5585976339521889,0.0,4535,0.0,0.0,0.0,20.46757986514234,6.604182464908302,0.0,10.289759352402243,29.259597961015427,0.0,0.0,0.0,0.0,0.8030493193662763,0.12042729108217089,5.027294787390681,7.0796888726243905
0.8200000000000006,0.0006988711517912182,-0.008583995676442571,1.9997235204670687,6.190812254992073,18.56340321420346,0.3723984226347925,0.0,4428,0.0,0.0,0.0,30.311719910094894,4.402788309938868,0.0,23.52650623493483,19.50639864067695,0.0,0.0,0.0,0.0,0.5353662129108508,0.08028486072144725,4.901326606227934,7.26608887804589
0.8400000000000006,0.0009613941226328295,-0.011508963283734795,1.9995927682659547,6.570795963425809,19.505915461590487,0.5260433928676395,0.0,4839,0.0,0.0,0.0,36.87447994006326,2.9351922066259117,0.0,15.684337489956551,13.004265760451299,0.0,0.0,0.0,0.0,0.3569108086072339,0.05352324048096483,4.690315298460899,6.953112749972981
0.8600000000000007,0.0012827756921178987,-0.01500551228601229,1.9994259027256407,6.900001370484823,13.89194070499064,1.0,0.0,4832,0.0,0.0,0.0,57.91631996004217,1.9567948044172745,0.0,10.456224993304367,25.3361771736342,0.0,0.0,0.0,0.0,0.23794053907148927,0.03568216032064322,4.600454101412956,6.898782985578695
0.8800000000000007,0.0016688805476613752,-0.01911016359743906,1.999218944715089,7.125135106426393,8.914591132954703,1.0,0.0,4729,0.0,0.0,0.0,71.94421330669479,1.3045298696115162,0.0,6.970816662202911,33.55745144908947,0.0,0.0,0.0,0.0,0.1586270260476595,0.02378810688042881,4.464327124519206,6.939723636476332
0.9000000000000007,0.0021262902373437483,-0.023862916637871445,1.9989671085742202,7.258244626802234,4.5016733988445266,1.0,0.0,3862,0.0,0.0,0.0,47.96280887112986,0.8696865797410107,0.0,4.647211108135274,22.37163429939298,0.0,0.0,0.0,0.0,0.10575135069843966,0.015858737920285873,4.602234343175406,6.401173782342246
0.9200000000000007,0.002662086628798775,-0.029306315469349226,1.998664900207116,7.309990714479386,0.5891808872810853,1.0,0.0,3170,0.0,0.0,0.0,65.3085392474199,0.5797910531606738,0.0,3.098140738756849,14.914422866261987,0.0,0.0,0.0,0.0,0.07050090046562643,0.010572491946857249,4.694172488946205,6.402222850779605
0.9400000000000007,0.0032835645276288374,-0.035484150101496706,1.998306321693413,7.3109909826869135,-0.8543029992583834,0.851166208114257,0.0,3057,0.0,0.0,0.0,43.5390261649466,0.3865273687737825,0.0,2.0654271591712323,9.942948577507991,0.0,0.0,0.0,0.0,0.04700060031041762,0.007048327964571499,4.501399545476332,6.402922229737844
0.9600000000000007,0.003997778331596709,-0.04243881162593144,1.9978854266302608,7.325784492524747,1.7267969338093943,0.567444138742838,0.0,2576,0.0,0.0,0.0,29.026017443297732,0.257684912515855,0.0,1.3769514394474882,6.628632385005327,0.0,0.0,0.0,0.0,0.03133373354027841,0.004698885309714332,4.245851729504547,5.554623050277904
0.9800000000000008,0.004810896843834199,-0.050206615809789315,1.9973974367065526,7.414485494658001,6.589128350141636,0.3782960924952254,0.0,2435,0.0,0.0,0.0,19.35067829553182,0.17178994167723666,0.0,0.9179676262983254,4.419088256670218,0.0,0.0,0.0,0.0,0.020889155693518936,0.0031325902064762213,4.10089302292173,4.886209605535063
1.0000000000000007,0.005727708085016443,-0.05881363060452004,1.996839858621689,7.609628993873803,12.616023277409472,0.25219739499681687,0.0,3209,0.0,0.0,0.0,12.900452197021213,0.11452662778482443,0.0,0.6119784175322169,2.946058837780145,0.0,0.0,0.0,0.0,0.01392610379567929,0.0020883934709841475,4.512383966500666,5.006444263772346
1.0199999999999985,0.006751409419861608,-0.06827365524146213,1.9962131028171077,7.926428010002125,19.103436027098375,0.16813159666454458,0.0,4124,0.0,0.0,0.0,8.600301464680808,0.07635108518988296,0.0,0.4079856116881446,1.9640392251867633,0.0,0.0,0.0,0.0,0.009284069197119526,0.0013922623139894317,4.862930774415078,5.446683007123951
1.0399999999999963,0.007883642006060291,-0.07858850438189265,1.9955204420660628,8.251713144065251,14.277813147167487,0.9454210644430299,0.0,5149,0.0,0.0,0.0,39.066867643120545,0.05090072345992197,0.0,0.2719904077920964,17.97602615012451,0.0,0.0,0.0,0.0,0.006189379464746351,0.0009281748759929544,4.690124581317369,5.868776325736955
1.059999999999994,0.009125599357396244,-0.08975616680454014,1.994765919225775,8.494580509211227,10.507846591627278,0.9080584874064642,0.0,4648,0.0,0.0,0.0,42.711245095413695,0.033933815639947976,0.0,0.18132693852806425,11.98401743341634,0.0,0.0,0.0,0.0,0.004126252976497567,0.0006187832506619696,4.524107444455482,6.330213023742332
1.0799999999999919,0.010478980032995243,-0.10177730793645781,1.9939527224205222,8.71185724608748,11.284350735801757,0.6053723249376428,0.0,4086,0.0,0.0,0.0,28.474163396942462,0.022622543759965315,0.0,0.12088462568537617,7.9893449556108935,0.0,0.0,0.0,0.0,0.0027508353176650445,0.0004125221671079797,4.66749439386463,6.612117324470197
1.0999999999999897,0.011945516365856763,-0.11465191281135835,1.9930840656067907,8.972143709398365,14.718770042863433,0.4035815499584285,0.0,4452,0.0,0.0,0.0,18.98277559796164,0.015081695839976875,0.0,0.08058975045691744,5.326229970407262,0.0,0.0,0.0,0.0,0.0018338902117766964,0.00027501477807198647,4.712272685340648,6.542851878864905
1.1199999999999875,0.01352624307393544,-0.12837460603239081,1.9921643631109318,9.314403675316111,19.594373123403127,0.2690543666389524,0.0,4339,0.0,0.0,0.0,12.655183731974427,0.010054463893317916,0.0,0.053726500304611624,3.5508199802715077,0.0,0.0,0.0,0.0,0.0012225934745177976,0.00018334318538132431,4.7167183755929525,6.162312775210348
1.1399999999999852,0.015221034877217487,-0.14293212489901114,1.991199791972592,9.75873956672108,25.137513890562325,0.17936957775930157,0.0,4884,0.0,0.0,0.0,8.436789154649617,0.00670297592887861,0.0,0.03581766686974108,2.367213320181005,0.0,0.0,0.0,0.0,0.0008150623163451984,0.0001222287902542162,4.719682169094488,6.603064483885088
1.159999999999983,0.01702847589655309,-0.1583031872025643,1.9901981746795623,10.195665403451317,19.52567506418497,0.9529130518395345,0.0,5397,0.0,0.0,0.0,55.624526103099754,0.0044686506192524065,0.0,16.690545111246497,18.244808880120672,0.0,0.0,0.0,0.0,0.0005433748775634656,8.148586016947746e-05,4.721658031428846,7.076940108598289
1.1799999999999808,0.018947166599158304,-0.17446632741605714,1.9891668837873797,10.534269498151861,14.840633014844917,0.9315716641893191,0.0,5224,0.0,0.0,0.0,53.74968406873317,0.0029791004128349374,0.0,27.793696740831003,28.829872586747115,0.0,0.0,0.0,0.0,1.1114733610294867,5.432390677965164e-05,5.0532598258306125,7.572898344003797
1.1999999999999786,0.020977044731488176,-0.19140661939750991,1.988111245136594,10.778751832630196,9.755701659306066,1.0,0.0,4953,0.0,0.0,0.0,52.499789379155445,0.0019860669418899583,0.0,18.529131160554,35.88658172449808,0.0,0.0,0.0,0.0,0.7409822406863245,3.621593785310109e-05,5.299734192830164,7.543454863080721
1.2199999999999764,0.023119524282995806,-0.20911564242355085,1.9870346993067833,10.954075735880041,7.425258029220309,0.8399577766767343,0.0,4297,0.0,0.0,0.0,34.999859586103625,0.0013240446279266388,0.0,29.01942077370267,40.59105448299872,0.0,0.0,0.0,0.0,3.8273214937908833,2.414395856873406e-05,5.159172388716044,7.626706534234884
1.2399999999999742,0.025377180782042204,-0.22758956645127582,1.9859393822739577,11.088081125339151,5.3891353885229885,0.8377496288956007,0.0,3369,0.0,0.0,0.0,39.99990639073575,0.0008826964186177591,0.0,19.34628051580178,27.060702988665813,0.0,0.0,0.0,0.0,2.5515476625272555,1.609597237915604e-05,4.6081474461358995,7.064923697720376
1.259999999999972,0.02775335467109641,-0.24682719618681137,1.9848266626968856,11.162765199890499,1.3760046166417024,1.0,0.0,3216,0.0,0.0,0.0,59.99993759382384,0.0005884642790785061,0.0,12.897520343867853,34.70713532577721,0.0,0.0,0.0,0.0,1.7010317750181703,1.0730648252770693e-05,4.52026902913125,6.947603452801238
1.2799999999999698,0.03025228167859877,-0.2668308781041475,1.983696945933734,11.16490122888285,-2.1820368060535187,1.0,0.0,3411,0.0,0.0,0.0,56.66662506254922,0.00039230951938567073,0.0,8.598346895911902,23.138090217184804,0.0,0.0,0.0,0.0,2.2451322944565577,7.153765501847128e-06,4.639528946250102,6.9979907792337475
1.2999999999999676,0.032879136763543315,-0.2876071159777079,1.9825495539433826,11.118153983198685,-3.842401502194157,0.8901974209073383,0.0,3377,0.0,0.0,0.0,37.77775004169948,0.00026153967959044715,0.0,5.732231263941268,15.425393478123201,0.0,0.0,0.0,0.0,5.941199307415483,4.769177001231419e-06,4.71903555766267,6.208537062699041
1.3199999999999654,0.035639525760517834,-0.30916453382242515,1.981383272260389,11.083197019782935,-1.2765423720574358,0.5934649472715589,0.0,3497,0.0,0.0,0.0,25.185166694466318,0.00017435978639363144,0.0,3.8214875092941782,10.283595652082134,0.0,0.0,0.0,0.0,3.960799538276989,3.179451334154279e-06,4.924478989661292,6.042316889535987
1.3399999999999632,0.03853850791825699,-0.3315093861314736,1.9801975293978415,11.122610463117963,3.690307020000968,0.3956432981810392,0.0,2533,0.0,0.0,0.0,16.79011112964421,0.00011623985759575428,0.0,2.547658339529452,6.855730434721423,0.0,0.0,0.0,0.0,2.6405330255179926,2.119634222769519e-06,4.477091684164439,5.108458173270904
1.359999999999961,0.041579672403215764,-0.3546410867879396,1.9789935530162197,11.270467669012952,9.888554556483115,0.2637621987873595,0.0,3085,0.0,0.0,0.0,11.193407419762806,7.749323839716952e-05,0.0,1.6984388930196346,4.5704869564809485,0.0,0.0,0.0,0.0,1.7603553503453284,1.413089481846346e-06,4.280459496760032,4.923128494114759
1.3799999999999588,0.044764651935651,-0.3785499032761833,1.977774898859424,11.542896299072142,16.58034650269321,0.17584146585823965,0.0,3880,0.0,0.0,0.0,7.462271613175204,5.166215893144634e-05,0.0,1.132292595346423,3.046991304320632,0.0,0.0,0.0,0.0,1.1735702335635523,9.420596545642306e-07,4.403436412474168,5.056777020767864
1.3999999999999566,0.0480929006251364,-0.4032162200804293,1.976547481863535,11.944963611210373,23.310906158566493,0.1172276439054931,0.0,4432,0.0,0.0,0.0,4.974847742116802,3.444143928763089e-05,0.0,0.7548617302309486,2.0313275362137544,0.0,0.0,0.0,0.0,0.7823801557090349,6.28039769709487e-07,4.485421022950258,5.06871554470944
1.4199999999999544,0.051561720047380806,-0.42861131796406093,1.9753191380666886,12.396646569981195,22.249959469465537,0.6337073181592175,0.0,5356,0.0,0.0,0.0,36.649898494744534,2.296095952508726e-05,0.0,0.503241153487299,1.3542183574758362,0.0,0.0,0.0,0.0,0.5215867704726899,4.1869317980632464e-07,4.844955478714806,5.8739996635511496
1.4399999999999522,0.05516745539123303,-0.45470347276139383,1.9740978536823077,12.819867537057812,20.403819978559472,0.7002493232172562,0.0,5171,0.0,0.0,0.0,24.43326566316302,1.5307306350058173e-05,0.0,0.335494102324866,17.569478904983892,0.0,0.0,0.0,0.0,0.3477245136484599,2.7912878653754974e-07,4.906799587435887,6.4365759073880096
1.45999999999995,0.05890691928873673,-0.4814641408914492,1.9728902059211963,13.167430308934344,14.688022778215268,1.0,0.0,5975,0.0,0.0,0.0,49.62217710877535,1.020487090003878e-05,0.0,0.22366273488324398,45.04631926998927,0.0,0.0,0.0,0.0,2.454038564654529,1.860858576916998e-07,5.30372005016051,7.3774703580117595
1.4799999999999478,0.06277840758834922,-0.5088715771523845,1.9717006324417377,13.411108242320463,9.620397435665963,1.0,0.0,4747,0.0,0.0,0.0,66.41478473918357,6.80324726669252e-06,0.0,0.14910848992216263,46.69754617999285,0.0,0.0,0.0,0.0,4.96935904310302,1.240572384611332e-07,5.5683336919769255,7.644651020567511
1.4999999999999456,0.06678231897665297,-0.5369126570302339,1.9705312019635934,13.562714282811887,5.127441210609297,1.0,0.0,3786,0.0,0.0,0.0,77.60985649278905,4.535498177795013e-06,0.0,16.76607232661478,47.798364119995234,0.0,0.0,0.0,0.0,3.3129060287353465,8.270482564075546e-08,5.160393193025267,7.1283270178269005
1.5199999999999434,0.0709210201609706,-0.5655818591727201,1.9693820340435233,13.536346016364085,-8.580366709081368,1.0,0.0,3560,0.0,0.0,0.0,68.4065709951927,3.023665451863342e-06,0.0,27.844048217743186,48.53224274666349,0.0,0.0,0.0,0.0,2.2086040191568976,5.5136550427170304e-08,5.015465380716032,7.041312662090362
1.5399999999999412,0.07519849002671401,-0.5948798412276357,1.9682517481432937,13.287155607909929,-17.63242849186666,0.7367040718274208,0.0,3991,0.0,0.0,0.0,45.6043806634618,2.0157769679088945e-06,0.0,35.22936547849546,32.35482849777566,0.0,0.0,0.0,0.0,1.4724026794379317,3.67577002847802e-08,5.2237248879570295,6.777541774726908
1.559999999999939,0.07961927521529578,-0.6248097055303319,1.9671384292166898,12.907365541411732,-22.31629373045396,0.49113604788494725,0.0,4466,0.0,0.0,0.0,30.402920442307863,1.343851311939263e-06,0.0,23.486243652330305,21.56988566518377,0.0,0.0,0.0,0.0,0.9816017862919544,2.45051335231868e-08,5.489597079776231,6.2416122119578565
1.5799999999999368,0.08418701773398168,-0.6553715166692529,1.966040981937301,12.50396189157976,-20.4612109448227,0.049646254145520284,0.0,5080,0.0,0.0,0.0,20.26861362820524,8.959008746261753e-07,0.0,32.32416243488687,14.379923776789179,0.0,0.0,0.0,0.0,0.6544011908613029,1.6336755682124534e-08,5.920910248306106,5.652844355297007
1.5999999999999346,0.08890288379278656,-0.6865556666941264,1.9649607058851397,12.214210385785229,-11.031293817714817,-0.5224580527918754,0.0,4965,0.0,0.0,16.666666666666668,13.51240908547016,5.972672497507835e-07,0.0,38.216108289924584,9.586615851192786,0.0,0.0,0.0,0.0,0.4362674605742019,1.0891170454749688e-08,5.979793824073989,4.874529981720638
1.6199999999999324,0.09376380368353807,-0.7183345088213536,1.9639030834436495,12.162902271683668,3.827665338145937,-1.0,0.0,3961,0.0,0.0,44.44444444444444,9.008272723646773,3.981781665005223e-07,0.0,42.14407219328306,6.391077234128524,0.0,0.0,0.0,0.0,0.2908449737161346,7.260780303166458e-09,6.0952690534477005,4.97293768328701
1.6399999999999302,0.0987610784812295,-0.7506557674165524,1.9628786596850447,12.352140351747112,14.113441616814006,-0.7877591345741669,0.0,2941,0.0,0.0,29.629629629629626,6.005515149097848,2.654521110003482e-07,0.0,28.096048128855372,4.260718156085682,0.0,0.0,0.0,0.0,0.19389664914408972,4.840520202110972e-09,5.613309450265946,4.858501665401216
1.659999999999928,0.1038804891639387,-0.7834444165295259,1.9619014443310332,12.731685461756518,23.43953475697132,-0.8029505341605555,0.0,4287,0.0,0.0,36.41975308641975,4.003676766065231,1.7696807400023212e-07,0.0,18.730698752570248,2.840478770723788,0.0,0.0,0.0,0.0,0.12926443276272648,3.227013468073981e-09,5.444442072535021,4.705050492983527
1.6799999999999258,0.10910310800501795,-0.8166089262942415,1.9609863215250034,13.242185613745267,27.81386183396237,-0.5167818375885187,0.0,5594,0.0,0.0,24.279835390946502,2.6691178440434875,1.1797871600015474e-07,0.0,12.487132501713498,1.8936525138158586,0.0,0.0,0.0,0.0,1.1972873996195954,2.1513423120493204e-09,5.6621483735599325,5.6315562957338745
1.6999999999999236,0.11440638363639503,-0.8500484829453091,1.960146747419126,13.769425620872601,25.568013155110126,-0.06674344728123453,0.0,5865,0.0,0.0,16.186556927297666,18.44607856269566,7.86524773334365e-08,0.0,24.991421667809,17.92910167587724,0.0,0.0,0.0,0.0,0.7981915997463969,1.4342282080328801e-09,5.4515948506659715,6.30066716011888
1.7199999999999214,0.11976650644604458,-0.8836637603804233,1.9593927062857301,14.131920310569155,11.934087440587517,0.7888377018125102,0.0,5433,0.0,0.0,10.791037951531777,45.63071904179711,5.2434984888957664e-08,0.0,16.66094777853933,28.619401117251495,0.0,0.0,0.0,0.0,0.5321277331642645,9.561521386885867e-10,5.158786811013087,6.540979752836455
1.7399999999999192,0.12516233092830825,-0.917370875782761,1.9587294584997135,14.209857352789495,-3.0272485840165073,1.0,0.0,4740,0.0,0.0,7.194025301021185,80.42047936119808,3.495665659263844e-08,0.0,11.10729851902622,19.07960074483433,0.0,0.0,0.0,0.0,3.688085155442843,6.374347591257244e-10,5.6495570610005945,6.95838979407204
1.759999999999917,0.13057843944747421,-0.9511098135026791,1.9581579160533211,14.052458942029643,-12.152855424976718,0.6958326293769889,0.0,3942,0.0,0.0,4.796016867347456,53.61365290746538,16.666666689971105,0.0,7.404865679350813,12.719733829889552,0.0,0.0,0.0,0.0,10.236501214739675,5.9523809528059095,5.849704707333729,7.468144636377244
1.7799999999999148,0.13600481324963423,-0.9848406330669327,1.9576762724290167,13.798400086249407,-13.30731604438546,0.1861106418068813,0.0,3627,0.0,0.0,19.864011244898307,35.742435271643586,11.111111126647403,0.0,4.936577119567208,8.479822553259702,0.0,0.0,0.0,0.0,6.824334143159783,3.968253968537273,5.297160861799722,6.059010004498409
1.7999999999999126,0.1414342953659599,-1.0185329499185145,1.9572815965913024,13.612470137920296,-5.9266569632497434,-0.43148179435096806,0.0,3862,0.0,0.0,29.909340829932205,23.828290181095724,7.407407417764935,0.0,19.957718079711473,5.653215035506467,0.0,0.0,0.0,0.0,4.549556095439855,2.645502645691515,5.767212932256726,5.556829714933096
1.8199999999999104,0.14685964972426066,-1.052154475283238,1.9569709219266105,13.543950066154137,-1.3401680037157102,-0.287654529567312,0.0,4059,0.0,0.0,36.6062272199548,15.885526787397149,4.938271611843289,0.0,13.305145386474315,20.435476690337644,0.0,0.0,0.0,0.0,3.0330373969599034,1.76366843046101,6.182206995488224,5.68500581818585
1.8399999999999082,0.1522725044543961,-1.085667296884276,1.956741427260094,13.587801299772957,5.201413534946729,-0.46954746415598575,0.0,3256,0.0,0.0,41.07081814663653,10.5903511915981,3.2921810745621927,0.0,8.87009692431621,13.623651126891762,0.0,0.0,0.0,0.0,2.022024931306602,1.1757789536406733,5.925333118943369,5.667575895251472
1.859999999999906,0.15766321824839336,-1.1190279969919728,1.956590248061583,13.831457212795852,18.219582384044674,-1.0,0.0,3485,0.0,0.0,77.38054543109104,7.060234127732066,2.1947873830414615,0.0,5.913397949544139,9.082434084594507,0.0,0.0,0.0,0.0,1.348016620871068,0.7838526357604488,5.7286773638484245,5.218713148274644
1.8799999999999037,0.16301946194176314,-1.152182972077894,1.9565144283208513,14.285120079508221,26.553310658519575,-0.7642433174026605,0.0,4452,0.0,0.0,51.58703028739402,4.706822751821377,1.4631915886943077,0.0,3.9422652996960927,6.054956056396337,0.0,0.0,0.0,0.0,0.8986777472473786,0.5225684238402992,5.495947510858299,5.176672963047293
1.8999999999999015,0.16832589648248142,-1.1850690688075922,1.956510494788644,14.81772303176709,26.695380705110384,-0.23171776715732903,0.0,5838,0.0,0.0,34.39135352492934,3.137881834547585,0.9754610591295384,0.0,2.6281768664640617,20.70330403759756,0.0,0.0,0.0,0.0,0.599118498164919,0.34837894922686613,5.77270484463724,5.585888971249636
1.9199999999998993,0.17356637127151828,-1.217623660622849,1.9565740301846266,15.260824988717728,18.210262156855467,0.4010770441173362,0.0,5082,0.0,0.0,22.92756901661956,18.75858788969839,0.6503073727530255,0.0,18.41878457764271,47.13553602506504,0.0,0.0,0.0,0.0,0.399412332109946,0.23225263281791075,5.4490796525223875,5.987300466429798
1.9399999999998971,0.17872734877741245,-1.249797037274313,1.9566999358863302,15.457306306913484,2.537207419515486,1.0,0.0,5061,0.0,0.0,15.285046011079707,62.50572525979893,0.433538248502017,0.0,12.279189718428473,48.09035735004336,0.0,0.0,0.0,0.0,0.2662748880732973,0.15483508854527384,5.284142532575901,6.820751751282417
1.959999999999895,0.18380127578599184,-1.281562645244164,1.956883225220664,15.359365465292948,-11.358521662216724,1.0,0.0,3428,0.0,0.0,10.190030674053137,41.67048350653262,0.28902549900134467,0.0,8.186126478952314,48.726904900028906,0.0,0.0,0.0,0.0,0.17751659204886486,0.10322339236351588,5.072558436351414,6.424739850649184
1.9799999999998927,0.18878764054497504,-1.3129192206836702,1.9571196062472822,15.029823555735486,-20.927614668932712,0.7978499883804453,0.0,3923,0.0,0.0,6.793353782702091,27.78032233768841,0.19268366600089643,0.0,5.457417652634875,32.48460326668594,0.0,0.0,0.0,0.0,0.11834439469924324,0.06881559490901058,4.753656843746471,5.98069076463032
1.9999999999998905,0.1936913870201201,-1.3438851058801162,1.9574054445700764,14.559231530519082,-25.792521677173493,0.5318999922536302,0.0,4739,0.0,0.0,4.528902521801394,18.52021489179227,0.12845577733393093,0.0,3.6382784350899167,21.656402177790625,0.0,0.0,0.0,0.0,0.07889626313282883,0.04587706327267372,4.82052732672529,5.376016065309102
2.0199999999998886,0.1985204512205831,-1.374490270865903,1.9577374112384687,14.063490779180789,-23.913045128562754,0.07682221705797572,0.0,5522,0.0,0.0,36.35260168120093,12.346809927861514,0.08563718488928729,0.0,2.425518956726611,31.104268118527084,0.0,0.0,0.0,0.0,0.052597508755219215,0.030584708848449146,5.525676754402226,5.384422232839813
2.0399999999998863,0.20328304547919082,-1.404766782080518,1.9581121795313123,13.687673579567608,-14.33823023878437,-0.5043407441835718,0.0,5114,0.0,0.0,40.90173445413395,8.231206618574342,0.05709145659285819,0.0,18.28367930448441,20.73617874568472,0.0,0.0,0.0,0.0,0.03506500583681281,0.020389805898966096,5.589272307812866,5.081384369218312
2.059999999999884,0.20798506741318237,-1.4347382361284209,1.9585263705632818,13.507708495944902,-4.356888687579238,-0.6140049405668256,0.0,4754,0.0,0.0,43.9344896360893,5.487471079049561,0.03806097106190546,0.0,12.189119536322938,13.824119163789813,0.0,0.0,0.0,0.0,0.023376670557875207,0.013593203932644064,6.368457961306138,5.033680114458298
2.079999999999882,0.21262900262981083,-1.464414234516208,1.9589766838788818,13.525903500571234,5.487442225071851,-0.6871144048223283,0.0,3749,0.0,0.0,45.95632642405953,3.658314052699707,0.02537398070793697,0.0,24.79274635754863,25.882746109193207,0.0,0.0,0.0,0.0,0.015584447038583471,0.009062135955096043,6.379784982334174,5.233358759433104
2.0999999999998797,0.21721419382568552,-1.4937908851159434,1.9594599685936231,13.655221749214425,7.318669443550737,-0.18029849210377438,0.0,3172,0.0,0.0,30.637550949373022,2.4388760351331378,0.016915987138624647,0.0,16.528497571699084,33.92183073946214,0.0,0.0,0.0,0.0,0.010389631359055646,0.006041423970064028,5.6505477118000185,5.160716539210546
2.1199999999998775,0.22173828571341483,-1.5228569383330373,1.9599731922814467,13.850598173686143,11.904403470036792,-0.39797677251362745,0.0,3265,0.0,0.0,37.09170063291535,1.625917356755425,0.011277324759083097,0.0,11.018998381132722,22.61455382630809,0.0,0.0,0.0,0.0,0.006926420906037097,0.004027615980042685,5.875771645265053,4.9836875693502405
2.1399999999998753,0.22619806251883642,-1.551597604330464,1.9605133930702037,14.112751670654944,14.164890984544522,-0.2653178483424182,0.0,3902,0.0,0.0,24.727800421943563,1.0839449045036167,0.0075182165060553975,0.0,7.3459989207551475,15.076369217538726,0.0,0.0,0.0,0.0,0.004617613937358064,0.0026850773200284565,5.543197357005971,5.225750560636786
2.159999999999873,0.23058952651292955,-1.5799952310412635,1.9610776408217783,14.404428720513542,14.965556429446949,-0.1768785655616121,0.0,4386,0.0,0.0,16.485200281295707,0.7226299363357445,0.005012144337370265,0.0,4.897332613836765,10.050912811692484,0.0,0.0,0.0,0.0,0.0030784092915720424,0.0017900515466856377,5.397700677028371,5.515726711206416
2.179999999999871,0.23490864265133982,-1.6080325228040213,1.961663060027931,14.62163177304281,7.313099302037246,0.4376365118478142,0.0,4559,0.0,0.0,10.990133520863804,17.148419957557167,0.003341429558246843,0.0,3.26488840922451,23.36727520779499,0.0,0.0,0.0,0.0,0.002052272861048028,0.0011933676977904251,5.021231345661191,5.7090441449195035
2.1999999999998687,0.23915310897191552,-1.635699323031627,1.9622670076517004,14.716316477135942,2.5135520345011795,0.2917576745652095,0.0,4316,0.0,0.0,7.326755680575869,11.432279971704777,0.0022276197054978955,0.0,2.1765922728163396,15.578183471863326,0.0,0.0,0.0,0.0,0.001368181907365352,0.0007955784651936167,4.998910328001769,6.326605561633579
2.2199999999998665,0.2433232308730895,-1.6629955721406096,1.9628872062067793,14.735010244899359,-0.4183124492082462,0.1945051163768063,0.0,3565,0.0,0.0,4.884503787050579,7.621519981136517,0.0014850798036652635,0.0,1.451061515210893,10.385455647908884,0.0,0.0,0.0,0.0,0.0009121212715769013,0.0005303856434624111,4.9332166414320735,6.4039510328586
2.2399999999998643,0.24742109754357083,-1.6899279519228187,1.9635216746384005,14.70808537744881,-2.135427439339869,0.12967007758453752,0.0,2567,0.0,0.0,3.256335858033719,5.081013320757678,0.0009900532024435089,0.0,0.9673743434739286,6.923637098605923,0.0,0.0,0.0,0.0,0.0006080808477179341,0.00035359042897494073,4.559136297540081,6.1211525404242515
2.259999999999862,0.2514498651945919,-1.716507177653253,1.964168637014828,14.655218691166473,-3.0696375677547816,0.08644671838969169,0.0,2876,0.0,0.0,2.170890572022479,3.3873422138384517,0.0006600354682956725,0.0,0.644916228982619,4.615758065737282,0.0,0.0,0.0,0.0,0.0004053872318119561,0.00023572695264996048,4.2589363934820055,5.315336261517402
2.27999999999986,0.25541326116979535,-1.7427461845692658,1.9648264527101673,14.589021572503588,-3.5057856031530226,0.0576311455931278,0.0,3221,0.0,0.0,1.4472603813483194,2.2582281425589676,0.0004400236455304483,0.0,0.42994415265507935,3.0771720438248544,0.0,0.0,0.0,0.0,0.000270258154541304,0.0001571513017666403,4.439900685085565,5.189648042657692
2.2999999999998577,0.2593152496226864,-1.768658915557539,1.965493571526897,14.517452314382473,-3.6310593565686013,0.038420763728751854,0.0,3007,0.0,0.0,0.9648402542322129,1.505485428372645,0.00029334909702029884,0.0,0.28662943510338623,2.0514480292165693,0.0,0.0,0.0,0.0,0.000180172103027536,0.00010476753451109353,4.662169562414767,4.668613098397309
2.3199999999998555,0.263159675849385,-1.7942589913998084,1.9661685016788226,14.526298881895922,3.992154960464258,-0.5299417130697212,0.0,3322,0.0,0.0,33.976560169488145,1.00365695224843,0.00019556606468019923,0.0,0.19108629006892414,1.3676320194777127,0.0,0.0,0.0,0.0,0.00012011473535169067,6.984502300739568e-05,4.429251252991958,4.6298984441990285
2.3399999999998533,0.26694891955582994,-1.8195544910914216,1.9668497430364567,14.612191510301628,4.567076212740768,-0.07551669760203618,0.0,2832,0.0,0.0,22.651040112992096,0.6691046348322867,0.00013037737645346615,0.0,0.1273908600459494,17.57842134631848,0.0,0.0,0.0,0.0,8.007649023446045e-05,4.6563348671597116e-05,4.629663436953988,4.449767687079188
2.359999999999851,0.27068401740590636,-1.844548391921862,1.9675358150616087,14.66478113284094,0.9542547132160643,0.22743331270975367,0.0,3399,0.0,0.0,15.100693408661396,0.44606975655485775,8.691825096897744e-05,0.0,0.08492724003063293,28.385614230878986,0.0,0.0,0.0,0.0,5.338432682297363e-05,3.104223244773141e-05,4.966523592115667,4.664042655583656
2.379999999999849,0.27436649732691265,-1.8692456471501842,1.9682253561155223,14.66055364513531,-1.217234309419263,0.1516222084731691,0.0,3095,0.0,0.0,10.067128939107597,0.2973798377032385,5.794550064598496e-05,0.0,0.05661816002042195,18.92374282058599,0.0,0.0,0.0,0.0,3.558955121531575e-05,2.0694821631820938e-05,4.911625484174673,5.244135432940545
2.3999999999998467,0.27799884785420415,-1.893654995991501,1.9689171350582817,14.622908924440667,-2.4547174832078054,0.10108147231544608,0.0,3178,0.0,0.0,6.711419292738398,0.19825322513549232,3.863033376398997e-05,0.0,0.03774544001361463,12.615828547057326,0.0,0.0,0.0,0.0,2.3726367476877164e-05,1.3796547754547291e-05,4.900433249612384,4.936419506734025
2.4199999999998445,0.2815840131060786,-1.9177870633780079,1.9696100104700534,14.60738322128756,0.6866385690305095,-0.21039012956748043,0.0,2526,0.0,0.0,21.140946195158932,0.13216881675699488,2.575355584265998e-05,0.0,0.025163626675743084,8.410552364704884,0.0,0.0,0.0,0.0,1.581757831791811e-05,9.197698503031527e-06,4.4610611907985,4.654115062102519
2.4399999999998423,0.2851242699542502,-1.9416500704327737,1.9703028839843957,14.721556668955811,10.07743960683664,-0.6958156419338759,0.0,2865,0.0,0.0,47.42729746343929,0.08811254450466324,1.7169037228439987e-05,0.0,0.016775751117162056,5.6070349098032555,0.0,0.0,0.0,0.0,1.0545052211945404e-05,6.131799002021017e-06,5.082780631264041,4.825994403541597
2.45999999999984,0.2886194614689907,-1.9652430857030143,1.970994652074997,14.978366577475562,15.247101090215361,-0.46387709462258386,0.0,3596,0.0,0.0,31.618198308959524,0.05874169633644216,1.1446024818959991e-05,0.0,0.011183834078108038,3.7380232732021703,0.0,0.0,0.0,0.0,7.030034807963603e-06,4.087866001347345e-06,4.684252128159767,4.683378985077114
2.479999999999838,0.29206678267881914,-1.988555480543397,1.9716841754681904,15.309763633431281,17.72637457044254,-0.30925139641505595,0.0,4565,0.0,0.0,21.07879887263968,0.03916113089096144,7.630683212639993e-06,0.0,0.007455889385405358,2.4920155154681134,0.0,0.0,0.0,0.0,4.686689871975735e-06,2.7252440008982294e-06,5.104542069179682,5.20558599005141
2.4999999999998357,0.29546198025692866,-2.0115718937150224,1.9723702701774832,15.672712414215118,18.521732921091395,-0.20616759761003722,0.0,4792,0.0,0.0,14.052532581759786,0.026107420593974293,5.087122141759995e-06,0.0,16.671637259590273,18.328010343645413,0.0,0.0,0.0,0.0,3.12445991465049e-06,1.8168293339321529e-06,5.05445081034743,5.630884487194767
2.5199999999998335,0.29880017506225376,-2.0342755448368885,1.9730517151531943,16.081022607421367,22.071723346870915,-0.4152228428511359,0.0,4451,0.0,0.0,9.368355054506523,0.01740494706264953,3.39141476117333e-06,0.0,27.781091506393516,12.218673562430276,0.0,0.0,0.0,0.0,2.08297327643366e-06,1.2112195559547686e-06,5.046463141857636,5.734375666360298
2.5399999999998313,0.3020759662990441,-2.056648745193051,1.9737272440507407,16.414565232755752,11.995684472272238,0.5565181047659096,0.0,5164,0.0,0.0,6.245570036337682,33.344936631375106,2.260943174115553e-06,0.0,35.18739433759568,41.479115708286855,0.0,0.0,0.0,0.0,1.3886488509557732e-06,8.074797039698457e-07,5.066544533596147,6.3949335718122144
2.559999999999829,0.30528583846439333,-2.0786810754184297,1.974395809599348,16.499853198542347,-2.459368546548012,0.9622819111137809,0.0,5109,0.0,0.0,4.163713357558454,55.56329108758341,1.5072954494103687e-06,0.0,23.45826289173045,27.65274380552457,0.0,0.0,0.0,0.0,3.3333342590992343,1.1904767287959932,5.308590664673854,6.835305508780159
2.579999999999827,0.3084313839733259,-2.100379730606938,1.9750569663380182,16.400805883266063,-7.130300931856274,0.3637434962980761,0.0,2827,0.0,0.0,2.7758089050389696,37.04219405838894,1.0048636329402456e-06,0.0,48.97217526115364,35.101829203683046,0.0,0.0,0.0,0.0,2.2222228393994894,0.7936511525306621,4.733166134172813,6.280121367993357
2.5999999999998247,0.31151800711443695,-2.121764857008643,1.9757106677911793,16.272096729534773,-5.841604899419916,-0.03528211357906031,0.0,3458,0.0,0.0,1.8505392700259797,24.694796038925958,6.699090886268304e-07,0.0,49.314783507435756,23.40121946912203,0.0,0.0,0.0,0.0,1.481481892932993,0.5291007683537747,4.6544278292859405,5.575636467551127
2.6199999999998225,0.3145517006142891,-2.1428587644253456,1.9763568611188556,16.165855248144606,-4.859086879315872,-0.02352140905270685,0.0,3522,0.0,0.0,1.2336928466839865,16.46319735928397,4.466060590845536e-07,0.0,32.8765223382905,15.600812979414686,0.0,0.0,0.0,0.0,0.987654595288662,0.35273384556918314,5.186285219523961,5.826144476309805
2.6399999999998203,0.31753770523009456,-2.163681328486017,1.9769953748484097,16.117348635320578,-0.3146770122821163,-0.293458717146249,0.0,3320,0.0,0.0,17.489128564455992,10.975464906189313,2.977373727230357e-07,0.0,21.91768155886033,10.400541986276457,0.0,0.0,0.0,0.0,0.6584363968591079,0.23515589704612208,5.591669821146056,5.144384383383492
2.659999999999818,0.32047975071679524,-2.184247235384346,1.9776259218759247,16.180397305938108,6.163269392970558,-0.47341692254194373,0.0,3141,0.0,0.0,28.326085709637326,7.316976604126208,1.9849158181535713e-07,0.0,14.611787705906886,6.933694657517638,0.0,0.0,0.0,0.0,0.4389575979060719,0.15677059803074805,5.582454677512004,5.049959959292698
2.679999999999816,0.3233790165921899,-2.204562263555847,1.9782481072273441,16.423041515616475,17.319200801033666,-0.8711668372501847,0.0,3307,0.0,0.0,52.217390473091555,4.877984402750805,1.323277212102381e-07,0.0,9.741191803937923,4.622463105011758,0.0,0.0,0.0,0.0,0.29263839860404794,0.1045137320204987,5.550904744357596,4.729808697141634
2.6999999999998137,0.3262329879662948,-2.2246195068203773,1.9788613971801934,16.832967926287782,23.258433149446518,-0.5807778915001232,0.0,4556,0.0,0.0,34.8115936487277,3.25198960183387,8.821848080682539e-08,0.0,6.494127869291948,3.0816420700078386,0.0,0.0,0.0,0.0,0.19509226573603194,0.06967582134699912,5.301212919002625,5.082218143773435
2.7199999999998115,0.32903572374424267,-2.244400947202984,1.9794650674545193,17.32626933904979,25.889745710222158,-0.387185261000082,0.0,5351,0.0,0.0,23.2077290991518,2.1679930678892463,5.881232053788359e-08,0.0,20.99608524619463,18.721094713338562,0.0,0.0,0.0,0.0,0.13006151049068795,0.04645054756466608,5.0839386939692295,5.44575859790657
2.7399999999998093,0.3317797464253311,-2.2638844735088126,1.9800582323173737,17.72891517235866,15.126385674292356,0.5752098259999455,0.0,5755,0.0,0.0,15.471819399434532,34.77866204525951,3.920821369192239e-08,0.0,13.997390164129754,29.14739647555904,0.0,0.0,0.0,0.0,0.08670767366045863,0.030967031709777385,5.0661217309388356,6.794085978851294
2.759999999999807,0.3344597320834843,-2.283055721999334,1.9806401740120008,17.91749855992255,4.466742510023471,0.6572827411428207,0.0,5036,0.0,0.0,10.314546266289687,39.85244136350634,2.613880912794826e-08,0.0,9.331593442753169,19.431597650372694,0.0,0.0,0.0,0.0,3.3911384491069723,3.5920732592350904,5.511560828755972,7.6415305702630025
2.779999999999805,0.3370752536677504,-2.3019158957702888,1.9812106894047847,17.932968626826824,-2.4526599784486947,0.47125727716399696,0.0,4051,0.0,0.0,6.876364177526458,26.568294242337558,1.7425872751965505e-08,0.0,6.221062295168779,12.954398433581796,0.0,0.0,0.0,0.0,7.816314521626872,5.966144077585298,5.757707219170648,7.6149298451959115
2.7999999999998026,0.33963000438035834,-2.320478807667143,1.9817700005569305,17.83901176269546,-6.665777314617721,0.3300445339823472,0.0,3612,0.0,0.0,4.584242785017638,17.71219616155837,1.1617248501310336e-08,0.0,4.147374863445853,8.636265622387864,0.0,0.0,0.0,0.0,8.544209681084581,6.358381766009246,5.566113755869862,7.082792736303447
2.8199999999998004,0.34213006717767946,-2.338765562340954,1.9823184951105968,17.72232998534783,-5.12404109651251,-0.057748088456213036,0.0,3509,0.0,0.0,3.0561618566784254,11.808130774372247,7.74483233420689e-09,0.0,19.431583242297236,5.7575104149252425,0.0,0.0,0.0,0.0,5.69613978738972,4.238921177339497,5.0318807152953555,6.136470877700241
2.8399999999997982,0.3445816788835671,-2.35679775132491,1.9828564811075058,17.71264486029085,3.540921908576195,-0.594054281193031,0.0,3381,0.0,0.0,18.704107904452286,7.8720871829148304,5.163221556137927e-09,0.0,29.621055494864827,3.838340276616828,0.0,0.0,0.0,0.0,3.79742652492648,2.8259474515596645,5.133042428083082,5.454149309413329
2.859999999999796,0.3469885358682871,-2.3745889506658635,1.9833840437686394,17.836874026799233,8.528645306503405,-0.3960361874620207,0.0,3244,0.0,0.0,12.469405269634857,5.24805812194322,3.442147704091951e-09,0.0,19.747370329909884,2.558893517744552,0.0,0.0,0.0,0.0,2.5316176832843196,1.883964967706443,5.022638041486283,5.153589251543043
2.879999999999794,0.349351267037211,-2.3921429499790188,1.9839010944556912,18.035563817258048,11.154339065688488,-0.2640241249746804,0.0,3418,0.0,0.0,8.312936846423238,3.4987054146288132,2.2947651360613007e-09,0.0,13.164913553273255,1.7059290118297012,0.0,0.0,0.0,0.0,1.6877451221895463,1.2559766451376286,5.025254629283538,4.901775550411411
2.8999999999997916,0.3516688037920344,-2.4094581217960735,1.9844074744432183,18.23031375520034,8.504662016276733,0.10176169446132424,0.0,3662,0.0,0.0,5.541957897615491,2.3324702764192087,1.5298434240408671e-09,0.0,8.776609035515502,17.803952674553138,0.0,0.0,0.0,0.0,1.1251634147930307,0.8373177634250857,4.696714468302846,5.119702218792792
2.9199999999997894,0.35394012768414007,-2.4265329141487917,1.9849030503840943,18.380223125483205,6.617049925619216,0.06784112964088283,0.0,4041,0.0,0.0,3.6946385984103274,1.5549801842794724,1.0198956160272448e-09,0.0,5.851072690343668,11.869301783035425,0.0,0.0,0.0,0.0,0.7501089431953538,0.5582118422833904,5.0112242796815725,5.445027816643754
2.9399999999997872,0.35616530416859793,-2.4433689808861367,1.9853877724480926,18.45752072371942,1.4712181215199998,0.3230051975383664,0.0,3908,0.0,0.0,2.4630923989402183,1.0366534561863148,6.799304106848298e-10,0.0,3.9007151268957783,24.579534522023618,0.0,0.0,0.0,0.0,0.5000726287969025,0.3721412281889269,4.814393422226739,5.893393030025877
2.959999999999785,0.3583460694550809,-2.459972883093199,1.9858617016745048,18.453826099026443,-1.6259233409603788,0.2153367983589109,0.0,2966,0.0,0.0,1.6420615992934788,0.6911023041242098,4.5328694045655315e-10,0.0,2.600476751263852,16.386356348015745,0.0,0.0,0.0,0.0,0.33338175253126834,0.24809415212595126,4.124229761159289,5.832220867753877
2.979999999999783,0.36048590589106466,-2.4763563087044553,1.986324989752911,18.40239493130247,-3.3950803114632464,0.14355786557260727,0.0,2467,0.0,0.0,1.0947077328623191,0.46073486941613984,3.021912936377021e-10,0.0,1.7336511675092345,10.92423756534383,0.0,0.0,0.0,0.0,0.2222545016875122,0.16539610141730082,3.867372686301315,5.122715146403819
2.9999999999997806,0.3625892277473331,-2.4925336860726426,1.9867778061081618,18.32468928166926,-4.312435804968441,0.09570524371507151,0.0,2580,0.0,0.0,0.7298051552415461,0.3071565796107599,2.014608624251347e-10,0.0,1.1557674450061564,7.2828250435625534,0.0,0.0,0.0,0.0,0.1481696677916748,0.11026406761153387,3.950199677046405,4.829752484433822
