root_id,baseline,LPLC2_L,LPLC2_R,LPLC2_both,LC4_L,LC4_R,LC4_LPLC2_L,cell_type,side
720575940624402173,0.0,11.0,19.5,20.25,1.25,0.25,14.25,DNpe053,left
720575940627055303,0.0,0.0,0.0,0.0,0.0,0.0,0.0,DNp53,left
720575940631082808,0.0,0.0,0.0,0.0,1.0,0.25,0.25,MDN,left
720575940623037720,0.0,0.0,0.0,0.0,0.0,0.0,0.0,DNge104,left
720575940629543409,0.0,0.0,0.0,0.0,0.0,0.0,0.0,DNg68,left
720575940618666142,0.0,0.0,0.0,0.0,0.0,0.0,0.0,DNg33,left
720575940638109668,0.0,0.0,0.0,0.0,0.0,0.0,0.0,DNg89,left
720575940630697078,0.0,0.0,0.0,0.0,0.0,0.0,0.0,DNg80,left
720575940610610841,0.0,0.0,0.0,0.0,0.0,0.0,0.0,DNg26,right
720575940618870881,0.0,0.0,0.0,0.0,0.0,0.0,0.0,DNpe009,left
720575940608145026,0.0,0.0,0.0,0.0,0.0,0.0,0.0,DNpe027,left
720575940619905916,0.0,0.0,0.0,0.0,0.0,0.0,0.0,DNge085,left
720575940625306603,0.0,0.0,0.0,0.0,0.0,0.0,0.0,DNge011,left
720575940612014131,0.0,12.75,0.0,6.75,0.0,0.0,12.0,DNg02_a,left
720575940620804566,0.0,0.0,0.0,0.0,0.0,0.0,0.0,DNge094,left
720575940624877360,0.0,0.0,0.0,0.0,0.0,0.0,0.0,DNg102,left
720575940614843275,0.0,0.0,0.0,0.0,0.0,0.0,0.0,DNg82,left
720575940611462885,0.0,0.0,0.0,0.0,0.0,0.0,0.0,DNg92_a,left
720575940614730914,0.0,0.0,0.0,0.0,0.0,0.0,0.0,DNg75,left
720575940626229337,0.0,0.0,0.0,0.0,0.0,0.0,0.0,DNge015,left
720575940612058543,0.0,0.0,0.0,0.0,0.0,0.0,0.0,DNge145,left
720575940632626402,0.0,0.0,0.0,0.0,0.0,0.0,0.0,DNge111,left
720575940639159797,0.0,0.0,0.0,0.0,0.0,0.0,0.0,DNg51,left
720575940611881139,0.0,0.0,0.0,0.0,0.0,0.0,0.0,DNge068,left
720575940622579967,0.0,0.0,0.0,0.0,0.0,0.0,0.0,DNg29,left
720575940621082111,0.0,0.0,0.0,0.0,0.0,0.0,0.0,DNge061,left
720575940625187940,0.0,0.0,0.0,0.0,0.0,0.0,0.0,DNge091,left
720575940621700789,0.0,0.0,0.0,0.0,0.0,0.0,0.0,DNg36_b,left
720575940633228172,0.0,0.0,0.0,0.0,0.0,0.0,0.0,DNg48,left
720575940637612974,0.0,0.0,0.0,0.0,0.0,0.0,0.0,DNge105,left
720575940618519454,0.0,0.0,0.0,0.0,0.0,0.0,0.0,DNge025,left
720575940625872688,0.0,0.0,0.0,0.0,0.0,0.0,0.0,DNg12_a,left
720575940620156283,0.0,0.0,0.0,0.0,0.0,0.0,0.0,DNp30,left
720575940624801771,0.0,24.0,4.75,28.25,0.0,0.0,19.5,DNpe040,left
720575940621947653,0.0,0.0,0.0,0.0,0.0,0.0,0.0,DNg64,right
720575940610604078,0.0,0.0,0.0,0.0,0.0,0.0,10.75,DNge136,right
720575940620300308,0.0,5.0,33.25,30.25,0.0,0.5,0.75,DNg97,right
720575940633228103,0.0,0.0,0.0,0.0,0.0,0.0,0.0,DNp30,right
720575940628487153,0.0,0.0,0.0,0.0,0.0,0.0,0.0,DNge085,right
720575940614129617,0.0,0.0,0.0,0.0,0.0,0.0,0.0,DNge019,right
720575940625870640,0.0,0.0,0.0,0.0,0.0,0.0,0.0,DNg15,right
720575940623338281,0.0,38.75,41.0,50.25,0.0,0.0,38.0,DNg98,right
720575940640325429,0.0,0.5,0.0,0.0,0.0,0.0,0.0,DNa06,right
720575940632836675,0.0,0.0,0.0,0.0,0.0,0.0,0.0,DNp41,right
720575940622204186,0.0,8.25,0.0,0.0,2.25,0.0,4.25,DNae003,right
720575940632512156,0.0,0.0,0.0,0.0,0.0,0.0,0.0,DNpe038,right
720575940603980256,0.0,0.0,0.0,0.0,0.0,0.0,0.0,oviDNb,right
720575940621196037,0.0,0.0,0.0,0.0,0.0,0.0,0.0,DNpe044,right
720575940641781133,0.0,0.0,0.0,0.0,0.0,0.0,0.0,DNg12_e,right
720575940615958203,0.0,0.0,0.0,0.0,0.0,0.0,0.0,DNg12_a,right
720575940605282406,0.0,0.0,0.0,0.0,0.0,0.0,0.0,DNg12_e,right
720575940627419676,0.0,0.0,0.0,0.0,0.0,0.0,0.0,DNge034,right
720575940615659521,0.0,0.0,0.0,0.0,0.0,0.0,0.0,DNge091,right
720575940614181585,0.0,0.0,0.0,0.0,0.0,0.0,0.0,DNg07,right
720575940625642302,0.0,0.0,0.0,0.0,0.0,0.0,0.0,DNge020,right
720575940612804606,0.0,0.0,0.0,0.0,0.0,0.0,0.0,DNg02_a,right
720575940637530084,0.0,0.0,0.0,0.0,0.0,0.0,0.0,DNge001,right
720575940627949589,0.0,32.25,0.0,0.25,34.25,0.0,57.0,DNp18,right
720575940623582867,0.0,0.0,0.0,0.0,0.0,0.0,0.0,DNp46,right
720575940604737708,0.0,29.5,0.0,0.25,12.0,0.0,7.25,DNa02,right
720575940620380449,0.0,18.75,0.0,0.25,32.25,0.0,39.0,DNae002,right
720575940625747812,0.0,0.0,0.0,0.0,0.0,0.0,0.0,DNp49,right
720575940633095137,0.0,0.0,30.5,2.0,0.0,0.0,0.0,DNp71,right
720575940623222712,0.0,0.0,0.0,0.0,0.0,0.0,0.0,DNg03,right
720575940622929193,0.0,0.0,0.0,0.0,0.0,0.0,0.0,DNg36_a,right
720575940647478148,0.0,0.0,0.0,0.0,0.0,0.0,0.0,DNg07,right
720575940623899082,0.0,0.0,0.0,0.0,0.0,0.0,0.0,DNge094,right
720575940623137212,0.0,0.0,0.0,0.0,0.0,0.0,0.0,DNge044,left
720575940637424547,0.0,0.0,0.0,0.0,0.0,0.0,0.0,DNg06,right
720575940626295396,0.0,0.0,0.0,0.0,0.0,0.0,0.0,DNg85,right
720575940624154604,0.0,0.0,0.0,0.0,0.0,0.0,0.0,DNge087,right
720575940627087646,0.0,25.25,30.5,39.5,8.75,0.0,29.25,DNg74_b,right
720575940631469452,0.0,0.0,0.0,0.0,0.0,0.0,0.0,DNge134,left
720575940631342073,0.0,0.0,0.0,0.0,0.0,0.0,0.0,DNge122,right
720575940631299855,0.0,0.0,0.0,0.0,0.0,0.0,0.0,DNg49,right
720575940610173048,0.0,0.0,0.0,0.0,0.0,0.0,0.0,DNg28,right
720575940646764579,0.0,0.0,0.0,0.0,0.0,0.0,0.0,DNge006,left
720575940615323298,0.0,0.0,0.0,0.0,0.0,0.0,0.0,DNg72,left
720575940624651189,0.0,0.0,0.0,0.0,0.0,0.0,0.0,DNge084,left
720575940634525303,0.0,0.0,0.0,0.0,0.0,0.0,0.0,DNge071,left
720575940630665210,0.0,0.0,0.0,0.0,0.0,0.0,0.0,DNg28,left
720575940618167579,0.0,0.0,0.0,0.0,0.0,0.0,0.0,DNae001,left
720575940627368723,0.0,0.0,3.0,0.5,0.0,0.0,0.0,DNde005,left
720575940634253281,0.0,0.0,5.0,0.0,0.0,0.25,0.0,DNae003,left
720575940642894628,0.0,0.0,90.75,84.75,0.0,0.0,0.0,DNp34,left
720575940627366675,0.0,0.0,0.0,0.0,0.0,0.0,0.0,DNg72,left
720575940616649845,0.0,0.0,0.0,0.0,0.0,0.0,0.0,DNpe003,left
720575940604284128,0.0,0.0,0.0,0.0,0.0,0.0,0.0,DNpe009,right
720575940618203707,0.0,0.0,0.0,0.0,0.0,0.0,0.0,DNc02,left
720575940622565590,0.0,0.0,0.0,0.0,0.0,0.0,0.0,DNge047,right
720575940627490459,0.0,0.0,0.0,0.0,0.0,0.0,0.0,DNge130,left
720575940604930481,0.0,0.0,0.0,0.0,0.0,0.0,0.0,DNge019,left
720575940632407826,0.0,0.0,1.25,1.25,0.0,0.0,0.0,DNg70,left
720575940647031860,0.0,0.0,0.0,0.0,0.0,0.0,0.0,DNge122,left
720575940636656632,0.0,28.75,34.75,45.5,9.75,0.0,32.75,DNg74_b,left
720575940623503318,0.0,0.0,0.0,0.0,0.0,0.0,0.0,DNg104,right
720575940612805118,0.0,0.0,0.0,0.0,0.0,0.0,0.0,DNg10,right
720575940649809273,0.0,0.0,0.0,0.0,0.0,0.0,0.0,DNg56,right
720575940645047831,0.0,0.5,0.0,0.0,0.25,0.0,0.0,DNg16,left
720575940626993694,0.0,0.0,0.0,0.0,0.0,0.0,0.0,DNge007,left
720575940639802685,0.0,0.0,0.0,0.0,0.0,0.0,0.0,DNge085,left
720575940622248453,0.0,0.0,0.0,0.0,0.0,0.0,0.0,DNge148,left
720575940626859283,0.0,0.0,0.0,0.0,0.0,0.0,0.0,DNp60,right
720575940641833869,0.0,0.0,0.0,0.0,0.0,0.0,0.0,DNg73,right
720575940609260494,0.0,0.0,0.0,0.0,0.0,0.0,0.0,DNg14,right
720575940615378399,0.0,0.0,0.0,0.0,0.0,0.0,0.0,DNg83,right
720575940660229505,0.0,0.0,0.0,0.0,0.0,0.0,0.0,DNg31,right
720575940620153765,0.0,5.0,5.75,2.5,1.5,8.25,6.75,DNp10,left
720575940640194493,0.0,0.0,0.0,0.0,0.0,0.0,0.0,DNg08_b,right
720575940632178892,0.0,0.0,0.0,0.0,0.0,0.0,0.0,DNge147,right
720575940639314229,0.0,0.0,0.0,0.0,0.0,0.0,0.0,DNge141,left
720575940629064186,0.0,1.0,0.0,0.0,0.0,0.0,0.0,DNde003,right
720575940607378633,0.0,0.0,0.0,0.0,0.0,0.0,0.0,DNpe039,left
720575940628125715,0.0,0.0,0.0,0.0,0.0,0.0,0.0,DNg87,left
720575940628627867,0.0,1.0,0.0,0.0,0.0,0.0,0.25,DNbe003,right
720575940625376062,0.0,0.0,0.0,0.0,0.0,0.0,0.0,DNg08_a,right
720575940625558730,0.0,7.75,0.0,5.75,0.0,0.0,9.25,DNbe005,right
720575940626834698,0.0,0.0,0.0,0.0,0.0,0.0,0.0,DNg12_b,right
720575940642027464,0.0,0.0,0.0,0.0,0.0,0.0,0.0,DNg03,right
720575940610091955,0.0,0.0,0.0,0.0,0.0,0.0,0.0,DNge113,left
720575940630610042,0.0,0.0,0.0,0.0,0.0,0.0,0.0,DNp32,right
720575940617140597,0.0,0.0,0.0,0.0,0.0,0.0,0.0,DNpe024,left
720575940632524559,0.0,0.0,2.25,3.25,0.0,0.0,0.0,DNg70,right
720575940639159029,0.0,0.0,0.0,0.0,0.0,0.0,0.0,DNg36_a,left
720575940625253649,0.0,0.0,0.0,0.0,0.0,0.0,0.0,DNg12_b,right
720575940621923837,0.0,0.0,0.0,0.0,0.0,0.0,0.0,DNge008,left
720575940641278965,0.0,0.0,0.0,0.0,0.0,0.0,0.0,DNp43,right
720575940632161311,0.0,0.0,0.0,0.0,0.0,0.0,0.0,DNge010,right
720575940617809181,0.0,0.0,0.0,0.0,0.0,0.0,0.0,DNp69,right
720575940621561697,0.0,0.0,0.0,0.0,0.0,0.0,0.0,DNp28,left
720575940621566844,0.0,0.0,0.0,0.0,0.0,0.0,0.0,DNg22,left
720575940614909506,0.0,0.0,0.0,0.0,0.0,0.0,0.0,DNge123,right
720575940626296339,0.0,0.0,0.0,0.0,0.0,0.0,0.0,DNge109,left
720575940606856405,0.0,0.0,0.0,0.0,0.0,0.0,0.0,DNge094,left
720575940635872101,0.0,7.75,0.0,0.25,0.0,0.0,15.0,DNp09,left
720575940625314058,0.0,0.0,0.0,0.0,0.0,0.0,0.0,DNg92_a,right
720575940637618142,0.0,0.0,0.0,0.0,0.0,0.0,0.0,DNpe043,right
720575940629736720,0.0,0.0,0.0,0.0,0.0,0.0,0.0,DNd05,right
720575940609097429,0.0,0.0,0.0,0.0,0.0,7.25,0.0,DNae005,left
720575940629490476,0.0,0.0,0.0,0.0,0.0,0.0,0.0,aSP22,left
720575940621629578,0.0,0.0,0.0,0.0,0.0,0.0,0.0,DNpe054,right
720575940619654053,0.0,0.0,0.0,0.0,146.5,0.0,146.75,DNp02,left
720575940614137907,0.0,0.0,0.0,0.0,0.0,0.0,0.0,DNp104,left
720575940632422219,0.0,0.0,0.0,0.0,0.0,0.0,0.0,DNp38,left
720575940642549467,0.0,0.0,0.0,0.0,0.0,0.0,0.0,DNb08,left
720575940619038493,0.0,91.0,110.5,123.25,12.75,6.5,81.75,DNpe042,right
720575940624874983,0.0,0.0,0.0,0.0,0.0,0.0,0.0,DNae008,right
720575940640142141,0.0,0.0,0.0,0.0,0.0,0.0,0.0,DNp28,right
720575940609488942,0.0,2.0,0.0,0.0,0.0,0.0,0.0,DNa15,right
720575940618594117,0.0,0.0,0.0,0.0,0.0,0.0,0.0,DNge081,right
720575940603786686,0.0,0.0,0.0,0.0,0.0,0.0,0.0,DNge117,left
720575940619024542,0.0,0.0,0.0,0.0,0.0,0.0,0.0,DNge128,left
720575940631987364,0.0,0.0,0.0,0.0,0.0,0.0,0.0,DNg12_a,right
720575940615692690,0.0,0.0,0.0,0.0,0.0,0.0,0.0,DNp60,left
720575940628796780,0.0,0.0,0.0,0.0,0.0,0.0,0.0,DNpe014,right
720575940641832333,0.0,0.0,0.0,0.0,0.0,0.0,0.0,DNg52,left
720575940611644529,0.0,62.5,51.25,98.75,44.5,1.75,74.25,DNp06,right
720575940629327659,0.0,0.0,43.75,0.0,0.0,12.75,0.0,DNa02,left
720575940615043368,0.0,0.0,0.0,0.0,0.0,0.0,0.0,DNp22,left
720575940627582724,0.0,0.0,0.0,0.0,0.0,0.0,0.0,DNp44,left
720575940631549202,0.0,0.0,0.0,0.0,0.0,0.0,0.0,DNg86,right
720575940638013274,0.0,0.0,0.0,0.0,0.0,0.0,0.0,DNpe006,right
720575940637667443,0.0,0.0,0.0,0.0,0.0,0.0,0.0,DNg08_a,left
720575940615058216,0.0,0.0,0.0,0.0,0.0,0.0,0.0,DNpe012,left
720575940647964281,0.0,0.0,0.0,0.0,0.0,0.0,0.0,DNg02_b,right
720575940611772083,0.0,0.0,0.0,0.0,0.0,0.0,0.0,DNg43,left
720575940618291520,0.0,0.0,0.0,0.0,0.0,0.0,0.0,DNge060,right
720575940626901136,0.0,123.75,88.75,140.25,29.25,31.0,138.25,DNg40,left
720575940629155227,0.0,0.0,0.0,0.0,0.0,0.0,0.0,DNpe021,right
720575940607632579,0.0,0.0,0.0,0.0,0.0,0.0,0.0,DNpe047,left
720575940637660733,0.0,0.0,0.0,0.0,0.0,0.0,0.0,DNg01,left
720575940635640312,0.0,0.0,0.0,0.0,0.0,0.0,0.0,DNp62,left
720575940629782072,0.0,0.0,0.0,0.0,0.0,0.0,0.0,DNpe012,left
720575940613200706,0.0,0.0,0.0,0.0,0.0,0.0,0.0,DNpe008,right
720575940647471395,0.0,0.0,0.0,0.0,0.0,0.0,0.0,DNpe036,left
720575940621226484,0.0,0.0,0.0,0.0,0.0,0.0,0.0,DNb04,right
720575940619332944,0.0,0.0,0.0,0.0,0.0,0.0,0.0,DNg99,right
720575940638175558,0.0,0.0,0.0,0.0,0.0,0.0,0.0,DNge072,right
720575940621401222,0.0,0.0,80.75,77.25,0.0,0.0,0.0,DNpe025,right
720575940632043320,0.0,0.0,0.0,0.0,0.0,0.0,0.0,DNge130,right
720575940629965708,0.0,0.0,0.0,0.0,0.0,0.0,0.0,DNge091,right
720575940638664355,0.0,0.0,0.0,0.0,0.0,0.0,0.0,DNg46,left
720575940633995181,0.0,0.0,0.0,0.0,0.0,0.0,0.0,DNg53,left
720575940620815896,0.0,0.0,0.0,0.0,0.0,0.0,0.0,DNge071,left
720575940619090541,0.0,0.0,0.0,0.0,0.0,0.0,0.0,DNpe009,left
720575940631627551,0.0,0.0,0.0,0.0,0.0,0.0,0.0,DNge115,left
720575940637126007,0.0,0.0,0.0,0.0,0.0,0.0,0.0,DNp56,right
720575940624882151,0.0,0.0,0.0,0.0,0.0,0.0,0.0,DNge094,right
720575940636592302,0.0,0.0,0.0,0.0,0.0,0.0,0.0,DNpe019,right
720575940619451989,0.0,0.0,0.0,0.0,0.0,0.0,0.0,DNpe033,left
720575940627652358,0.0,0.0,0.0,0.0,0.0,0.0,0.0,DNp09,right
720575940631051065,0.0,0.0,0.0,0.0,0.0,0.0,0.0,DNge116,left
720575940613686954,0.0,0.0,0.0,0.0,0.0,0.0,0.0,DNge081,left
720575940621325034,0.0,1.25,0.0,0.0,0.0,0.0,0.0,DNg04,right
720575940644758308,0.0,0.0,0.0,0.0,0.0,0.0,0.0,DNge046,left
720575940633041503,0.0,0.0,0.0,0.0,0.0,0.0,0.0,DNg06,right
720575940639919824,0.0,0.0,0.0,0.0,0.0,0.0,0.0,DNpe010,left
720575940621388453,0.0,0.0,0.0,0.0,0.0,0.0,0.0,DNd02,left
720575940619944513,0.0,0.0,0.0,0.0,0.0,0.0,0.0,DNg10,right
720575940626165489,0.0,0.0,0.0,0.0,0.0,0.0,0.0,DNpe008,right
720575940618382529,0.0,0.0,0.0,0.0,0.0,0.0,0.0,DNp16,left
720575940646173748,0.0,0.0,0.0,0.0,0.0,0.0,0.0,oviDNa_b,right
720575940610231509,0.0,0.0,0.0,0.0,0.0,0.0,0.0,DNg90,left
720575940614736034,0.0,0.0,0.0,0.0,0.0,0.0,0.0,DNge140,right
720575940631110095,0.0,0.0,0.0,0.0,0.0,0.0,0.0,DNg80,right
720575940611756723,0.0,0.0,0.0,0.0,0.0,0.0,0.0,DNg65,right
720575940615679282,0.0,0.0,0.0,0.0,0.0,0.0,0.0,DNg02_h,right
720575940611981029,0.0,3.75,0.0,0.0,0.0,0.25,0.75,DNg111,right
720575940611610670,0.0,0.0,0.0,0.0,0.0,0.0,0.0,DNge091,left
720575940614478658,0.0,0.0,0.0,0.0,0.0,0.0,0.0,DNg36_b,left
720575940605950496,0.0,0.0,0.0,0.0,0.0,0.0,0.0,DNg76,left
720575940614363619,0.0,0.0,0.0,0.0,0.0,0.0,0.0,DNpe047,right
720575940611108676,0.0,0.0,0.0,0.0,0.0,0.0,0.0,DNge138,center
720575940626278129,0.0,0.0,0.0,0.0,0.0,0.0,0.0,DNg02_f,left
720575940650282742,0.0,0.0,0.0,0.0,0.0,0.0,0.0,DNge005,left
720575940639088216,0.0,0.0,0.0,0.0,0.0,0.0,0.0,DNge030,left
720575940624407944,0.0,0.0,0.0,0.0,0.0,0.0,0.0,DNp36,left
720575940624394498,0.0,0.0,0.0,0.0,0.0,0.0,0.0,DNg12_a,left
720575940652104694,0.0,0.0,0.0,0.0,0.0,0.0,0.0,DNge128,right
720575940628467830,0.0,0.0,0.0,0.0,0.0,0.0,0.0,DNg106,right
720575940607971337,0.0,0.0,0.0,0.0,0.0,0.0,0.0,DNpe012,left
720575940644653348,0.0,0.0,0.0,0.0,0.0,0.0,0.0,DNge031,right
720575940630671734,0.0,0.0,0.0,0.0,0.0,0.0,0.0,DNp17,left
720575940614185366,0.0,0.0,0.0,0.0,0.0,0.0,0.0,DNpe034,right
720575940619582168,0.0,0.0,0.0,0.0,0.0,0.0,0.0,DNb04,left
720575940604783136,0.0,0.0,0.0,0.0,0.0,0.0,0.0,DNg56,left
720575940638088511,0.0,0.0,0.0,0.0,0.0,0.0,0.0,DNge084,right
720575940642545883,0.0,0.0,0.0,0.0,0.0,0.0,0.0,DNg32,left
720575940614403178,0.0,6.75,0.0,0.0,11.5,0.0,5.25,DNae005,right
720575940629777018,0.0,0.0,0.0,0.0,0.0,115.5,0.0,DNp11,right
720575940610872014,0.0,0.0,0.0,0.0,0.0,0.0,0.0,DNge011,right
720575940634903915,0.0,0.0,0.0,0.0,0.0,0.0,0.0,DNg69,right
720575940617917396,0.0,0.25,0.0,0.0,0.0,0.0,0.0,DNbe003,left
720575940635210603,0.0,0.0,0.0,0.0,0.0,0.0,0.0,DNpe052,right
720575940626179614,0.0,0.0,0.0,0.0,0.0,0.0,0.0,DNg72,right
720575940628132745,0.0,0.0,35.0,34.0,0.0,0.0,3.75,DNp31,right
720575940622352764,0.0,0.0,0.0,0.0,0.0,0.0,0.0,DNg18_b,left
720575940632302151,0.0,0.0,0.0,0.0,0.0,0.0,0.0,DNge019,left
720575940628885160,0.0,0.0,0.0,0.0,0.0,0.0,0.0,DNpe049,right
720575940623142426,0.0,0.0,0.0,0.0,0.0,0.0,0.0,DNpe043,left
720575940622161366,0.0,0.0,20.75,21.75,0.0,23.25,0.0,DNge054,right
720575940617922439,0.0,0.0,0.0,0.0,0.0,0.0,0.0,DNg02_g,right
720575940630990533,0.0,0.0,0.0,0.0,0.0,0.0,0.0,DNge091,right
720575940618876830,0.0,0.0,0.0,0.0,0.0,0.0,0.0,DNg06,right
720575940628869648,0.0,0.0,0.0,0.0,0.0,0.0,0.0,DNge077,right
720575940621313414,0.0,0.0,0.0,0.0,0.0,0.0,0.0,DNge038,left
720575940618698411,0.0,0.0,0.0,0.0,0.0,0.0,0.0,DNg06,right
720575940645537902,0.0,0.0,0.0,0.0,0.0,0.0,0.0,DNde001,left
720575940621119061,0.0,0.0,0.0,0.0,0.0,0.0,0.0,DNbe002,left
720575940631333195,0.0,0.0,0.0,0.0,0.0,0.0,0.0,DNd05,left
720575940614587990,0.0,0.0,0.0,0.0,0.0,0.0,0.0,DNpe009,right
720575940632574946,0.0,0.0,0.0,0.0,0.0,0.0,0.0,DNge113,left
720575940618427156,0.0,0.0,0.0,0.0,0.0,0.0,0.0,DNge113,right
720575940630428324,0.0,0.0,0.0,0.0,0.0,0.0,0.0,DNpe029,left
720575940626665489,0.0,0.0,0.0,0.0,0.0,0.0,0.0,DNpe054,left
720575940630346860,0.0,0.0,0.0,0.0,0.0,0.0,0.0,DNp54,left
720575940615794077,0.0,0.0,0.0,0.0,0.0,0.0,0.0,DNpe015,left
720575940632646114,0.0,0.0,0.0,0.0,0.0,0.0,0.0,DNpe046,left
720575940631124076,0.0,0.0,0.0,0.0,0.0,0.0,0.0,DNge134,right
720575940620017261,0.0,0.0,0.0,0.0,0.0,0.0,0.0,DNge009,right
720575940628498161,0.0,0.0,0.0,2.0,0.0,0.0,0.5,DNp08,left
720575940622843530,0.0,0.0,0.0,0.0,0.0,0.0,0.0,DNpe031,right
720575940624374334,0.0,0.0,0.0,0.0,0.0,0.0,0.0,DNge093,left
720575940637608560,0.0,0.0,0.0,0.0,0.0,0.0,0.0,DNa14,right
720575940626189657,0.0,0.0,0.0,0.0,0.0,0.0,0.0,DNge126,left
720575940609407939,0.0,0.0,0.0,0.0,0.0,0.0,0.0,DNge080,right
720575940623153788,0.0,0.0,0.0,0.0,0.0,0.0,0.5,DNpe014,left
720575940643817888,0.0,0.0,2.0,0.0,0.0,0.0,0.0,DNg04,left
720575940630980559,0.0,0.0,0.0,0.0,0.0,0.0,0.0,DNg28,right
720575940633213132,0.0,0.0,0.0,0.0,0.0,0.0,0.0,DNpe054,right
720575940641276917,0.0,0.0,0.0,0.0,0.0,0.0,0.0,DNae004,right
720575940620082512,0.0,0.0,0.0,0.0,0.0,0.0,0.0,DNge049,right
720575940622797244,0.0,0.0,0.0,0.0,0.0,0.0,0.0,DNg12_c,left
720575940638094911,0.0,0.0,0.0,0.0,0.0,0.0,0.0,DNge091,right
720575940635464343,0.0,0.0,0.0,0.0,0.0,0.0,0.0,DNpe004,left
720575940620468718,0.0,0.0,0.0,0.0,0.0,138.75,0.0,DNp02,right
720575940629725545,0.0,0.0,0.0,0.0,0.0,0.0,0.0,DNge091,left
720575940605702944,0.0,0.0,23.5,20.5,0.0,0.0,0.0,DNpe040,right
720575940611225237,0.0,0.0,0.0,0.0,0.0,0.0,0.0,DNg58,left
720575940615453182,0.0,0.0,0.0,0.0,0.0,0.0,0.0,DNg07,left
720575940627814522,0.0,0.0,0.0,0.0,0.0,0.0,0.0,DNg12_e,left
720575940635210859,0.0,0.0,0.0,0.0,0.0,0.0,0.0,DNpe007,left
720575940607384242,0.0,0.0,0.0,0.0,0.0,0.0,0.0,DNge149,center
720575940623537485,0.0,0.0,0.0,0.0,0.0,0.0,0.0,DNge118,left
720575940620642940,0.0,0.0,0.0,0.0,0.0,0.0,0.0,DNpe002,right
720575940632379071,0.0,0.0,0.0,0.0,0.0,0.0,0.0,DNpe054,right
720575940622681864,0.0,28.0,0.0,21.0,0.0,0.0,37.0,DNg02_b,left
720575940625094325,0.0,0.0,0.0,0.0,0.0,0.0,0.0,DNae008,left
720575940620714150,0.0,0.0,0.0,0.0,0.0,0.0,0.0,DNge046,right
720575940637678653,0.0,0.0,0.0,0.0,0.0,0.0,0.0,DNg92_b,right
720575940617663093,0.0,0.0,0.0,0.0,0.0,0.0,0.0,DNg51,right
720575940653053601,0.0,0.0,0.0,0.0,0.0,0.0,0.0,DNg03,left
720575940629421159,0.0,0.0,0.0,0.0,0.0,0.0,0.0,DNp12,right
720575940644666660,0.0,0.0,0.0,0.0,0.0,0.0,0.0,DNg27,right
720575940636098367,0.0,0.0,0.0,0.0,0.0,0.0,0.0,DNge071,right
720575940622805700,0.0,0.0,0.0,0.0,0.0,0.0,0.0,DNge154,right
720575940644279319,0.0,0.0,0.0,0.0,0.0,0.0,0.0,DNpe028,right
720575940648188548,0.0,0.0,0.5,3.25,0.0,0.0,0.0,DNg54,right
720575940614186449,0.0,0.0,0.0,0.0,0.0,0.0,0.0,DNg44,left
720575940603591014,0.0,0.0,0.75,0.0,0.0,0.0,0.0,DNae004,left
720575940648636292,0.0,35.75,0.0,0.0,43.25,0.0,54.25,DNb09,right
720575940630956345,0.0,0.0,0.0,0.0,0.0,0.0,0.0,DNg66,center
720575940634198926,0.0,0.0,0.0,0.0,0.0,0.0,0.0,DNge019,left
720575940636308075,0.0,0.0,0.0,0.0,0.0,0.0,0.0,DNge078,left
720575940610236514,0.0,0.0,3.25,0.0,0.75,0.75,2.5,MDN,right
720575940633201400,0.0,0.0,0.0,0.0,0.0,0.0,0.0,DNge015,right
720575940616826380,0.0,0.0,50.0,0.0,0.0,49.75,0.0,DNb09,left
720575940604954289,0.0,157.75,0.0,158.25,194.25,0.0,223.0,DNp04,left
720575940612586151,0.0,0.0,0.0,0.0,0.0,0.0,0.0,DNge017,right
720575940622806247,0.0,0.0,0.0,0.0,0.0,0.0,0.0,DNge085,right
720575940625420986,0.0,0.0,0.0,0.0,0.0,0.0,0.0,DNp101,right
720575940631982952,0.0,0.0,0.0,0.0,0.0,0.0,0.0,DNge132,left
720575940643347616,0.0,40.5,0.0,18.0,0.0,0.0,5.25,DNp55,left
720575940640589171,0.0,0.0,0.0,0.0,0.0,0.0,0.0,DNge031,left
720575940617249254,0.0,0.0,0.0,0.0,0.0,0.0,0.0,DNge086,right
720575940634428058,0.0,5.0,0.0,1.0,0.0,0.0,5.75,DNge043,right
720575940630712493,0.0,0.0,0.0,0.0,0.0,0.0,0.0,DNg18_b,left
720575940627732361,0.0,0.0,5.0,0.0,0.0,0.0,0.0,DNp26,right
720575940634825879,0.0,0.0,0.0,0.0,0.0,0.0,0.0,DNge045,right
720575940634140883,0.0,0.0,5.25,0.0,0.0,0.25,0.0,DNa09,left
720575940630839371,0.0,0.0,0.0,0.0,0.0,0.0,0.0,DNge146,left
720575940629012227,0.0,0.0,0.0,0.0,0.0,0.0,0.0,DNg81,right
720575940616401467,0.0,0.0,0.0,0.0,0.0,0.0,0.0,DNg08_a,left
720575940609844117,0.0,0.0,0.0,0.0,0.0,0.0,0.0,DNg18_b,right
720575940610348458,0.0,0.0,0.0,0.0,0.0,0.0,0.0,DNg110,left
720575940644751652,0.0,0.25,0.0,0.0,0.0,0.0,0.0,DNg34,right
720575940631643532,0.0,0.0,0.0,0.0,0.0,0.0,0.0,DNg77,right
720575940622351996,0.0,0.0,0.0,0.0,0.0,0.0,0.0,DNge019,right
720575940631498925,0.0,0.0,0.0,0.0,0.0,0.0,0.0,DNg18_b,right
720575940626732776,0.0,0.0,0.0,0.0,0.0,0.0,0.0,DNg08_a,left
720575940645834275,0.0,0.0,0.0,0.0,0.0,0.0,0.0,DNge013,right
720575940617950877,0.0,0.0,0.0,0.0,0.0,0.0,0.0,DNge063,right
720575940632296519,0.0,0.0,0.0,0.0,0.0,0.0,0.0,DNge079,right
720575940614588778,0.0,0.0,0.0,0.0,0.0,0.0,0.0,DNg12_e,right
720575940621021278,0.0,0.0,0.0,0.0,0.0,0.0,0.0,DNg18_a,left
720575940651341558,0.0,0.0,17.5,0.0,0.0,10.0,0.0,DNae010,left
720575940615385798,0.0,0.0,0.0,0.0,0.0,0.0,0.0,DNge085,left
720575940642312136,0.0,0.0,0.0,0.0,0.0,0.0,0.0,oviDNa_a,right
720575940636333710,0.0,0.0,0.0,0.0,0.0,0.0,0.0,DNge064,left
720575940617750070,0.0,0.0,0.0,0.0,0.0,0.0,0.0,DNp39,left
720575940625513360,0.0,0.0,0.0,0.0,0.0,0.0,0.0,DNp52,right
720575940629240263,0.0,18.75,0.0,0.25,2.25,0.0,32.5,DNge041,right
720575940626268761,0.0,0.0,0.0,0.0,0.0,0.0,0.0,DNge144,right
720575940630569413,0.0,0.0,0.0,0.0,0.0,0.0,0.0,DNge071,right
720575940624234242,0.0,0.0,0.0,0.0,0.0,0.0,0.0,DNg10,left
720575940613814971,0.0,0.0,0.0,0.0,0.0,0.0,0.0,DNge071,left
720575940620595883,0.0,0.0,0.0,0.0,0.0,0.0,0.0,DNg10,right
720575940630135084,0.0,87.0,82.0,101.0,6.25,2.0,80.5,DNge053,right
720575940640422016,0.0,0.0,0.0,0.0,0.0,0.0,0.0,DNge071,left
720575940616167986,0.0,0.0,0.0,0.0,0.0,0.0,0.0,DNge151,center
720575940615043222,0.0,29.0,0.0,5.75,1.25,0.0,35.25,DNae007,right
720575940620711334,0.0,5.75,0.0,0.0,0.0,0.0,4.0,DNa09,right
720575940627303699,0.0,0.0,0.0,0.0,0.0,0.0,0.0,DNg10,right
720575940612603289,0.0,2.0,0.0,0.0,0.0,0.0,0.0,DNg75,right
720575940617689816,0.0,0.0,0.0,0.0,0.0,0.0,0.0,DNg10,left
720575940621572890,0.0,0.0,0.0,0.0,0.0,0.0,0.0,DNg07,left
720575940615023535,0.0,0.0,0.0,0.0,0.0,0.0,0.0,DNge062,right
720575940630033913,0.0,0.0,0.0,0.0,0.0,0.0,0.0,DNge114,right
720575940620757748,0.0,0.0,0.0,0.0,0.0,0.0,0.0,DNpe041,left
720575940633218444,0.0,0.0,0.0,0.0,0.0,0.0,0.0,DNge023,right
720575940619928346,0.0,0.0,0.0,0.0,0.0,0.0,0.0,DNg06,left
720575940624349993,0.0,116.5,96.5,132.75,38.0,13.0,118.5,DNp70,left
720575940614682274,0.0,0.0,0.0,0.0,0.0,0.0,0.0,DNge090,right
720575940615607207,0.0,0.0,0.0,0.0,0.0,0.0,0.0,DNc01,right
720575940623203004,0.0,0.0,0.0,0.0,0.0,0.0,0.0,DNp17,left
720575940626982181,0.0,0.0,0.0,0.0,0.0,0.0,0.0,DNge107,left
720575940626639259,0.0,0.0,0.0,0.0,0.0,0.0,0.0,DNg10,left
720575940622786317,0.0,0.0,0.0,0.0,0.0,0.0,0.0,DNge085,left
720575940620915224,0.0,0.0,0.0,0.0,0.0,0.0,0.0,DNge089,right
720575940611886289,0.0,0.0,0.0,0.0,0.0,0.0,0.0,DNpe008,left
720575940629312300,0.0,0.0,0.0,0.0,0.0,0.0,0.0,DNp56,left
720575940610341582,0.0,0.0,0.0,0.0,0.0,0.0,0.0,DNge089,left
720575940632041247,0.0,0.0,0.0,0.0,0.0,0.0,0.0,DNge015,left
720575940614046395,0.0,0.0,0.0,0.0,0.0,0.0,0.0,DNge092,left
720575940624655285,0.0,0.0,0.0,0.0,0.0,0.0,0.0,DNpe008,left
720575940614959675,0.0,0.0,0.0,0.0,0.0,0.0,0.0,DNge071,right
720575940618086535,0.0,0.0,0.0,0.0,0.0,0.0,0.0,DNge115,right
720575940619790975,0.0,0.0,0.0,0.0,0.0,0.0,0.0,DNpe008,left
720575940642369736,0.0,0.0,0.0,0.0,0.0,0.0,0.0,DNge115,left
720575940624537284,0.0,0.75,0.0,3.25,0.0,0.0,1.25,DNge124,left
720575940620632369,0.0,0.0,0.0,0.0,0.0,0.0,0.0,DNg18_b,left
720575940616548416,0.0,0.0,0.0,0.0,0.0,0.0,0.0,DNge085,right
720575940629369642,0.0,0.0,0.0,0.0,0.0,0.0,0.0,DNg10,left
720575940637659749,0.0,0.0,0.0,0.0,0.0,0.0,0.0,DNge052,left
720575940611308181,0.0,0.0,0.0,0.0,0.0,0.0,0.0,DNg07,left
720575940612335539,0.0,0.0,0.0,0.0,0.0,0.0,0.0,DNge071,right
720575940639539840,0.0,0.0,0.0,0.0,0.0,0.0,0.0,DNg07,right
720575940621599604,0.0,0.0,0.0,0.0,0.0,0.0,0.0,DNge115,right
720575940616076917,0.0,0.0,0.0,0.0,0.0,0.0,0.0,DNge015,right
720575940634279543,0.0,0.0,0.0,0.0,0.0,0.0,0.0,DNge116,right
720575940619372726,0.0,0.0,0.0,0.0,0.0,0.0,0.0,DNge114,right
720575940623052728,0.0,0.0,0.0,0.0,0.0,0.0,0.0,DNpe009,right
720575940639201443,0.0,0.0,0.0,0.0,0.0,0.0,0.0,DNg02_a,left
720575940602534112,0.0,0.0,0.0,0.0,0.0,0.0,0.0,DNge116,right
720575940636186463,0.0,0.0,0.0,0.0,0.0,0.0,0.0,DNge092,right
720575940621339713,0.0,0.0,0.0,0.0,0.0,0.0,0.0,DNg07,right
720575940612288947,0.0,0.0,0.0,0.0,0.0,0.0,0.0,DNg07,right
720575940634599615,0.0,0.0,0.0,0.0,0.0,0.0,0.0,DNg18_b,right
720575940621304004,0.0,0.0,0.0,0.0,0.0,0.0,0.0,DNg36_b,right
720575940625596647,0.0,0.0,0.0,0.0,0.0,0.0,0.0,DNge071,left
720575940623968612,0.0,0.0,0.0,0.0,0.0,0.0,0.0,DNge085,right
720575940611552370,0.0,0.0,0.0,0.0,0.0,0.0,0.0,DNge115,right
720575940611765201,0.0,0.0,0.0,0.0,0.0,0.0,0.0,DNge071,right
720575940612429714,0.0,0.0,0.0,0.0,0.0,0.0,0.0,DNg07,left
720575940634864026,0.0,0.0,0.0,0.0,0.0,0.0,0.0,DNg01,left
720575940629956695,0.0,0.0,0.0,0.0,0.0,0.0,0.0,DNg07,left
720575940625343761,0.0,0.0,0.0,0.0,0.0,0.0,0.0,DNge085,right
720575940638084149,0.0,0.0,0.0,0.0,0.0,0.0,0.0,DNge112,right
720575940619910080,0.0,0.0,0.0,0.0,0.0,0.0,0.0,DNge092,right
720575940626729295,0.0,0.0,0.0,0.0,0.0,0.0,0.0,DNg07,left
720575940659703937,0.0,0.0,0.0,0.0,0.0,0.0,0.0,DNg18_a,right
720575940624229925,0.0,0.0,0.0,0.0,0.0,0.0,0.0,DNg01,right
720575940621068464,0.0,3.5,0.0,0.0,1.75,0.0,5.0,DNb08,right
720575940615957663,0.0,0.0,0.0,0.0,0.0,0.0,0.0,DNg06,right
720575940626187014,0.0,0.0,0.0,0.0,0.0,0.0,0.0,DNg92_b,left
720575940626580794,0.0,0.0,0.0,0.0,0.0,0.0,0.0,DNge089,right
720575940616786433,0.0,0.0,0.0,0.0,0.0,0.0,0.0,DNge085,left
720575940621121159,0.0,0.0,0.0,0.0,0.0,0.0,0.0,DNge109,right
720575940615424966,0.0,0.0,0.0,0.0,0.0,0.0,0.0,DNge090,right
720575940619152856,0.0,0.0,0.0,0.0,0.0,0.0,0.0,DNp40,right
720575940647755641,0.0,0.0,0.0,0.0,0.0,0.0,0.0,DNge070,left
720575940611102437,0.0,0.0,0.0,0.0,0.0,0.0,0.0,DNpe008,right
720575940610935410,0.0,0.0,0.0,0.0,0.0,0.0,0.0,DNge089,right
720575940625673196,0.0,40.0,0.0,14.75,0.0,0.0,31.0,DNp71,left
720575940622042603,0.0,0.0,0.0,0.0,0.0,0.0,0.0,DNg02_c,left
720575940624015287,0.0,0.0,0.0,0.0,0.0,0.0,0.0,DNge075,left
720575940630290536,0.0,0.0,0.0,0.0,0.0,0.0,0.0,DNge108,right
720575940614107554,0.0,0.0,0.0,0.0,0.0,0.0,0.0,DNge118,right
720575940627021349,0.0,0.0,0.0,0.0,0.0,0.0,0.0,DNg110,left
720575940632573887,0.0,0.0,0.0,0.0,0.0,0.0,0.0,DNg02_a,right
720575940617802699,0.0,0.0,0.0,0.0,0.0,0.0,0.0,DNpe008,left
720575940629742718,0.0,0.0,0.0,0.0,0.0,0.0,0.0,DNg09,right
720575940624750480,0.0,0.0,0.0,0.0,0.0,0.0,0.0,DNg24,left
720575940630829563,0.0,0.0,0.0,0.0,0.0,0.0,0.0,DNge094,right
720575940621294218,0.0,0.0,0.0,0.0,0.0,0.0,0.0,DNge061,left
720575940618706603,0.0,0.0,0.0,0.0,0.0,0.0,0.0,DNpe008,right
720575940627241321,0.0,0.0,0.0,0.0,0.0,0.0,0.0,DNpe054,right
720575940620564673,0.0,0.0,0.0,0.0,0.0,0.0,0.0,DNg10,right
720575940635405719,0.0,0.0,0.0,0.0,0.0,0.0,0.0,DNpe012,right
720575940625065653,0.0,0.0,0.0,0.0,0.0,0.0,0.0,DNge091,left
720575940606756309,0.0,0.0,0.0,0.0,0.0,0.0,0.0,DNpe018,left
720575940640140733,0.0,0.0,0.0,0.0,0.0,0.0,0.0,DNge116,left
720575940622925972,0.0,0.0,0.0,0.0,0.0,0.0,0.0,DNg01,right
720575940660224385,0.0,0.0,0.0,0.0,0.0,0.0,0.0,DNg10,left
720575940637896893,0.0,0.0,0.0,0.0,0.0,0.0,0.0,DNge090,left
720575940609733582,0.0,0.0,0.0,0.0,0.0,0.0,0.0,DNge071,right
720575940625426469,0.0,0.0,0.0,0.0,0.0,0.0,0.0,DNg07,right
720575940614840715,0.0,0.0,0.0,0.0,0.0,0.0,0.0,DNg06,left
720575940642926702,0.0,0.0,0.0,0.0,0.0,0.0,0.0,DNg12_a,left
720575940626748702,0.0,0.0,0.0,0.0,0.0,0.0,0.0,DNge089,left
720575940612698287,0.0,0.0,0.0,0.0,0.0,0.0,0.0,DNg06,left
720575940622944196,0.0,0.0,0.0,0.0,0.0,0.0,0.0,DNge108,left
720575940606702601,0.0,0.0,0.0,0.0,0.0,0.0,0.0,DNge112,left
720575940621071017,0.0,0.0,0.0,0.0,0.0,0.0,0.0,DNge093,left
720575940621270410,0.0,0.0,0.0,0.0,0.0,0.0,0.0,DNpe008,right
720575940621909739,0.0,0.0,0.0,0.0,0.0,0.0,0.0,DNg01,right
720575940627850622,0.0,16.0,0.0,19.0,0.0,0.0,17.75,DNg02_g,left
720575940631651810,0.0,0.0,0.0,0.0,0.0,0.0,0.0,DNge071,left
720575940625047815,0.0,0.0,0.0,0.0,0.0,0.0,0.0,DNge090,left
720575940621534273,0.0,0.0,0.0,0.0,0.0,0.0,0.0,DNge071,left
720575940606784265,0.0,0.0,0.0,0.0,0.0,0.0,0.0,DNge089,right
720575940627595772,0.0,0.0,0.0,0.0,0.0,0.0,0.0,DNge020,right
720575940629412170,0.0,0.0,0.0,0.0,0.0,0.0,0.0,DNd04,left
720575940630078031,0.0,0.0,0.0,0.0,0.0,0.0,0.0,DNpe011,right
720575940636671886,0.0,0.0,0.0,0.0,0.0,0.0,0.0,DNge156,left
720575940609316050,0.0,0.0,0.0,0.0,0.0,0.0,0.0,DNpe008,right
720575940602864300,0.0,0.0,0.0,0.0,0.0,0.0,0.0,DNpe008,left
720575940608332674,0.0,0.0,0.0,0.0,0.0,0.0,0.0,DNpe011,left
720575940610715346,0.0,0.0,0.0,0.0,0.0,0.0,0.0,DNpe035,right
720575940617802187,0.0,0.0,0.0,0.0,0.0,0.0,0.0,DNp17,left
720575940627629598,0.0,0.0,0.0,0.0,0.0,0.0,0.0,DNge142,left
720575940628252751,0.0,0.0,0.0,0.0,0.0,0.0,0.0,DNg07,left
720575940656144289,0.0,0.0,0.0,0.0,0.0,0.0,0.0,DNg110,right
720575940630505334,0.0,0.0,0.0,0.0,0.0,0.0,0.0,DNge095,right
720575940630333911,0.0,0.0,0.0,0.0,0.0,0.0,0.0,DNge114,right
720575940631889965,0.0,0.0,0.0,0.0,0.0,0.0,0.0,DNg106,right
720575940626027752,0.0,0.0,0.0,0.0,0.0,0.0,0.0,DNg07,right
720575940642411917,0.0,0.0,0.0,0.0,0.0,0.0,0.0,DNpe054,left
720575940620149836,0.0,0.0,0.0,0.0,0.0,0.0,0.0,DNg12_b,right
720575940637501784,0.0,0.0,0.0,0.0,0.0,0.0,0.0,DNg12_d,left
720575940634782359,0.0,0.0,0.0,0.0,0.0,0.0,0.0,DNge143,right
720575940625482954,0.0,0.0,0.0,0.0,0.0,0.0,0.0,DNg02_e,right
720575940617295321,0.0,0.0,0.0,0.0,0.0,0.0,0.0,DNge091,right
720575940625467280,0.0,0.0,0.0,0.0,0.0,0.0,0.0,DNpe008,right
720575940631720417,0.0,0.0,0.0,0.0,0.0,0.0,0.0,DNpe009,left
720575940622123400,0.0,0.0,0.0,0.0,0.0,0.0,0.0,DNge091,left
720575940626745987,0.0,0.0,0.0,0.0,0.0,0.0,0.0,DNg07,left
720575940640630589,0.0,0.0,0.0,0.0,0.0,0.0,0.0,DNge094,left
720575940619431765,0.0,0.0,0.0,0.0,0.0,0.0,0.0,DNge071,left
720575940619676598,0.0,0.0,0.0,0.0,0.0,0.0,0.0,DNge093,right
720575940630071583,0.0,0.0,0.0,0.0,0.0,0.0,0.0,DNp17,left
720575940628825348,0.0,0.0,0.0,0.0,0.0,0.0,0.0,DNge115,right
720575940613535554,0.0,0.0,0.0,0.0,0.0,0.0,0.0,DNg17,left
720575940626904219,0.0,0.0,0.0,0.0,0.0,0.0,0.0,DNg02_b,left
720575940611976618,0.0,0.0,0.0,0.0,0.0,0.0,0.0,DNge111,left
720575940631721287,0.0,0.0,0.0,0.0,0.0,0.0,0.0,DNge126,right
720575940634583694,0.0,0.0,0.0,0.0,0.0,0.0,0.0,DNge110,right
720575940628745209,0.0,0.0,0.0,0.0,0.0,0.0,0.0,DNge071,right
720575940624816115,0.0,0.0,0.0,0.0,0.0,0.0,0.0,DNge033,left
720575940628942586,0.0,0.0,0.0,0.0,0.0,0.0,0.0,DNg02_e,left
720575940627307625,0.0,0.0,0.0,0.0,0.0,0.0,0.0,DNge089,left
720575940641793440,0.0,0.0,0.0,0.0,0.0,0.0,0.0,DNge114,right
720575940610440402,0.0,0.0,0.0,0.0,0.0,0.0,0.0,DNge085,right
720575940622917351,0.0,0.0,0.0,0.0,0.0,0.0,0.0,DNpe008,left
720575940631061900,0.0,0.0,0.0,0.0,0.0,0.0,0.0,DNge111,right
720575940613632153,0.0,0.0,0.0,0.0,0.0,0.0,0.0,DNpe009,right
720575940638623165,0.0,0.0,0.0,0.0,0.0,0.0,0.0,DNg82,left
720575940622633716,0.0,0.0,10.5,0.0,0.0,0.25,0.0,DNge041,left
720575940612804862,0.0,0.0,0.0,0.0,0.0,0.0,3.75,DNg01,right
720575940627003179,0.0,0.0,0.0,0.0,0.0,0.0,0.0,DNg05_b,right
720575940626088835,0.0,0.0,0.0,0.0,0.0,0.0,0.0,DNg110,left
720575940635222640,0.0,0.0,0.0,0.0,0.0,0.0,0.0,DNg110,right
720575940630289804,0.0,0.0,0.0,0.0,0.0,0.0,0.0,DNg02_a,left
720575940617498507,0.0,0.0,0.0,0.0,0.0,0.0,0.0,DNg02_b,right
720575940623543117,0.0,0.0,0.0,0.0,0.0,0.0,0.0,DNge093,right
720575940603580960,0.0,0.0,0.0,0.0,0.0,0.0,0.0,DNpe054,left
720575940639479168,0.0,0.0,0.0,0.0,0.0,0.0,0.0,DNge114,left
720575940644801060,0.0,0.0,0.0,0.0,0.0,0.0,0.0,DNg07,right
720575940610309034,0.0,0.0,0.0,0.0,0.0,0.0,0.0,DNge071,left
720575940627560236,0.0,0.0,0.0,0.0,0.0,0.0,0.0,DNpe008,left
720575940627799802,0.0,0.0,0.0,0.0,0.0,0.0,0.0,DNg09,left
720575940603489824,0.0,0.0,0.0,0.0,0.0,0.0,0.0,DNpe015,left
720575940622027222,0.0,0.0,0.0,0.0,0.0,0.0,0.0,DNge046,right
720575940608838958,0.0,0.0,0.0,0.0,0.0,0.0,0.0,DNg01,left
720575940613748689,0.0,0.0,0.0,0.0,0.0,0.0,0.0,DNp16,right
720575940638204132,0.0,89.25,89.5,109.5,11.5,5.5,87.0,DNge053,left
720575940622910188,0.0,0.0,0.0,0.0,0.0,0.0,0.0,DNg02_f,right
720575940617696728,0.0,0.0,0.0,0.0,0.0,0.0,0.0,DNp17,right
720575940618863553,0.0,0.0,0.0,0.0,0.0,0.0,0.0,DNge061,right
720575940632788025,0.0,0.0,0.0,0.0,0.0,0.0,0.0,DNge108,left
720575940621002480,0.0,0.0,0.0,0.0,0.0,0.0,0.0,DNge094,right
720575940614562207,0.0,0.0,0.0,0.0,0.0,0.0,0.0,DNge115,left
720575940634526560,0.0,0.0,0.0,0.0,0.0,0.0,0.0,DNge092,left
720575940619341744,0.0,0.0,0.0,0.0,0.0,0.0,0.0,DNpe008,left
720575940642198747,0.0,0.0,0.0,0.0,0.0,0.0,0.0,DNg92_b,left
720575940625396252,0.0,0.0,0.0,0.0,0.0,0.0,0.0,DNg36_b,left
720575940618440943,0.0,0.0,0.0,0.0,0.0,0.0,0.0,DNg06,left
720575940622437671,0.0,0.0,0.0,0.0,0.0,0.0,0.0,DNpe011,right
720575940620110215,0.0,0.0,0.0,0.0,0.0,0.0,0.0,DNge091,right
720575940613307033,0.0,0.0,0.0,0.0,0.0,0.0,0.0,DNde006,left
720575940611498419,0.0,0.0,0.0,0.0,0.0,0.0,0.0,DNge111,left
720575940629472298,0.0,0.0,0.0,0.0,0.0,0.0,0.0,DNg09,right
720575940621071495,0.0,0.0,0.0,0.0,0.0,0.0,0.0,DNge091,right
720575940630297292,0.0,0.0,0.0,0.0,0.0,0.0,0.0,DNg09,left
720575940632989291,0.0,0.0,0.0,0.0,0.0,0.0,0.0,DNpe008,right
720575940627414887,0.0,0.0,0.0,0.0,0.0,0.0,0.0,DNg02_b,right
720575940625144061,0.0,0.0,0.0,0.0,0.0,0.0,0.0,DNg02_c,right
720575940649992569,0.0,0.0,0.0,0.0,0.0,0.0,0.0,DNge091,right
720575940615898730,0.0,0.0,0.0,0.0,0.0,0.0,0.0,DNg106,right
720575940612019825,0.0,0.0,0.0,0.0,0.0,0.0,0.0,DNg12_c,left
720575940626377349,0.0,0.0,0.0,0.0,0.0,0.0,0.0,DNg02_h,left
720575940613668620,0.0,0.0,0.0,0.0,0.0,0.0,0.0,DNg02_b,left
720575940623776235,0.0,0.0,0.0,0.0,0.0,0.0,0.0,DNge117,right
720575940622836970,0.0,0.0,0.0,0.0,0.0,0.0,0.0,DNpe012,left
720575940623498876,0.0,0.0,0.0,0.0,0.0,0.0,0.0,DNge094,right
720575940638159472,0.0,0.0,0.0,0.0,0.0,0.0,0.0,DNg92_b,right
720575940620404182,0.0,0.0,0.0,0.0,0.0,0.0,0.0,DNg05_b,left
720575940640156301,0.0,0.0,0.0,0.0,0.0,0.0,0.0,DNge014,left
720575940610010521,0.0,0.0,0.0,0.0,0.0,0.0,0.0,DNp17,right
720575940625890812,0.0,0.0,0.0,0.0,0.0,0.0,0.0,DNpe008,left
720575940611087786,0.0,0.0,0.0,0.0,0.0,0.0,0.0,DNge091,left
720575940634207087,0.0,0.0,0.0,0.0,0.0,0.0,0.0,DNg09,left
720575940609366648,0.0,0.0,0.0,0.0,0.0,0.0,0.0,DNg11,left
720575940632868051,0.0,0.0,0.0,0.0,0.0,0.0,0.0,DNbe001,left
720575940613731270,0.0,0.0,0.0,0.0,0.0,0.0,0.0,DNpe008,right
720575940610863310,0.0,0.0,0.0,0.0,0.0,0.0,0.0,DNg02_a,right
720575940619315888,0.0,0.0,0.0,0.0,0.0,0.0,0.0,DNpe009,left
720575940618870113,0.0,0.0,0.0,0.0,0.0,0.0,0.0,DNge095,left
720575940633853559,0.0,0.0,0.0,0.0,0.0,0.0,0.0,DNp17,right
720575940617296699,0.0,0.0,0.0,0.0,0.0,0.0,0.0,DNg36_b,right
720575940614147701,0.0,0.0,0.0,0.0,0.0,0.0,0.0,DNpe015,right
720575940641305229,0.0,0.0,0.0,0.0,0.0,0.0,0.0,DNg02_d,left
720575940607854793,0.0,0.0,0.0,0.0,0.0,0.0,0.0,DNpe011,left
720575940623528842,0.0,0.0,0.0,0.0,0.0,0.0,0.0,DNpe012,right
720575940625539984,0.0,0.0,0.0,0.0,0.0,0.0,0.0,DNp49,left
720575940628398202,0.0,0.0,0.0,0.0,0.0,0.0,0.0,DNp17,left
720575940635175263,0.0,0.0,0.0,0.0,0.0,0.0,0.0,DNg12_c,left
720575940623193293,0.0,0.0,0.0,0.0,0.0,0.0,0.0,DNge094,right
720575940638019184,0.0,0.0,0.0,0.0,0.0,0.0,0.0,DNge145,right
720575940615502604,0.0,0.0,0.0,0.0,0.0,0.0,0.0,DNpe011,left
720575940606607234,0.0,17.0,0.0,0.5,0.0,0.0,15.75,DNge040,right
720575940618548244,0.0,0.0,0.0,0.0,0.0,0.0,0.0,DNge061,right
720575940621640885,0.0,0.0,0.0,0.0,0.0,0.0,0.0,DNg12_b,right
720575940625550398,0.0,0.0,0.0,0.0,0.0,0.0,0.0,DNg05_b,right
720575940619024816,0.0,0.0,0.0,0.0,0.0,0.0,0.0,DNpe015,right
720575940628800207,0.0,0.0,0.0,0.0,0.0,0.0,0.0,DNg03,left
720575940623491987,0.0,0.0,0.0,0.0,0.0,0.0,0.0,DNg110,right
720575940622505511,0.0,0.0,0.0,0.0,0.0,0.0,0.0,DNpe015,left
720575940629139968,0.0,0.0,0.0,0.0,0.0,0.0,0.0,DNge113,right
720575940612373423,0.0,0.0,0.0,0.0,0.0,0.0,0.0,DNge094,left
720575940628582607,0.0,1.0,0.0,0.0,0.5,0.0,9.0,DNg82,right
720575940636104767,0.0,0.0,0.0,0.0,0.0,0.0,0.0,DNge111,right
720575940621304723,0.0,0.0,0.0,0.0,0.0,0.0,0.0,DNpe015,right
720575940619089005,0.0,0.0,0.0,0.0,0.0,0.0,0.0,DNpe011,left
720575940623992300,0.0,11.5,0.0,0.0,5.0,0.0,6.0,DNp17,right
720575940632900665,0.0,0.0,0.0,0.0,2.0,0.0,1.25,DNpe022,right
720575940612028017,0.0,0.0,0.0,0.0,0.0,0.0,0.0,DNge114,left
720575940637101413,0.0,0.0,0.0,0.0,0.0,0.0,0.0,DNa07,left
720575940618182480,0.0,0.0,0.0,0.0,0.0,0.0,0.0,DNg01,left
720575940617030585,0.0,0.0,0.0,0.0,0.0,0.0,0.0,DNpe010,right
720575940640128720,0.0,0.0,0.0,0.0,0.0,0.0,0.0,DNpe015,right
720575940621783628,0.0,0.0,0.0,0.0,0.0,0.0,0.0,DNge094,left
720575940632634532,0.0,0.0,0.0,0.0,0.0,0.0,0.0,DNg57,right
720575940627691458,0.0,0.0,0.0,0.0,0.0,0.0,0.0,DNg82,right
720575940623934096,0.0,0.0,0.0,0.0,0.0,0.0,0.0,DNge110,left
720575940615495867,0.0,0.0,0.0,0.0,0.0,0.0,0.0,DNge091,right
720575940612922851,0.0,0.0,0.0,0.0,0.0,0.0,0.0,DNg05_b,right
720575940617873201,0.0,0.0,0.0,0.0,0.0,0.0,0.0,DNpe029,left
720575940644473760,0.0,0.0,0.0,0.0,0.0,0.0,0.0,DNg84,left
720575940622728728,0.0,0.0,0.0,0.0,0.0,0.0,0.0,DNge145,right
720575940608877266,0.0,0.0,0.0,0.0,0.0,0.0,0.0,DNpe018,right
720575940636606554,0.0,0.0,0.0,0.0,0.0,0.0,0.0,DNge091,left
720575940632934751,0.0,0.0,0.0,0.0,0.0,0.0,0.0,DNge094,right
720575940615364564,0.0,0.0,0.0,0.0,0.0,0.0,0.0,DNge094,left
720575940605656521,0.0,0.0,0.0,0.0,0.0,0.0,0.0,DNge015,left
720575940631829059,0.0,0.0,0.0,0.0,0.0,0.0,0.0,DNg09,right
720575940626877639,0.0,0.0,0.0,0.0,0.0,0.0,0.0,DNg09,right
720575940605041330,0.0,0.0,0.0,0.0,0.0,0.0,0.0,DNp16,right
720575940604729312,0.0,0.0,0.0,0.0,0.0,0.0,0.0,DNge094,left
720575940615630237,0.0,0.0,0.0,0.0,0.0,0.0,0.0,DNpe015,left
720575940628993871,0.0,0.0,0.0,0.0,0.0,0.0,0.0,DNge014,right
720575940625744784,0.0,0.0,0.0,0.0,0.0,0.0,0.0,DNp17,right
720575940632303441,0.0,0.0,0.0,0.0,0.0,0.0,0.0,DNge025,right
720575940607037635,0.0,0.0,0.0,0.0,0.0,0.0,0.0,DNp17,left
720575940612682467,0.0,0.0,0.0,0.0,0.0,0.0,0.0,DNp51,left
720575940618402694,0.0,0.0,0.0,0.0,0.0,0.0,0.0,DNpe015,right
720575940617390641,0.0,0.0,0.0,0.0,0.0,0.0,0.0,DNg12_b,right
720575940627542316,0.0,0.0,0.0,0.0,0.0,0.0,0.0,DNpe011,right
720575940621586473,0.0,0.0,0.0,0.0,0.0,0.0,0.0,DNg09,left
720575940628895787,0.0,0.0,0.0,0.0,0.0,0.0,0.0,DNp17,right
720575940613998860,0.0,0.0,0.0,0.0,0.0,0.0,0.0,DNg03,right
720575940618550699,0.0,0.0,0.0,0.0,0.0,0.0,0.0,DNpe015,left
720575940614348438,0.0,0.0,0.0,0.0,0.0,0.0,0.0,DNae006,left
720575940636898270,0.0,0.0,0.0,0.0,0.0,0.0,0.0,DNge145,left
720575940613793170,0.0,0.0,0.0,0.0,0.0,0.0,0.0,DNg02_b,left
720575940632409130,0.0,0.0,0.0,0.0,0.0,0.0,0.0,DNg03,left
720575940620470976,0.0,0.0,0.0,0.0,0.0,0.0,0.0,DNg53,right
720575940626238716,0.0,0.0,0.0,0.0,0.0,0.0,0.0,DNge089,left
720575940615219417,0.0,0.0,0.0,0.0,0.0,0.0,0.0,DNp16,left
720575940628437291,0.0,32.0,0.0,1.75,47.75,0.0,97.25,DNp35,left
720575940622347784,0.0,0.0,0.0,0.0,0.0,0.0,0.0,DNg05_b,left
720575940630492714,0.0,0.0,0.0,0.0,0.0,0.0,0.0,DNg02_d,right
720575940611474925,0.0,0.0,0.0,0.0,0.0,0.0,0.0,DNge102,right
720575940625345584,0.0,0.0,0.0,0.0,0.0,0.0,0.0,DNg92_a,left
720575940639789731,0.0,0.0,0.0,0.0,0.0,0.0,0.0,DNpe012,right
720575940614572906,0.0,0.0,0.0,0.0,0.0,0.0,0.0,DNge175,left
720575940627620593,0.0,0.0,0.0,0.0,0.0,0.0,0.0,DNpe019,left
720575940631609391,0.0,0.0,0.0,0.0,0.0,0.0,0.0,DNpe029,right
720575940620328828,0.0,0.0,0.0,0.0,0.0,0.0,0.0,DNg03,left
720575940627946261,0.0,0.0,0.0,0.0,0.0,0.0,0.0,DNa10,right
720575940627722234,0.0,0.0,0.0,0.0,0.0,0.0,0.0,DNge113,left
720575940623467527,0.0,0.0,0.0,0.0,0.0,0.0,0.0,DNp40,left
720575940626399588,0.0,0.0,0.0,0.0,0.0,0.0,0.0,DNg12_d,right
720575940607178709,0.0,0.0,0.0,0.0,0.0,0.0,0.0,DNge016,left
720575940617477022,0.0,0.0,0.0,0.0,0.0,0.0,0.0,DNge091,left
720575940636254810,0.0,0.0,0.0,0.0,0.0,0.0,0.0,DNg03,left
720575940644438551,0.0,31.0,0.0,0.0,43.0,0.0,41.0,DNa01,right
720575940628241628,0.0,0.0,0.0,0.0,0.0,0.0,0.0,DNg12_b,right
720575940619434587,0.0,0.0,0.0,0.0,0.0,0.0,0.0,DNge153,right
720575940619751872,0.0,0.0,0.0,0.0,0.0,0.0,0.0,DNg12_a,right
720575940626919579,0.0,0.0,0.0,0.0,0.0,0.0,0.0,DNge017,left
720575940641237632,0.0,0.0,0.0,0.0,0.0,0.0,0.0,DNp72,right
720575940622537477,0.0,0.0,0.0,0.0,0.0,0.0,0.0,DNge067,left
720575940619486891,0.0,49.0,0.0,20.25,0.0,0.0,44.25,DNp13,left
720575940626518858,0.0,0.0,0.0,0.0,0.0,0.0,0.0,DNpe029,right
720575940611807795,0.0,0.0,0.0,0.0,0.0,0.0,0.0,DNge024,right
720575940636651376,0.0,0.0,0.0,0.0,0.0,0.0,0.0,DNp51,right
720575940624448956,0.0,0.0,0.0,0.0,0.0,0.0,0.0,DNg42,left
720575940640306061,0.0,0.0,0.0,0.0,0.0,0.0,0.0,DNpe054,left
720575940630221509,0.0,0.0,0.0,0.0,0.0,0.0,0.0,DNp67,right
720575940616374667,0.0,0.0,0.0,0.0,0.0,0.0,0.0,DNge015,right
720575940632037224,0.0,0.0,0.0,0.0,0.0,0.0,0.0,DNge016,right
720575940620369517,0.0,0.0,0.0,0.0,0.0,0.0,0.0,DNp46,left
720575940631090402,0.0,0.0,0.0,0.0,0.0,0.0,0.0,DNg11,right
720575940627924227,0.0,0.0,0.0,0.0,0.0,0.0,0.75,DNpe014,left
720575940637966424,0.0,0.0,0.0,0.0,0.0,0.0,0.0,DNge175,right
720575940634163682,0.0,0.0,0.0,0.0,0.0,0.0,0.0,DNb03,left
720575940635587064,0.0,0.0,0.0,0.0,0.0,0.0,0.0,DNg51,right
720575940615899622,0.0,0.0,0.0,0.0,0.0,0.0,0.0,DNg03,right
720575940630810486,0.0,16.25,19.75,31.75,0.0,0.0,12.75,DNg98,left
720575940614642838,0.0,0.0,0.0,0.0,0.0,0.0,0.0,DNge021,right
720575940616498742,0.0,0.0,0.0,0.0,0.0,0.0,0.0,DNge102,right
720575940635549620,0.0,0.0,0.0,0.0,0.0,0.0,0.0,DNp29,right
720575940636610671,0.0,0.0,0.0,0.0,0.0,0.0,0.0,DNp63,left
720575940618827910,0.0,0.0,0.0,0.0,0.0,0.0,0.0,DNg11,left
720575940621817326,0.0,0.0,0.0,0.0,0.0,0.0,0.0,DNg11,right
720575940626068569,0.0,0.0,0.0,0.0,0.0,0.0,0.0,DNge087,right
720575940611622826,0.0,31.25,0.0,21.25,0.0,0.0,30.25,DNpe025,left
720575940620473547,0.0,0.0,0.0,0.0,0.0,0.0,0.0,DNge098,left
720575940605009097,0.0,0.0,0.0,0.0,0.0,0.0,0.0,DNpe004,right
720575940634617952,0.0,0.0,0.0,0.0,0.0,0.0,9.0,DNg57,left
720575940627732423,0.0,9.75,0.0,1.25,0.0,0.0,2.25,DNg45,left
720575940625963432,0.0,0.0,0.0,0.0,0.0,0.0,0.0,DNg03,right
720575940615108714,0.0,0.0,0.0,0.0,0.0,0.0,0.0,DNg46,right
720575940617990228,0.0,0.0,0.0,0.0,0.0,0.0,0.0,DNge097,right
720575940611939290,0.0,0.0,0.0,0.0,0.0,0.0,0.0,DNg12_a,right
720575940631270162,0.0,0.0,0.0,0.0,0.0,0.0,0.0,DNg30,left
720575940622537653,0.0,0.0,0.0,0.0,0.0,0.0,0.0,DNg79,left
720575940638810677,0.0,0.0,0.0,0.0,0.0,0.0,0.0,DNg12_b,right
720575940628397138,0.0,0.0,0.0,0.0,0.0,0.0,0.0,DNg92_a,right
720575940636933722,0.0,0.0,0.0,0.0,0.0,0.0,0.0,DNp41,left
720575940627827697,0.0,0.0,0.0,0.0,0.0,0.0,0.0,DNge067,right
720575940627166851,0.0,0.0,0.0,0.0,0.0,0.0,0.0,DNp41,left
720575940622486644,0.0,0.0,12.75,11.75,0.0,0.0,0.0,DNg45,right
720575940620135645,0.0,0.0,0.0,0.0,0.0,0.0,0.0,DNge001,left
720575940625573653,0.0,0.0,0.0,0.0,0.0,0.0,0.0,DNg11,left
720575940623706405,0.0,0.0,0.0,0.0,0.0,0.0,0.0,DNge102,left
720575940644022551,0.0,0.0,0.0,0.0,0.0,0.0,0.0,DNpe003,right
720575940626663994,0.0,110.0,0.0,113.5,0.0,0.0,103.0,DNg36_a,left
720575940637870510,0.0,0.0,0.0,0.0,0.0,0.0,0.0,DNge121,left
720575940616274619,0.0,0.0,0.0,0.0,0.0,0.0,0.0,DNpe026,right
720575940624484796,0.0,0.0,0.0,0.0,0.0,0.0,0.0,DNge106,left
720575940631695841,0.0,0.0,0.0,0.0,0.0,0.0,0.0,DNge019,right
720575940629521655,0.0,0.0,0.0,0.0,0.0,0.0,0.0,DNg51,left
720575940633488153,0.0,0.0,0.0,0.0,0.0,0.0,0.0,DNpe003,right
720575940635212139,0.0,0.0,0.0,0.0,0.0,0.0,0.0,DNge121,right
720575940624968013,0.0,0.0,0.0,0.0,0.0,0.0,0.0,DNg04,right
720575940608716809,0.0,0.0,0.0,0.0,0.0,0.0,0.0,DNge133,right
720575940625353736,0.0,0.0,0.0,0.0,0.0,0.0,0.0,DNg19,left
720575940633727339,0.0,0.0,0.0,0.0,0.0,0.0,0.0,DNa07,right
720575940639428174,0.0,0.0,0.0,0.0,0.0,0.0,0.0,DNp23,right
720575940612692889,0.0,0.0,0.0,0.0,0.0,0.0,0.0,DNg63,left
720575940612648106,0.0,0.0,0.0,0.0,0.0,0.0,0.0,DNg67,left
720575940630382075,0.0,0.0,0.0,0.0,0.0,0.0,0.0,DNge087,left
720575940612311987,0.0,0.0,0.0,0.0,0.0,0.0,0.0,DNpe003,left
720575940609589443,0.0,0.0,0.0,0.0,0.0,0.0,0.0,DNg05_a,left
720575940629833020,0.0,0.0,0.0,0.0,0.0,0.0,0.0,DNge010,left
720575940622040419,0.0,0.0,0.0,0.0,0.0,0.0,0.0,DNpe044,left
720575940611237594,0.0,0.0,0.0,0.0,0.0,0.0,0.0,DNpe028,left
720575940631632012,0.0,0.0,0.0,0.0,0.0,0.0,0.0,DNge012,right
720575940624530407,0.0,0.0,0.0,0.0,0.0,0.0,0.0,DNge072,left
720575940620776880,0.0,0.0,0.0,0.0,0.0,0.0,0.0,DNb03,left
720575940643837988,0.0,0.0,0.0,0.0,0.0,0.0,0.0,DNg19,right
720575940625184782,0.0,0.0,0.0,0.0,0.0,0.0,0.0,DNpe026,left
720575940619548799,0.0,0.0,0.0,0.0,0.0,0.0,0.0,DNpe014,right
720575940629170250,0.0,0.0,0.75,2.25,0.0,0.0,0.5,DNp57,right
720575940628669545,0.0,0.0,0.0,11.0,0.0,0.0,0.0,DNge082,right
720575940631498563,0.0,0.0,0.0,0.0,0.0,0.0,0.0,DNa08,left
720575940614014895,0.0,0.0,0.0,0.0,0.0,0.0,0.0,DNge077,left
720575940606222014,0.0,0.25,0.0,0.0,0.0,0.0,0.0,DNge033,right
720575940618658974,0.0,0.0,0.0,0.0,0.0,0.0,0.0,DNg89,right
720575940623132621,0.0,0.0,0.0,0.0,0.0,0.0,0.0,DNge146,right
720575940631168057,0.0,0.0,0.0,0.0,0.0,0.0,0.0,DNg60,left
720575940627731176,0.0,0.0,0.0,0.0,0.0,0.0,0.0,DNg05_a,right
720575940639553920,0.0,0.0,0.0,0.0,0.0,0.0,0.0,DNge101,right
720575940636029807,0.0,0.0,0.0,0.0,0.0,0.0,0.0,DNg72,right
720575940620859630,0.0,0.0,0.0,0.0,0.0,0.0,0.0,DNge052,right
720575940621628582,0.0,0.0,0.0,0.0,0.0,0.0,0.0,DNg85,left
720575940615578043,0.0,0.0,0.0,0.0,0.0,0.0,0.0,DNge068,right
720575940651932150,0.0,0.0,0.0,0.0,0.0,0.0,0.0,DNge070,right
720575940628225167,0.0,0.0,0.0,0.0,0.0,0.0,0.0,DNg48,right
720575940628387663,0.0,0.0,0.0,0.0,0.0,0.0,0.0,DNg69,left
720575940617373268,0.0,0.0,0.0,0.0,0.0,0.0,0.0,DNge098,right
720575940645032580,0.0,0.0,0.0,0.0,0.0,0.0,0.0,DNg12_c,right
720575940627210568,0.0,0.0,0.0,0.0,0.0,0.0,0.0,DNg79,left
720575940605450342,0.0,0.0,0.0,0.0,0.0,0.0,0.0,DNge087,left
720575940644659236,0.0,0.0,0.0,0.0,0.0,0.0,0.0,DNge028,left
720575940625345511,0.0,0.0,0.0,0.0,0.0,0.0,0.0,DNp63,right
720575940632412333,0.0,0.0,0.0,0.0,0.0,0.0,0.0,DNge096,right
720575940633953434,0.0,0.0,0.0,0.0,0.0,0.0,0.0,DNp41,right
720575940623274966,0.0,0.0,0.0,0.0,0.0,0.0,0.0,DNpe037,left
720575940646814340,0.0,0.0,3.0,4.0,0.0,0.0,0.0,DNp57,left
720575940622632084,0.0,0.0,0.0,0.0,0.0,0.0,0.0,DNge001,right
720575940616026939,0.0,0.0,0.0,0.0,0.25,0.25,0.0,MDN,left
720575940617792069,0.0,0.0,0.0,0.0,0.0,0.0,0.0,DNge044,right
720575940640331472,0.0,0.0,0.0,0.0,0.5,0.25,0.0,MDN,right
720575940627167516,0.0,0.0,0.0,0.0,0.0,0.0,0.0,DNge065,right
720575940620582260,0.0,0.0,0.0,0.0,0.0,0.0,0.0,DNp67,left
720575940630106309,0.0,0.0,0.0,0.0,0.0,0.0,0.0,DNpe001,left
720575940621336852,0.0,0.75,0.0,0.0,0.0,0.0,0.75,DNg42,right
720575940614759149,0.0,0.0,0.0,0.0,0.0,0.0,0.0,DNge140,left
720575940645693476,0.0,0.0,0.0,0.0,0.0,0.0,0.0,DNpe032,right
720575940618156829,0.0,0.0,0.0,0.0,0.0,0.0,0.0,DNb02,left
720575940637603038,0.0,0.0,2.75,25.75,0.0,0.0,18.0,DNge038,right
720575940619678366,0.0,0.0,0.0,0.0,0.0,0.0,0.0,DNp10,right
720575940630334658,0.0,0.0,0.0,0.0,0.0,0.0,0.0,DNb08,left
720575940614352278,0.0,0.0,0.0,0.0,0.0,0.0,0.0,DNge004,left
720575940635701655,0.0,0.0,0.0,0.0,0.0,0.0,0.0,DNg91,left
720575940617918021,0.0,0.0,17.25,9.0,0.0,0.0,0.0,DNge131,left
720575940613403890,0.0,0.0,0.0,0.0,0.0,0.0,0.0,DNp48,left
720575940625815562,0.0,0.0,0.0,0.0,0.0,0.0,0.0,DNg77,left
720575940626889491,0.0,0.0,7.0,2.25,0.0,0.0,0.25,DNge124,right
720575940627538434,0.0,0.0,0.0,0.0,0.0,0.0,0.0,DNg79,right
720575940626806046,0.0,0.0,0.0,0.0,0.0,0.0,0.0,DNpe039,right
720575940615030568,0.0,0.0,0.0,0.0,0.0,0.0,0.0,DNg58,right
720575940622594186,0.0,0.75,0.0,0.0,0.0,0.0,0.25,DNg91,right
720575940633771745,0.0,0.0,0.0,0.0,0.0,0.0,0.0,DNg20,right
720575940620561840,0.0,0.0,0.0,0.0,0.0,0.0,0.0,DNpe001,right
720575940625573322,0.0,0.0,0.0,0.0,0.0,0.0,0.0,DNae006,right
720575940644740256,0.0,0.0,0.0,0.0,0.0,0.0,0.0,DNg11,right
720575940625890888,0.0,0.0,0.0,0.0,0.0,0.0,0.0,DNge012,left
720575940613589167,0.0,1.0,0.0,0.25,0.0,0.0,1.5,DNge058,right
720575940613558509,0.0,0.0,0.0,0.0,0.0,0.0,0.0,DNpe055,right
720575940608409355,0.0,0.0,0.0,0.0,0.0,0.0,0.0,DNpe035,left
720575940613170498,0.0,0.0,0.0,0.0,0.0,0.0,0.0,DNp37,right
720575940612366322,0.0,0.0,0.0,0.0,0.0,0.0,0.0,DNge045,left
720575940619191966,0.0,60.0,89.25,98.25,58.0,77.0,78.0,DNge119,right
720575940619530187,0.0,0.0,0.0,0.0,0.0,0.0,0.0,DNge100,right
720575940624861072,0.0,0.0,0.0,0.0,0.0,0.0,0.0,DNp53,right
720575940621392086,0.0,0.0,0.0,0.0,0.0,0.0,0.0,DNde003,left
720575940633293025,0.0,0.0,0.0,0.0,0.0,0.0,0.0,DNge065,left
720575940613358450,0.0,0.0,0.0,0.0,0.0,0.0,0.0,DNbe005,left
720575940630054735,0.0,0.0,0.0,0.0,0.0,0.0,0.0,DNg23,left
720575940623626986,0.0,0.0,0.0,0.0,0.0,0.0,0.0,DNg94,left
720575940603874784,0.0,0.0,0.0,0.0,0.0,0.0,0.0,DNpe055,left
720575940628441862,0.0,0.0,0.0,0.0,0.0,0.0,0.0,DNge026,left
720575940627828552,0.0,0.0,0.0,0.0,0.0,0.0,0.0,DNg87,right
720575940620823828,0.0,0.0,0.0,0.0,0.0,0.0,0.0,DNa14,left
720575940612429743,0.0,0.0,0.0,0.0,0.0,0.0,0.0,DNge074,left
720575940617035449,0.0,0.0,0.0,0.0,0.0,0.0,0.0,DNge074,right
720575940632722771,0.0,0.0,0.0,0.0,0.0,0.0,0.0,DNg31,left
720575940623431571,0.0,0.0,0.0,0.0,0.0,0.0,0.0,DNge008,right
720575940630403031,0.0,0.0,0.0,0.0,0.0,0.0,0.0,DNge139,left
720575940617952034,0.0,1.25,0.5,1.75,0.0,0.0,1.0,DNp68,right
720575940607451081,0.0,0.0,0.0,0.0,0.0,0.0,0.0,DNge101,left
720575940644467360,0.0,0.0,0.0,0.0,0.0,0.0,0.0,DNge133,left
720575940627997050,0.0,0.0,0.0,0.0,0.0,0.0,0.0,DNb03,right
720575940634915691,0.0,0.0,0.0,0.0,0.0,0.0,0.0,DNg39,right
720575940623110123,0.0,0.0,0.0,0.0,0.0,0.0,0.0,DNde003,left
720575940632903737,0.0,47.0,0.0,43.5,0.0,0.0,38.75,DNp34,right
720575940609719250,0.0,0.0,0.0,0.0,0.0,0.0,0.0,DNpe046,right
720575940619945931,0.0,0.0,0.0,0.0,0.0,0.0,0.0,DNd04,right
720575940633165452,0.0,0.0,0.0,0.0,0.0,0.0,0.0,DNp33,right
720575940612557994,0.0,0.0,0.0,0.0,0.0,0.0,0.0,DNp39,right
720575940615559892,0.0,0.0,0.0,0.0,0.0,0.0,0.0,DNpe034,left
720575940654094241,0.0,0.0,0.0,0.0,0.0,0.0,0.0,DNge096,left
720575940631508598,0.0,0.0,0.0,0.0,0.0,0.0,0.0,DNge032,right
720575940613590579,0.0,0.0,0.0,0.0,0.0,0.0,0.0,DNge097,left
720575940629304702,0.0,0.25,0.0,0.25,0.0,0.0,0.0,DNge073,right
720575940631545960,0.0,0.0,0.0,0.0,0.0,0.0,0.0,DNg109,right
720575940624082931,0.0,0.0,1.25,0.0,0.0,0.0,0.0,DNg04,left
720575940626888250,0.0,0.0,0.0,0.0,0.0,0.0,0.0,DNg94,right
720575940619744496,0.0,0.0,0.0,0.0,0.0,0.0,0.0,DNg50,left
720575940624106388,0.0,0.0,0.0,0.0,0.0,0.0,0.0,DNge019,right
720575940624982823,0.0,0.0,13.25,1.75,0.0,0.0,0.0,DNbe006,left
720575940630808591,0.0,0.0,0.0,0.0,0.0,0.0,0.0,DNg52,right
720575940623014695,0.0,0.0,0.0,0.0,0.0,0.0,0.0,DNpe033,right
720575940622386824,0.0,0.0,0.0,0.0,0.0,0.0,0.0,DNge019,right
720575940611654570,0.0,0.0,0.0,0.0,0.0,0.0,0.0,DNge030,right
720575940625641402,0.0,0.0,0.0,0.0,0.0,0.0,0.0,DNge018,left
720575940621399174,0.0,0.0,0.0,0.0,0.0,0.0,0.0,DNge127,left
720575940628436282,0.0,0.0,0.0,0.0,0.0,0.0,0.0,DNge075,right
720575940632632607,0.0,0.0,0.0,0.0,0.0,0.0,0.0,DNg64,left
720575940615292895,0.0,0.0,0.0,0.0,0.0,0.0,0.0,DNpe049,left
720575940622237466,0.0,0.0,0.0,0.0,0.0,0.0,0.0,DNge152,center
720575940627496829,0.0,0.0,0.0,0.0,0.0,0.0,0.0,DNp37,left
720575940628577897,0.0,0.0,26.5,0.25,0.0,26.0,0.0,DNa04,left
720575940625090314,0.0,0.0,0.0,0.0,0.0,0.0,0.0,DNa08,right
720575940625878160,0.0,0.0,39.75,24.75,0.0,0.0,0.0,DNb01,left
720575940631283267,0.0,4.5,0.0,0.0,0.25,0.0,2.5,DNge018,right
720575940625718053,0.0,1.0,0.0,0.0,0.0,0.0,0.0,DNde003,right
720575940641518733,0.0,0.0,0.0,0.0,0.0,0.0,0.0,oviDNb,left
720575940640316238,0.0,0.0,0.0,0.0,0.0,0.0,0.0,DNg102,left
720575940630695798,0.0,0.0,0.0,0.0,0.0,0.0,0.0,DNge060,left
720575940627731599,0.0,0.0,0.0,0.5,0.0,0.0,0.0,DNbe004,left
720575940628884496,0.0,0.0,0.0,0.0,0.0,0.0,0.0,DNp03,right
720575940615715003,0.0,10.0,0.0,0.0,0.0,0.0,6.0,DNg96,right
720575940606342089,0.0,0.0,0.0,0.0,0.0,0.0,0.0,DNg78,right
720575940630236988,0.0,0.0,0.0,0.0,0.0,0.0,0.0,DNp38,right
720575940613347299,0.0,0.0,0.0,0.0,0.0,0.0,0.0,DNge042,right
720575940624404872,0.0,0.0,0.0,0.0,0.0,0.0,0.0,DNpe007,right
720575940627750216,0.0,0.0,0.0,0.0,0.0,0.0,0.0,DNpe031,left
720575940604103084,0.0,0.0,0.0,0.0,0.0,0.0,0.0,DNp33,left
720575940640747352,0.0,0.0,0.0,0.0,0.0,0.0,0.0,DNp14,left
720575940627001637,0.0,0.0,0.0,0.0,0.0,0.0,0.0,DNge013,left
720575940622037926,0.0,0.0,0.0,0.0,0.0,0.0,0.0,DNg41,right
720575940611016910,0.0,0.0,0.0,0.0,0.0,0.0,0.0,DNb03,right
720575940645258606,0.0,0.0,0.0,0.0,0.0,0.0,0.0,DNp59,left
720575940611956197,0.0,0.0,0.0,0.0,0.0,0.0,0.0,DNg78,left
720575940605714878,0.0,0.0,0.0,0.0,0.0,0.0,5.25,DNge136,left
720575940627845704,0.0,0.0,0.0,0.0,0.0,0.0,0.0,DNge148,right
720575940630992813,0.0,0.0,0.0,0.0,0.0,0.0,0.0,DNp36,right
720575940622147873,0.0,0.0,0.0,0.0,0.0,0.0,0.0,DNge043,left
720575940624986300,0.0,0.0,0.0,0.0,0.0,0.0,0.0,DNge055,right
720575940626092302,0.0,0.0,0.0,0.75,0.0,0.0,0.0,DNge082,left
720575940621257340,0.0,0.0,0.0,0.0,0.0,0.0,0.0,oviDNa_b,left
720575940630803727,0.0,0.0,0.0,0.0,0.0,0.0,0.0,DNge103,left
720575940635552948,0.0,0.0,0.0,0.0,0.0,32.75,0.0,DNpe037,right
720575940615505406,0.0,0.0,0.0,0.0,0.0,0.0,0.0,DNg23,right
720575940631959097,0.0,0.0,0.0,0.0,0.0,0.0,0.0,DNge042,left
720575940611531986,0.0,0.0,0.0,0.0,0.0,0.0,0.0,DNge002,left
720575940620749807,0.0,0.0,0.0,0.0,0.0,0.0,0.0,DNde001,right
720575940622550089,0.0,0.0,2.0,11.25,0.0,16.5,0.0,DNp07,right
720575940632960813,0.0,0.0,0.0,0.0,0.0,0.0,0.0,DNge056,right
720575940620169607,0.0,0.0,0.0,0.0,0.0,0.0,0.0,DNg59,right
720575940636879534,0.0,0.0,0.0,0.0,0.0,0.0,0.0,DNpe013,right
720575940636329579,0.0,0.0,0.0,0.0,0.0,0.0,0.0,DNg41,left
720575940633011256,0.0,6.0,0.0,0.0,9.75,0.0,13.25,DNpe023,right
720575940620760692,0.0,0.0,0.0,0.0,0.0,0.0,0.0,DNg50,right
720575940634560922,0.0,0.0,0.0,0.0,0.0,0.0,0.0,DNge073,left
720575940626319235,0.0,0.0,0.0,0.0,0.0,0.0,0.0,DNge064,right
720575940621530117,0.0,0.0,0.0,0.0,0.0,0.0,0.0,DNge039,right
720575940630480348,0.0,0.0,0.0,0.0,0.0,0.0,0.0,DNg102,right
720575940617034565,0.0,0.0,0.0,0.0,0.0,0.0,0.0,DNp07,left
720575940616647483,0.0,0.0,0.0,0.0,0.0,0.0,0.0,DNp19,left
720575940624986919,0.0,0.0,1.0,0.0,0.0,0.0,0.0,DNa06,left
720575940620038779,0.0,0.0,0.0,0.0,0.0,0.0,0.0,DNp47,right
720575940605658033,0.0,0.0,0.0,0.0,0.0,0.0,0.0,DNge125,right
720575940616886301,0.0,0.0,0.0,0.0,0.0,0.0,0.0,DNp52,left
720575940646443316,0.0,0.0,0.0,0.0,0.0,0.0,0.0,DNge086,left
720575940625887207,0.0,0.0,0.0,0.0,0.0,0.0,0.0,DNg95,right
720575940637341668,0.0,67.0,41.25,82.5,32.75,4.25,75.0,DNpe045,left
720575940626009852,0.0,0.0,30.5,27.0,0.0,105.0,0.0,DNp05,right
720575940631705130,0.0,0.25,0.5,0.0,0.0,0.0,0.0,DNg111,left
720575940616400470,0.0,0.0,0.0,0.0,0.0,0.0,0.0,DNge039,left
720575940629774274,0.0,0.0,0.0,0.0,0.0,0.0,0.0,DNge144,left
720575940639242303,0.0,0.0,0.0,0.0,0.0,0.0,0.0,DNpe053,right
720575940630291767,0.0,64.75,103.5,109.75,20.0,0.0,67.75,DNge046,left
720575940617296029,0.0,0.0,0.0,0.0,0.0,0.0,0.0,DNge139,right
720575940615092019,0.0,79.0,44.25,87.25,0.0,0.5,77.25,DNpe042,left
720575940638637501,0.0,0.0,20.5,35.5,0.0,0.0,0.0,DNp102,left
720575940629477675,0.0,0.0,0.0,0.0,0.0,0.0,0.0,DNge079,left
720575940630689644,0.0,0.0,0.0,0.0,0.0,0.0,0.0,DNpe030,left
720575940623786376,0.0,0.0,0.0,0.0,0.0,0.0,0.0,DNp24,left
720575940632877869,0.0,0.0,0.0,0.0,0.0,0.0,0.0,DNg67,right
720575940618398533,0.0,0.0,0.0,0.0,0.0,0.0,0.0,DNp54,right
720575940617245652,0.0,0.0,107.75,85.25,0.0,0.0,0.0,DNp55,right
720575940613717138,0.0,0.0,0.0,0.0,0.0,0.0,0.0,DNb04,right
720575940631483695,0.0,0.0,0.0,0.0,0.0,0.0,0.0,DNp101,left
720575940623125628,0.0,5.5,0.0,16.75,0.0,0.0,12.25,DNpe020,right
720575940608402524,0.0,26.0,0.0,6.25,0.0,0.0,28.5,DNbe006,right
720575940635838143,0.0,0.0,0.0,0.0,0.0,0.0,0.0,DNpe052,left
720575940617031385,0.0,0.0,0.0,0.0,0.0,0.0,0.0,DNg61,right
720575940618314897,0.0,104.0,120.5,137.5,30.5,25.0,102.75,DNp70,right
720575940629792060,0.0,0.0,0.0,0.0,0.0,0.0,0.0,DNge100,left
720575940647560500,0.0,0.0,0.0,0.0,0.0,0.0,0.0,DNg61,left
720575940627645514,0.0,0.0,0.0,0.0,111.5,0.0,100.5,DNp03,left
720575940618514043,0.0,0.0,1.25,3.25,0.0,0.0,0.0,DNg54,left
720575940612203482,0.0,26.25,0.0,29.0,113.25,0.0,118.25,DNp05,left
720575940648180868,0.0,0.0,0.0,0.0,0.0,0.0,0.0,DNge057,right
720575940610199781,0.0,29.5,0.0,39.75,0.0,0.0,38.0,DNp102,right
720575940632962786,0.0,0.0,4.25,0.0,0.0,0.0,0.0,DNa16,left
720575940615251251,0.0,0.0,0.0,0.0,0.0,0.0,0.0,DNp47,left
720575940613088426,0.0,0.0,0.0,0.0,0.0,0.0,0.0,DNb07,left
720575940606704562,0.0,0.0,0.0,0.0,0.0,0.0,0.0,DNpe041,right
720575940645556334,0.0,0.0,0.0,0.0,0.0,0.0,0.0,DNg81,left
720575940634750871,0.0,1.5,0.0,8.75,0.0,0.0,0.25,DNpe031,left
720575940633996883,0.0,5.25,0.0,4.75,0.0,0.0,20.25,DNge136,left
720575940627139530,0.0,0.0,39.75,2.5,0.0,30.75,0.0,DNae002,left
720575940639425112,0.0,1.25,0.0,0.0,0.0,0.0,0.25,DNge007,right
720575940629812346,0.0,0.0,0.0,0.0,0.0,0.0,0.0,DNde002,left
720575940629428215,0.0,0.0,0.0,0.0,0.0,0.0,0.0,DNpe002,left
720575940617552569,0.0,0.0,0.0,0.0,0.0,0.0,0.0,DNpe032,left
720575940627403578,0.0,0.0,0.0,0.0,0.0,0.0,0.0,DNge057,left
720575940613636325,0.0,0.0,0.0,0.0,0.0,0.0,0.0,DNpe005,left
720575940632307025,0.0,0.0,0.0,0.0,0.0,0.0,0.0,DNg49,left
720575940614075363,0.0,0.0,0.0,0.0,0.0,0.0,0.0,DNge103,right
720575940629586417,0.0,0.0,0.0,0.0,0.0,0.0,0.0,DNp73,right
720575940628971779,0.0,0.0,0.0,0.0,0.0,0.0,0.0,DNge076,left
720575940624426680,0.0,17.5,0.0,18.25,0.0,0.0,15.5,DNp45,left
720575940627847752,0.0,0.0,0.0,0.0,0.0,0.0,0.0,DNge080,left
720575940621554112,0.0,0.0,0.0,0.0,0.0,0.0,0.0,DNpe031,right
720575940620534768,0.0,0.0,24.25,16.75,0.0,20.75,0.0,DNa05,left
720575940635166571,0.0,0.0,0.0,0.0,0.0,0.0,0.0,DNg60,right
720575940643487342,0.0,0.0,0.0,0.0,0.0,0.0,0.0,DNp19,right
720575940629846722,0.0,11.25,0.5,12.25,0.0,0.0,7.0,DNp64,right
720575940628360723,0.0,0.0,0.0,0.0,0.0,0.0,0.0,DNge049,left
720575940620621190,0.0,0.0,0.0,0.0,0.0,0.0,0.0,DNg99,left
720575940623062515,0.0,18.75,0.0,0.5,29.25,0.0,42.25,DNa05,right
720575940623918121,0.0,0.0,0.0,0.0,0.0,0.0,0.0,DNge055,left
720575940636479863,0.0,0.0,0.0,0.0,0.0,0.0,0.0,DNpe013,left
720575940620322497,0.0,0.0,0.0,0.0,0.0,0.0,0.0,DNae009,left
720575940616185531,0.0,0.0,0.0,0.0,0.0,0.0,0.0,DNg62,right
720575940621157645,0.0,0.0,23.0,2.25,0.0,30.75,0.0,DNpe024,right
720575940640723315,0.0,0.0,0.0,0.0,0.0,0.0,0.0,DNge104,right
720575940620622708,0.0,0.0,0.0,0.0,0.0,0.0,0.0,DNg76,right
720575940610677828,0.0,0.0,0.0,0.0,0.0,0.0,0.0,DNge051,left
720575940616604817,0.0,0.0,17.25,0.0,0.0,10.75,0.0,DNpe023,left
720575940615666655,0.0,0.0,0.0,0.0,0.0,0.0,0.0,DNge022,left
720575940633178508,0.0,0.5,0.0,0.0,0.0,0.0,0.0,DNge006,right
720575940624121161,0.0,0.0,0.0,0.0,0.0,0.0,4.75,DNpe027,right
720575940610472146,0.0,0.0,0.0,0.0,0.0,0.0,0.0,DNp23,left
720575940606425033,0.0,0.25,0.0,0.0,0.0,0.0,6.25,DNge136,right
720575940621626394,0.0,0.0,0.0,0.0,0.0,0.0,0.0,DNg102,right
720575940618663838,0.0,0.0,0.0,0.0,0.0,0.0,0.0,DNge032,left
720575940615378700,0.0,0.0,0.0,0.0,0.0,0.0,0.0,DNp68,left
720575940617280657,0.0,12.0,27.5,28.25,0.0,0.0,16.5,DNp45,right
720575940613838289,0.0,0.0,0.0,0.0,0.0,0.0,0.0,DNge132,right
720575940621804159,0.0,0.0,0.0,0.0,0.0,0.0,0.0,DNp12,left
720575940627921182,0.0,0.0,0.0,0.0,0.0,0.0,0.0,oviDNa_a,left
720575940609376707,0.0,0.0,0.0,0.0,0.0,0.0,0.0,DNge048,right
720575940624977847,0.0,0.0,0.0,0.0,0.0,0.0,0.0,DNpe050,left
720575940649829241,0.0,0.0,0.0,0.0,0.0,0.0,0.0,DNge051,right
720575940639118926,0.0,0.0,0.0,0.0,0.0,0.0,0.0,DNg24,right
720575940620625880,0.0,0.0,0.0,0.0,0.0,0.0,0.0,DNpe038,left
720575940616597334,0.0,0.0,0.0,0.0,0.0,0.0,0.0,DNge063,left
720575940627790991,0.0,0.5,0.5,1.75,0.0,0.0,0.0,DNge138,center
720575940605162924,0.0,0.0,0.0,0.0,0.0,0.0,0.0,DNpe030,right
720575940614187006,0.0,5.5,0.0,0.0,0.0,0.0,4.25,DNg43,right
720575940631225996,0.0,0.0,0.0,0.0,0.0,0.0,0.0,DNp22,right
720575940642449909,0.0,0.0,0.0,0.0,0.0,0.0,0.0,DNge125,left
720575940640486488,0.0,0.0,0.0,0.0,0.0,0.0,0.0,DNge127,right
720575940613408552,0.0,0.0,35.25,0.0,0.0,35.0,0.0,DNa13,left
720575940617290043,0.0,7.75,0.0,15.5,0.0,0.0,1.75,DNg86,left
720575940619038366,0.0,0.0,0.0,0.0,0.0,0.0,0.0,DNge083,right
720575940626730883,0.0,31.0,0.25,17.75,8.25,0.0,38.25,DNg97,left
720575940622067165,0.0,0.0,0.0,0.0,0.0,0.0,0.0,DNg59,left
720575940605725873,0.0,0.0,0.0,0.0,0.0,0.0,0.0,DNp44,right
720575940653614838,0.0,0.0,0.0,0.0,0.0,0.0,0.0,DNbe002,left
720575940616293855,0.0,0.0,0.0,0.0,0.0,0.0,0.0,DNp15,left
720575940624459907,0.0,0.0,0.0,0.0,0.0,0.0,0.0,DNde007,right
720575940639170723,0.0,0.0,0.0,0.0,0.0,0.0,0.0,DNde002,right
720575940628345610,0.0,0.0,0.0,0.0,0.0,0.0,0.0,DNge002,right
720575940623938823,0.0,0.0,0.0,0.0,0.0,0.0,0.0,DNb07,right
720575940633170643,0.0,6.25,5.25,5.75,0.0,0.0,17.75,DNp08,right
720575940631759663,0.0,0.0,19.25,0.0,0.0,1.25,0.0,DNa15,left
720575940623637226,0.0,1.25,1.75,8.25,0.0,0.0,0.75,DNge004,right
720575940623276168,0.0,0.0,3.0,1.0,0.0,4.5,0.0,DNp35,right
720575940625182341,0.0,0.0,1.0,0.0,0.0,0.0,0.0,DNge083,left
720575940623781127,0.0,197.5,48.25,199.5,2.0,17.0,199.0,DNp103,left
720575940615798470,0.0,0.0,9.0,0.5,0.0,2.0,0.0,DNpe022,left
720575940639634304,0.0,0.0,0.0,0.0,0.0,0.0,0.0,DNge022,right
720575940607170178,0.0,0.0,0.0,0.0,0.0,0.0,0.0,DNge142,right
720575940612488341,0.0,32.5,89.75,96.75,10.5,38.5,23.75,DNpe045,right
720575940629486075,0.0,0.0,0.0,0.0,0.0,0.0,0.0,DNg107,left
720575940627826760,0.0,2.75,0.0,0.0,5.25,14.0,5.0,DNge037,right
720575940639726141,0.0,2.0,0.0,0.0,0.0,0.0,1.5,DNge035,right
720575940648654468,0.0,0.0,0.0,0.0,0.0,0.0,0.0,DNpe036,right
720575940625489160,0.0,0.0,0.0,0.0,0.0,0.0,0.0,DNge150,center
720575940611735514,0.0,0.0,6.0,0.0,0.0,0.25,0.0,DNa11,left
720575940623122125,0.0,0.0,0.0,0.0,0.0,0.0,0.0,DNp104,right
720575940632991815,0.0,0.0,0.0,0.0,0.0,0.0,0.0,DNc01,left
720575940614236200,0.0,49.0,0.0,62.5,0.0,0.0,53.5,DNpe016,right
720575940629509948,0.0,0.0,0.0,0.0,0.0,0.0,0.0,DNp25,left
720575940627482114,0.0,0.0,0.0,0.0,0.0,0.0,0.0,DNd03,left
720575940631499832,0.0,0.0,0.0,0.0,0.0,0.0,0.0,DNpe050,right
720575940617399257,0.0,0.0,0.0,0.0,0.0,0.0,0.0,DNge048,left
720575940610505006,0.0,33.0,186.0,190.5,8.75,6.0,19.25,DNp103,right
720575940606633248,0.0,0.0,0.0,0.0,0.0,0.0,0.0,DNge058,left
720575940644494752,0.0,0.0,0.0,0.0,0.0,0.0,0.0,DNbe007,left
720575940606179686,0.0,0.0,0.0,0.0,2.25,0.0,0.0,DNpe021,left
720575940623556755,0.0,0.0,39.75,50.0,0.0,0.0,0.0,DNpe016,left
720575940646753412,0.0,0.0,0.0,0.0,0.0,0.0,0.0,DNb02,right
720575940614581410,0.0,0.0,0.0,0.0,0.0,0.0,0.0,DNp59,right
720575940627787609,0.0,0.0,30.25,1.0,0.0,38.75,0.0,DNa01,left
720575940626562833,0.0,0.25,0.0,0.0,0.0,0.0,0.0,DNp66,left
720575940617554577,0.0,0.0,0.0,0.0,0.0,0.0,0.0,DNg12_c,right
720575940639789475,0.0,0.0,0.0,0.0,0.0,0.0,0.0,DNp64,left
720575940620354836,0.0,0.0,0.0,0.0,0.0,0.0,0.0,DNp14,right
720575940629866283,0.0,0.0,6.75,0.0,0.0,0.0,0.0,DNpe017,left
720575940630607738,0.0,0.0,29.25,1.0,0.0,0.25,0.0,DNae007,left
720575940614660263,0.0,0.0,0.0,0.0,0.0,0.0,0.0,DNd03,right
720575940620541099,0.0,1.0,0.0,0.25,0.0,0.0,7.5,DNge054,left
720575940620298772,0.0,9.25,0.25,0.0,0.0,0.0,1.5,DNge035,left
720575940626328707,0.0,0.0,0.0,0.0,0.0,0.0,0.0,DNae001,right
720575940630425083,0.0,0.0,0.0,0.0,0.0,0.0,0.0,DNpe006,left
720575940653310198,0.0,0.0,0.0,0.0,0.0,0.0,0.0,DNbe004,right
720575940624280066,0.0,0.0,0.0,0.0,0.0,0.0,0.0,DNg14,left
720575940628858640,0.0,0.0,1.5,0.0,0.0,0.0,0.0,DNp66,right
720575940627432680,0.0,23.25,0.0,0.0,24.5,0.0,39.5,DNa04,right
720575940613915823,0.0,0.0,0.0,0.0,0.0,0.0,0.0,DNpe005,right
720575940621031006,0.0,0.0,0.0,0.0,0.0,0.0,0.0,DNp48,right
720575940616936226,0.0,0.0,0.0,0.0,0.0,0.0,0.0,DNb02,left
720575940639152361,0.0,0.0,0.0,0.0,0.0,0.0,0.0,DNg84,right
720575940647586948,0.0,30.25,13.0,8.0,0.5,0.0,21.75,DNge050,right
720575940631520312,0.0,0.0,0.0,0.0,0.0,0.0,0.0,aSP22,right
720575940623164685,0.0,0.0,0.0,0.0,0.0,0.0,0.0,DNge003,left
720575940623925173,0.0,0.0,0.0,0.0,0.0,0.0,0.0,DNp65,left
720575940622933765,0.0,0.0,0.0,0.0,0.0,0.0,0.0,DNge137,left
720575940627107721,0.0,0.0,3.25,4.0,0.0,4.25,13.0,DNge036,right
720575940625047479,0.0,0.0,0.0,0.0,0.0,0.0,0.0,DNg26,left
720575940614089726,0.0,0.0,0.0,0.0,0.0,0.0,0.0,DNg101,right
720575940644542880,0.0,0.0,0.0,0.0,0.0,0.0,0.0,DNge023,left
720575940611782874,0.0,0.0,0.0,0.0,0.0,0.0,0.0,DNp25,right
720575940629502251,0.0,0.0,0.0,0.0,0.0,0.0,0.0,DNbe007,right
720575940614342038,0.0,1.25,3.0,9.25,0.0,0.0,3.75,DNge047,left
720575940623431351,0.0,0.0,0.0,0.0,0.0,0.0,0.0,DNp15,right
720575940631122191,0.0,0.0,0.0,0.0,0.0,0.0,0.0,DNp43,left
720575940641173632,0.0,0.0,0.0,0.0,0.0,0.0,0.0,DNp69,left
720575940635355804,0.0,0.0,0.0,0.0,0.0,0.0,0.0,DNge135,left
720575940622540899,0.0,0.0,0.0,0.0,0.0,0.0,0.0,DNb02,right
720575940629757036,0.0,0.0,154.25,150.5,0.0,174.5,0.0,DNp04,right
720575940631925156,0.0,0.0,0.0,0.0,0.0,0.0,1.75,DNpe017,right
720575940632472850,0.0,0.0,89.75,76.25,0.0,0.0,0.0,DNpe056,right
720575940645176264,0.0,0.0,0.0,0.0,0.0,0.0,0.0,DNp24,right
720575940623355114,0.0,2.0,0.0,0.0,1.5,0.0,3.5,DNg88,right
720575940632486969,0.0,0.0,5.0,5.5,0.25,19.0,6.75,DNge036,left
720575940624766700,0.0,26.5,20.5,41.5,0.0,0.0,27.25,DNpe020,left
720575940616286175,0.0,0.0,35.75,1.0,0.0,35.25,0.0,DNa13,left
720575940638989894,0.0,10.0,0.0,0.0,0.0,0.0,8.5,DNge026,right
720575940628659049,0.0,0.0,0.0,0.0,0.0,0.0,0.0,DNge137,right
720575940626524702,0.0,0.0,0.0,0.0,0.0,0.0,0.0,DNg71,left
720575940622321110,0.0,0.0,0.0,0.0,0.0,0.0,0.0,DNbe002,right
720575940616376287,0.0,0.0,0.0,0.0,0.0,0.0,0.0,DNg39,left
720575940622195625,0.0,0.0,0.0,0.25,0.0,0.0,0.0,DNge003,right
720575940628264585,0.0,0.0,0.0,0.0,0.0,0.0,0.0,DNge129,right
720575940627015196,0.0,22.25,34.75,37.0,1.75,1.5,18.25,DNg108,left
720575940618594022,0.0,0.0,0.0,0.0,0.0,0.0,0.0,DNp42,left
720575940622010373,0.0,30.0,10.75,36.25,14.25,0.25,49.0,DNg55,center
720575940620918789,0.0,0.0,23.25,0.0,0.0,2.0,0.0,DNa03,left
720575940608188427,0.0,0.0,1.0,0.0,0.0,31.25,0.0,DNge037,left
720575940627099338,0.0,0.0,0.0,0.0,0.0,0.0,0.0,DNge062,left
720575940632043576,0.0,28.5,36.5,40.75,9.25,2.0,31.5,DNg108,right
720575940634458719,0.0,100.75,0.0,97.75,0.0,0.0,96.5,DNpe056,left
720575940623385894,0.0,1.75,0.0,0.0,0.0,0.0,0.25,DNde005,right
720575940644166048,0.0,0.0,0.0,0.0,0.0,0.0,0.0,DNp20,right
720575940655587489,0.0,0.0,0.0,0.0,0.0,0.0,0.0,DNp73,left
720575940629805950,0.0,0.0,0.0,0.0,0.0,0.0,0.0,DNg35,right
720575940622263066,0.0,0.0,0.0,0.0,0.0,0.0,0.0,DNge135,right
720575940631282194,0.0,0.0,0.0,0.0,0.0,0.0,0.0,DNg104,left
720575940645352814,0.0,0.0,0.0,0.0,0.0,0.0,0.0,DNge040,left
720575940627825923,0.0,0.0,0.0,0.0,0.0,0.0,0.0,DNg15,left
720575940607761244,0.0,0.0,0.0,0.0,0.0,0.0,0.0,DNg29,right
720575940619432261,0.0,0.5,0.0,0.0,0.0,0.0,0.0,DNp26,left
720575940627771279,0.0,0.0,0.0,0.0,0.0,0.0,0.0,DNd02,right
720575940622673860,0.0,15.25,62.0,72.25,0.0,46.0,65.75,DNp06,left
720575940614165201,0.0,0.0,0.0,0.0,0.0,0.0,0.0,DNge028,right
720575940621667693,0.0,0.0,0.0,0.0,0.0,0.0,0.0,DNg28,left
720575940621519130,0.0,2.0,0.0,0.0,0.0,0.0,0.0,DNa16,right
720575940632189900,0.0,0.0,45.75,39.5,0.0,0.0,0.0,DNp31,left
720575940629041879,0.0,0.0,0.0,0.0,0.0,0.0,0.0,DNb06,right
720575940613339875,0.0,0.0,0.0,0.0,0.0,0.0,0.0,DNge129,left
720575940618936710,0.0,0.0,0.0,0.0,0.0,0.0,0.0,DNp58,right
720575940631309866,0.0,0.0,0.0,0.0,0.0,0.0,0.0,DNp58,left
720575940660220289,0.0,0.0,0.0,0.0,0.0,0.0,0.0,DNge143,left
720575940620878785,0.0,0.0,0.0,0.0,0.0,0.0,0.0,DNp65,right
720575940621319156,0.0,0.0,0.0,0.0,0.0,0.0,0.0,DNge027,left
720575940626085562,0.0,8.5,24.25,31.0,1.75,0.0,3.75,DNg93,left
720575940629390123,0.0,0.0,0.0,0.0,0.0,0.0,0.0,DNp20,left
720575940630758418,0.0,48.75,0.0,35.25,3.5,0.0,54.25,DNb01,right
720575940613019541,0.0,15.0,19.5,32.0,0.0,0.0,9.0,DNg93,right
720575940617432065,0.0,0.0,0.0,0.0,0.0,0.0,0.0,DNge027,right
720575940611813842,0.0,34.75,15.25,7.75,0.0,0.0,17.0,DNge050,left
720575940622160560,0.0,0.0,0.0,0.0,0.0,0.0,0.0,DNg71,right
720575940640978048,0.0,27.75,10.5,8.75,0.75,0.0,24.25,DNg100,left
720575940630868281,0.0,2.25,0.0,0.0,0.5,0.0,21.5,DNae010,right
720575940630119532,0.0,0.0,0.0,0.0,0.0,0.0,0.0,DNge172,right
720575940621065301,0.0,0.0,0.0,0.0,0.0,0.25,0.0,DNg88,left
720575940619116061,0.0,0.0,0.0,0.0,0.0,0.0,0.0,DNbe002,right
720575940625502666,0.0,31.0,0.0,0.5,35.75,0.0,43.25,DNa13,right
720575940647228468,0.0,27.0,12.25,9.5,0.5,0.0,21.0,DNg100,right
720575940641148149,0.0,0.0,0.0,0.0,0.0,0.0,0.0,DNp42,right
720575940630085583,0.0,1.5,0.0,0.0,1.5,0.0,0.0,DNa03,right
720575940623019544,0.0,0.0,0.0,0.0,0.0,0.0,0.0,DNa11,right
720575940613917359,0.0,0.0,0.0,0.0,0.0,0.0,0.0,DNge107,right
720575940618574749,0.0,0.0,0.0,0.0,0.0,0.0,0.0,DNg35,left
720575940632539788,0.0,0.0,0.0,0.0,0.0,0.0,0.0,DNbe001,right
720575940637308605,0.0,0.0,0.0,0.0,0.0,0.0,0.0,DNb06,left
720575940646160948,0.0,0.0,0.0,0.0,0.0,0.0,0.0,DNpe048,left
720575940637607646,0.0,26.5,0.0,0.0,35.25,0.0,37.0,DNa13,right
720575940617448331,0.0,0.0,0.0,0.0,0.0,0.0,0.0,DNpe048,right
720575940620054694,0.0,0.5,0.0,9.75,148.5,0.0,146.0,DNp11,left
720575940628352850,0.0,45.5,33.5,59.0,3.0,13.0,44.5,DNb05,left
720575940636454136,0.0,0.0,0.0,0.0,0.0,0.0,0.0,DNae009,right
720575940625295339,0.0,0.0,55.75,25.25,0.0,0.0,0.0,DNp13,right
720575940629461442,0.0,35.5,55.5,69.75,5.75,3.5,28.0,DNb05,right
720575940641480949,0.0,1.25,0.0,0.0,0.5,0.0,0.0,DNg16,right
720575940622675421,0.0,0.0,0.0,0.0,0.0,0.0,0.0,DNp29,left
720575940623446860,0.0,0.0,0.0,0.0,0.0,0.0,0.0,DNg30,right
720575940617904208,0.0,0.0,0.0,0.0,0.0,0.0,0.0,DNp62,right
720575940629413962,0.0,0.0,0.0,0.0,0.0,0.0,0.0,DNp27,right
720575940618440000,0.0,0.0,44.75,0.0,0.0,33.75,0.0,DNp18,left
720575940628731140,0.0,0.0,0.0,5.25,0.0,0.0,0.0,DNp27,left
720575940632499757,0.0,107.25,158.25,170.25,51.0,118.25,105.25,DNp01,right
720575940622838154,0.0,133.5,98.25,148.75,113.0,27.75,170.25,DNp01,left
720575940650929273,0.0,0.0,0.0,0.0,0.0,0.0,0.0,DNp32,left
720575940616935838,0.0,0.0,0.0,0.0,0.0,0.0,0.0,DNg10,right
720575940631855663,0.0,0.0,0.0,0.0,0.0,0.0,0.0,DNg10,right
720575940619590360,0.0,0.0,0.0,0.0,0.0,0.0,0.0,DNge115,left
720575940626557442,0.0,0.0,0.0,0.0,0.0,0.0,0.0,DNge173,right
720575940630221563,0.0,0.0,0.0,0.0,0.0,0.0,0.0,DNge019,left
720575940608960722,0.0,0.0,0.0,0.0,0.0,0.0,0.0,DNg12_b,left
720575940632698541,0.0,0.0,0.0,0.0,0.0,0.0,0.0,DNg12_b,left
720575940611700520,0.0,0.0,0.0,0.0,0.0,0.0,0.0,DNg12_b,left
720575940612427414,0.0,0.0,0.0,0.0,0.0,0.0,0.0,DNge020,left
720575940612427670,0.0,0.0,0.0,0.0,0.0,0.0,0.0,DNg12_e,left
720575940632355885,0.0,0.0,0.0,0.0,0.0,0.0,0.0,DNge020,left
720575940617993607,0.0,0.0,0.0,0.0,0.0,0.0,0.0,DNg12_b,left
720575940618147520,0.0,0.0,0.0,0.0,0.0,0.0,0.0,DNg12_b,left
720575940618762605,0.0,0.0,0.0,0.0,0.0,0.0,0.0,DNg12_b,left
720575940619133878,0.0,0.0,0.0,0.0,0.0,0.0,0.0,DNge019,left
720575940619524852,0.0,0.0,0.0,0.0,0.0,0.0,0.0,DNg12_b,left
720575940621181066,0.0,0.0,0.0,0.0,0.0,0.0,0.0,DNge024,left
720575940628445169,0.0,0.0,0.0,0.0,0.0,0.0,0.0,DNge024,left
720575940625422609,0.0,0.0,0.0,0.0,0.0,0.0,0.0,DNg12_b,left
720575940626849546,0.0,0.0,0.0,0.0,0.0,0.0,0.0,DNge019,left
720575940628378440,0.0,0.0,0.0,0.0,0.0,0.0,0.0,DNge021,left
720575940617074393,0.0,0.0,0.0,0.0,0.0,0.0,0.0,DNg12_a,left
720575940615623051,0.0,0.0,0.0,0.0,0.0,0.0,0.0,DNg12_b,left
720575940632620991,0.0,0.0,0.0,0.0,0.0,0.0,0.0,DNge019,left
720575940633529548,0.0,16.75,41.75,47.75,11.0,1.5,20.75,DNg74_a,left
720575940613816062,0.0,0.0,0.0,0.0,0.0,0.0,0.0,DNg106,left
720575940618818395,0.0,0.0,0.0,0.0,0.0,0.0,0.0,DNg08_b,left
720575940631091407,0.0,48.5,43.5,64.5,0.0,0.0,50.0,DNge099,left
720575940620231590,0.0,0.0,0.0,0.0,0.0,0.0,0.0,DNge088,left
720575940613929391,0.0,0.0,0.0,0.0,0.0,0.0,0.0,DNg38,left
720575940631593753,0.0,0.0,0.0,0.0,0.0,0.0,0.0,DNg08_b,left
720575940636761926,0.0,0.0,0.0,0.0,0.0,0.0,0.0,DNg08_a,left
720575940622332403,0.0,0.0,0.0,0.0,0.0,0.0,0.0,DNge020,left
720575940631035603,0.0,0.0,0.0,0.0,0.0,0.0,0.0,DNge024,left
720575940623468691,0.0,0.0,0.0,0.0,0.0,0.0,0.0,DNa10,left
720575940633543531,0.0,0.0,0.0,0.0,0.0,0.0,0.0,DNg06,left
720575940629806974,0.0,0.0,0.0,0.0,0.0,0.0,0.0,DNge078,right
720575940634229871,0.0,0.0,0.0,0.0,0.0,0.0,0.0,DNg21,left
720575940614235323,0.0,0.0,0.0,0.0,0.0,0.0,0.0,DNge029,left
720575940620297819,0.0,0.0,0.0,0.0,0.0,0.0,0.0,DNge123,left
720575940616471052,0.0,0.5,6.0,0.25,0.0,0.0,0.0,DNg13,left
720575940630682618,0.0,0.0,0.0,0.0,0.0,0.0,0.0,DNg08_a,right
720575940628881576,0.0,0.0,0.0,0.0,0.0,0.0,0.0,DNg52,right
720575940632339425,0.0,0.0,0.0,0.0,0.0,0.0,0.0,DNg08_b,right
720575940629686339,0.0,0.0,0.0,0.0,0.0,0.0,0.0,DNpe012,right
720575940618947956,0.0,0.0,0.0,0.0,0.0,0.0,0.0,DNge020,left
720575940616353675,0.0,0.0,0.0,0.0,0.0,0.0,0.0,DNge009,left
720575940617568697,0.0,0.0,0.0,0.0,0.0,0.0,0.0,DNge001,left
720575940625733351,0.0,0.0,0.0,0.0,0.0,0.0,0.0,DNc02,right
720575940623068841,0.0,0.0,0.0,0.0,0.0,0.0,0.0,DNde007,left
720575940639353552,0.0,0.0,0.0,0.0,0.0,0.0,0.0,DNg06,right
720575940619074836,0.0,0.0,0.0,0.0,0.0,0.0,0.0,DNg05_b,left
720575940624991495,0.0,4.75,0.0,16.25,0.0,0.0,4.0,DNge172,left
720575940627417619,0.0,0.0,0.0,0.0,0.0,0.0,0.0,DNg12_c,right
720575940604727264,0.0,0.0,0.0,0.0,0.0,0.0,0.0,DNge020,right
720575940631518582,0.0,0.0,0.0,0.0,0.0,0.0,0.0,DNg12_b,right
720575940618393478,0.0,0.0,0.0,0.0,0.0,0.0,0.0,DNge020,right
720575940631662648,0.0,0.0,0.0,0.0,0.0,0.0,0.0,DNge106,right
720575940631108559,0.0,0.0,0.0,0.0,0.0,0.0,0.0,DNg12_b,right
720575940626527055,0.0,0.0,0.0,0.0,0.0,0.0,0.0,DNg12_e,right
720575940622478349,0.0,0.0,0.0,0.0,0.0,0.0,0.0,DNge024,right
720575940608735241,0.0,0.0,0.0,0.0,0.0,0.0,0.0,DNg38,right
720575940645032068,0.0,0.0,0.0,0.0,0.0,0.0,0.0,DNge024,right
720575940623781611,0.0,0.0,0.0,0.0,0.0,0.0,0.0,DNge105,right
720575940621246068,0.0,0.0,0.0,0.0,0.0,0.0,0.0,DNg101,left
720575940630244060,0.0,0.0,0.0,0.0,0.0,0.0,0.0,DNg33,right
720575940612376805,0.0,0.0,0.0,0.0,0.0,0.0,0.0,DNg21,right
720575940630808827,0.0,0.0,0.0,0.0,0.0,0.0,0.0,DNg68,right
720575940627285267,0.0,0.0,0.0,0.0,0.0,0.0,0.0,DNge174,right
720575940624319124,0.0,0.0,0.0,0.0,0.0,0.0,0.0,DNg62,left
720575940606112940,0.0,17.75,0.0,3.25,0.25,0.0,18.25,DNg13,right
720575940628844712,0.0,0.75,0.5,0.0,0.0,0.0,0.0,DNg44,right
720575940627234069,0.0,0.0,0.0,0.0,0.0,0.0,0.0,DNge069,right
720575940612206810,0.0,0.0,0.0,0.0,0.0,0.0,0.0,DNge034,left
720575940619077755,0.0,0.0,0.0,0.0,0.0,0.0,0.0,DNge029,right
720575940612629210,0.0,0.0,0.0,0.0,0.0,0.0,0.0,DNge088,right
720575940647029044,0.0,0.0,0.0,0.0,0.0,0.0,0.0,DNg105,right
720575940621801456,0.0,0.0,0.0,0.0,0.0,0.0,0.0,DNge120,left
720575940621767306,0.0,0.0,0.0,0.0,0.0,0.0,0.0,DNg12_e,left
720575940604470956,0.0,0.0,0.0,0.0,0.0,0.0,0.0,DNg63,right
720575940609948514,0.0,0.0,0.0,0.0,0.0,0.0,0.0,DNg32,right
720575940627500279,0.0,0.0,0.0,0.0,0.0,0.0,0.0,DNg12_e,left
720575940605513649,0.0,4.25,0.0,0.5,0.0,0.0,5.0,DNg90,right
720575940624897516,0.0,0.0,2.25,0.25,0.0,0.0,0.0,DNg105,left
720575940624967463,0.0,0.0,0.0,0.0,0.0,0.0,0.0,DNg52,left
720575940626799920,0.0,0.0,0.0,0.0,0.0,0.0,0.0,DNg106,right
720575940622760269,0.0,0.0,0.0,0.0,0.0,0.0,0.0,DNg08_b,right
720575940624748419,0.0,0.0,0.0,0.0,0.0,0.0,0.0,DNg08_a,right
720575940626936324,0.0,0.0,0.0,0.0,0.0,0.0,0.0,DNg106,right
720575940622500172,0.0,12.5,37.0,37.75,8.25,0.0,20.75,DNg74_a,right
720575940624131913,0.0,0.0,0.0,0.0,0.0,0.0,0.0,DNg08_a,right
720575940618051801,0.0,0.0,0.0,0.0,0.0,0.0,0.0,DNg08_a,left
720575940634862943,0.0,0.0,0.0,0.0,0.0,0.0,0.0,DNge076,right
720575940622878719,0.0,0.0,0.0,0.0,0.0,0.0,0.0,DNg106,right
720575940622996579,0.0,98.5,116.5,136.5,45.0,20.25,100.0,DNg40,right
720575940621274845,0.0,0.0,0.0,0.0,0.0,0.0,0.0,DNg08_b,right
720575940625937340,0.0,0.0,0.0,0.0,0.0,0.0,0.0,DNg106,right
720575940635564896,0.0,0.0,0.0,0.0,0.0,0.0,0.0,DNg08_a,right
720575940616688286,0.0,0.0,0.0,0.0,0.0,0.0,0.0,DNg08_a,right
720575940617035153,0.0,0.0,0.0,0.0,0.0,0.0,0.0,DNg106,left
720575940620929483,0.0,0.0,0.0,0.0,0.0,0.0,0.0,DNg106,left
720575940630059087,0.0,0.0,0.0,0.0,0.0,0.0,0.0,DNg106,left
720575940631543414,0.0,0.0,0.0,0.0,0.0,0.0,0.0,DNge120,right
720575940621471157,0.0,0.0,0.0,0.0,0.0,0.0,0.0,DNg08_a,right
720575940631973207,0.0,0.0,0.0,0.0,0.0,0.0,0.0,DNg08_b,left
720575940618405686,0.0,0.0,0.0,0.0,0.0,0.0,0.0,DNge069,left
720575940639705077,0.0,0.0,0.0,0.0,0.0,0.0,0.0,DNg106,left
720575940623033532,0.0,0.0,0.0,0.0,0.0,0.0,0.0,DNg08_a,left
720575940608076739,0.0,0.0,0.0,0.0,0.0,0.0,0.0,DNg08_a,left
720575940629438508,0.0,0.0,0.0,0.0,0.0,0.0,0.0,DNg106,right
720575940645534516,0.0,0.0,0.0,0.0,0.0,0.0,0.0,DNg95,left
720575940632458514,0.0,0.0,0.0,0.0,0.0,0.0,0.0,DNg08_b,left
720575940609417995,0.0,0.0,0.0,0.0,0.0,0.0,0.0,DNge147,left
720575940615671106,0.0,0.0,0.0,0.0,0.0,0.0,0.0,DNge059,left
720575940645045527,0.0,0.0,0.0,0.0,0.0,0.0,0.0,DNge174,left
720575940610001220,0.0,0.0,0.0,0.0,0.0,0.0,0.0,DNge173,left
720575940627812168,0.0,0.0,0.0,0.0,0.0,0.0,0.0,DNg47,left
720575940637648485,0.0,0.0,0.0,0.0,0.0,0.0,0.0,DNg20,left
720575940626816062,0.0,0.0,0.0,0.0,0.0,0.0,0.0,DNg83,left
720575940628659305,0.0,0.0,0.0,0.0,0.0,0.0,0.0,DNg65,left
720575940635179871,0.0,0.0,0.0,0.0,0.0,0.0,0.0,DNg103,left
720575940620543025,0.0,0.0,0.0,0.0,0.0,0.0,0.0,DNg34,left
720575940623426854,0.0,0.0,0.0,0.0,0.0,0.0,0.0,DNg73,left
720575940660269185,0.0,0.0,0.0,0.0,0.0,0.0,0.0,DNg106,left
720575940625863728,0.0,0.0,0.0,0.0,0.0,0.0,0.0,DNg109,left
720575940605300140,0.0,0.0,0.0,0.0,0.0,0.0,0.0,DNg26,right
720575940626672058,0.0,0.0,0.0,0.0,0.0,0.0,0.0,DNge056,left
720575940623128269,0.0,0.0,0.0,0.0,0.0,0.0,0.0,DNg37,left
720575940619757366,0.0,0.0,0.0,0.0,0.0,0.0,0.0,DNg27,left
720575940610605614,0.0,69.75,66.5,90.25,66.0,58.25,82.25,DNge119,left
720575940612036837,0.0,0.25,0.0,0.0,0.0,0.0,0.0,DNg96,left
720575940634459290,0.0,4.75,0.0,0.0,1.75,0.0,6.5,DNb08,right
720575940625006776,0.0,0.0,0.0,0.0,0.0,0.0,0.0,DNde006,right
720575940619877396,0.0,0.0,0.0,0.0,0.0,0.0,0.0,DNge059,right
720575940631629160,0.0,0.0,0.0,0.0,0.0,0.0,0.0,DNg47,right
720575940621107847,0.0,25.0,0.0,21.0,0.0,0.0,23.75,DNge131,right
720575940611735002,0.0,0.0,0.0,0.0,0.0,0.0,0.0,DNg79,right
720575940659356545,0.0,0.0,0.0,0.0,0.0,0.0,0.0,DNge005,right
720575940628883535,0.0,32.0,46.5,58.25,0.0,0.0,27.75,DNge099,right
720575940627044885,0.0,0.0,0.0,0.0,0.0,0.0,0.0,DNge141,right
720575940633781217,0.0,0.0,0.0,0.0,0.0,0.0,0.0,DNg107,right
720575940628030440,0.0,0.0,0.0,0.0,0.0,0.0,0.0,DNg22,right
720575940630274459,0.0,0.0,0.0,0.0,0.0,0.0,0.0,DNg26,left
720575940614384757,0.0,0.0,0.0,0.0,0.0,0.0,0.0,DNg17,right
720575940624333802,0.0,0.0,0.0,0.0,0.0,0.0,0.0,DNg37,right
720575940606753884,0.0,0.0,0.0,0.0,0.0,0.0,0.0,DNxl114,right
720575940606866377,0.0,0.0,0.0,0.0,0.0,0.0,0.0,DNg103,right
