t,x,y,z,roll,yaw,dist,drive,turn,gf,DNp01_left,DNp01_right,DNa02_left,DNa02_right,DNa01_left,DNa01_right,DNb01_left,DNb01_right,DNp03_left,DNp03_right,DNp11_left,DNp11_right,DNg02_left,DNg02_right,DN_all_left,DN_all_right,nact
0.02000000000000001,0.0,0.0,2.0,0.0,0.0,6.0,0.0,0.0,0.0,0.0,0.0,0.0,0.0,0.0,0.0,0.0,0.0,0.0,0.0,0.0,0.0,0.0,0.0,0.0,0.0,0
0.04000000000000003,0.0,0.0,2.0,0.0,0.0,5.960000000000004,0.0,0.0,0.0,0.0,0.0,0.0,0.0,0.0,0.0,0.0,0.0,0.0,0.0,0.0,0.0,0.0,0.0,0.0,0.0,0
0.060000000000000046,0.0,0.0,2.0,0.0,0.0,5.920000000000009,0.0,0.0,0.0,0.0,0.0,0.0,0.0,0.0,0.0,0.0,0.0,0.0,0.0,0.0,0.0,0.0,0.0,0.0,0.0,0
0.08000000000000006,0.0,0.0,2.0,0.0,0.0,5.880000000000013,0.0,0.0,0.0,0.0,0.0,0.0,0.0,0.0,0.0,0.0,0.0,0.0,0.0,0.0,0.0,0.0,0.0,0.0,0.0,0
0.10000000000000007,0.0,0.0,2.0,0.0,0.0,5.840000000000018,20.048578480572502,0.0,0.0,0.0,0.0,0.0,0.0,0.0,0.0,0.0,0.0,0.0,0.0,0.0,0.0,0.0,0.0,0.0516795865633075,0.051599587203302384,83
0.12000000000000009,0.0,0.0,2.0001763007141555,0.0,0.0,5.800000000000022,20.325478966007953,0.0,0.25,16.666666666666668,33.333333333333336,0.0,0.0,0.0,0.0,0.0,0.0,0.0,0.0,0.0,0.0,0.0,0.0,0.2928509905254092,0.3181974544203647,135
0.1400000000000001,0.0,0.0,2.0006725149481275,0.0,0.0,5.760000002698112,20.608157171984065,0.0,0.25,27.77777777777778,22.22222222222222,0.0,0.0,0.0,0.0,0.0,0.0,0.0,0.0,0.0,0.0,0.0,0.0,0.3502727533735286,0.2379314298818943,69
0.16000000000000011,0.0,0.0,2.0015249768643324,0.0,0.0,5.720000039534677,20.896759919784863,0.0,0.33333333333333337,35.18518518518519,31.48148148148148,0.0,0.0,0.0,0.0,0.0,0.0,0.0,0.0,0.0,0.0,0.0,0.0,0.36271413532395447,0.36501930206780575,141
0.18000000000000013,0.0,0.0,2.0027993613428645,0.0,0.0,5.68000020471433,21.191420525601607,0.0,0.38888888888888895,40.12345679012346,37.65432098765432,0.0,0.0,0.0,0.0,0.0,0.0,0.0,0.0,0.0,0.0,0.0,0.0,0.4226879765208792,0.37234516938679313,107
0.20000000000000015,0.0,0.0,2.004467102619584,0.0,0.0,5.64000069471843,21.492254452253736,0.0,0.34259259259259267,26.748971193415642,41.769547325102884,0.0,0.0,0.0,0.0,0.0,0.0,0.0,0.0,0.0,0.0,0.0,0.0,0.3851511574738678,0.3256294937294823,107
0.22000000000000017,0.0,0.0,2.006507126086807,0.0,0.0,5.600001781696708,21.799393860371787,0.0,0.39506172839506176,34.499314128943766,44.51303155006859,0.0,0.0,0.0,0.0,0.0,0.0,0.0,0.0,0.0,0.0,0.0,0.0,0.41180619800583435,0.4492844715678489,117
0.24000000000000019,0.0,0.0,2.0088309009805827,0.0,0.0,5.5600038077946,22.112977219864938,0.0,0.26337448559670784,22.999542752629175,29.67535436671239,0.0,0.0,0.0,0.0,0.0,0.0,0.0,0.0,0.0,0.0,0.0,0.0,0.3520568451821841,0.35112256824853494,99
0.2600000000000002,0.0,0.0,2.0113303904774664,0.0,0.0,5.520007063837212,22.433214985172377,0.0,0.2589163237311386,15.333028501752782,36.45023624447493,0.0,0.0,0.0,0.0,0.0,0.0,0.0,0.0,0.0,0.0,0.0,0.0,0.36390352986305813,0.3114810929706435,92
0.2800000000000002,0.0,0.0,2.0142200195325097,0.0,0.0,5.480011713285748,22.76036975907048,0.0,0.5892775491540925,43.55535233450186,74.30015749631663,0.0,0.0,0.0,0.0,0.0,0.0,0.0,0.0,0.0,0.0,0.0,0.0,0.423480906213615,0.4914517915985921,132
0.3000000000000002,0.0,0.0,2.0175362892788464,0.0,0.0,5.440018585350254,23.094254980490035,0.0,0.39285169943606163,29.036901556334573,49.53343833087775,0.0,0.0,0.0,0.0,0.0,0.0,0.0,0.0,0.0,0.0,0.0,0.0,0.46319915711398624,0.48243328934230184,134
0.32000000000000023,0.0,0.0,2.0210891628197505,0.0,0.0,5.400028474132556,23.43507635721322,0.0,0.34523446629070775,19.357934370889716,49.688958887251836,0.0,0.0,0.0,0.0,0.0,0.0,0.0,0.0,0.0,0.0,0.0,0.0,0.3604790246392983,0.37322178009817025,125
0.34000000000000025,0.0,0.0,2.024805052092305,0.0,0.0,5.360041487972755,23.783437404608346,0.0,0.31348964419380515,12.905289580593143,49.79263925816789,0.0,0.0,0.0,0.0,0.0,0.0,0.0,0.0,0.0,0.0,0.0,0.0,0.3953581094494547,0.4810126624803075,97
0.36000000000000026,0.0,0.0,2.028749989421579,0.0,0.0,5.320057827750569,24.139505963402883,0.0,0.45899309612920347,41.93685972039543,49.86175950544526,0.0,0.0,0.0,0.0,0.0,0.0,0.0,0.0,0.0,0.0,0.0,0.0,0.39277103937457186,0.44967407632846096,123
0.3800000000000003,0.0,0.0,2.0329439226782893,0.0,0.0,5.280078272326328,24.503154204494543,0.0,0.3893287307528023,27.95790648026362,49.90783967029684,0.0,0.0,0.0,0.0,0.0,0.0,0.0,0.0,0.0,0.0,0.0,0.0,0.3652065327096629,0.42878168556056323,124
0.4000000000000003,0.0,0.0,2.0373460922367688,0.0,0.0,5.240103558331868,24.874624379339476,0.0,0.42621915383520154,35.305270986842416,49.93855978019789,0.0,0.0,0.0,0.0,0.0,0.0,0.0,0.0,0.0,0.0,0.0,0.0,0.3726699882147107,0.4664530122519338,116
0.4200000000000003,0.0,0.0,2.0420934540618125,0.0,0.0,5.200134106982845,25.254342429537324,0.0,0.6174794358901344,56.87018065789495,66.62570652013193,0.0,0.0,0.0,0.0,0.0,0.0,0.0,0.0,0.0,0.0,0.0,0.0,0.6102037647529597,0.5689666108511344,167
0.44000000000000034,0.0,0.0,2.0473056477643077,0.0,0.0,5.160171688895226,25.64168155967403,0.0,0.6616529572600897,54.58012043859663,77.75047101342129,0.0,0.0,0.0,0.0,0.0,0.0,0.0,0.0,0.0,0.0,0.0,0.0,0.7427198224968052,0.6373090099172681,156
0.46000000000000035,0.0,0.0,2.0529326616959676,0.0,0.0,5.120218532866677,26.03654104614017,0.0,0.607768638173393,53.05341362573109,68.50031400894753,0.0,0.0,0.0,0.0,0.0,0.0,0.0,0.0,0.0,0.0,0.0,0.0,0.5985057214578184,0.6054712284897371,125
0.48000000000000037,0.0,0.0,2.058878776074523,0.0,0.0,5.080275766794087,26.43984293879952,0.0,0.5718457587822621,52.035609083820724,62.33354267263169,0.0,0.0,0.0,0.0,0.0,0.0,0.0,0.0,0.0,0.0,0.0,0.0,0.5540425739951348,0.6100458344730343,153
0.5000000000000003,0.0,0.0,2.0649563653063683,0.0,0.0,5.040343907936551,26.852241050806715,0.0,0.38123050585484136,34.69040605588048,41.55569511508779,0.0,0.0,0.0,0.0,0.0,0.0,0.0,0.0,0.0,0.0,0.0,0.0,0.421041302560064,0.4840966037869764,120
0.5200000000000004,0.0,0.0,2.071056228053429,0.0,0.0,5.000421915138253,27.275083644290387,0.0,0.42082033723656087,39.79360403725365,44.37046341005853,0.0,0.0,0.0,0.0,0.0,0.0,0.0,0.0,0.0,0.0,0.0,0.0,0.3840533748333243,0.4775298308012247,134
0.5400000000000004,-1.431183843925671e-11,-1.3922927083439398e-07,2.077210704098847,0.022161853704358046,-0.02022311338152255,4.96050894440745,27.708587710728683,0.1388888888888889,0.4472135581577072,43.19573602483577,46.24697560670568,0.0,0.0,0.0,0.0,0.0,0.0,0.0,0.0,16.666666666666668,0.0,0.0,0.0,0.5144335160387536,0.4989517757457081,128
0.5600000000000004,-7.85637967854294e-10,-2.053301286631005e-06,2.0834941953817068,0.07448747191312943,-0.06921191353246607,4.920605805484672,28.15193817115966,0.09259259259259259,0.548142372105138,45.463824016557176,64.16465040447045,0.0,0.0,0.0,0.0,0.0,0.0,0.0,0.0,11.11111111111111,0.0,0.0,0.0,0.4721546437674378,0.5132330723753638,132
0.5800000000000004,-7.158055624480394e-09,-9.393536825365791e-06,2.089939828795242,0.14046447697610664,-0.13335137834941288,4.8807142190806125,28.604775584198553,0.061728395061728385,0.5320949147367587,46.97588267770478,59.44310026964697,0.0,0.0,0.0,0.0,0.0,0.0,0.0,0.0,7.4074074074074066,0.0,0.0,0.0,0.443968728919894,0.5485537303967853,165
0.6000000000000004,-3.235089080634226e-08,-2.6876631028363875e-05,2.0965678592905492,0.20958208997842587,-0.20402143470750458,4.840835593385006,29.067596501718153,0.04115226337448559,0.6047299431578392,47.98392178513652,72.96206684643131,0.0,0.0,0.0,0.0,0.0,0.0,0.0,0.0,4.93827160493827,0.0,0.0,0.0,0.5285372921481464,0.5979006293460509,145
0.6200000000000004,-9.830613409142793e-08,-5.910528319333083e-05,2.103317550280818,0.275345131899263,-0.27588019425022847,4.8009713249237524,29.54070110008571,0.027434842249657056,0.4864866287718928,31.989281190091013,65.30804456428754,0.0,0.0,0.0,0.0,0.0,0.0,0.0,0.0,3.292181069958847,0.0,0.0,0.0,0.4815571611736997,0.5017995939706387,152
0.6400000000000005,-2.3675834748720276e-07,-0.00011082410074055596,2.1102172059468445,0.33394028724348757,-0.34572531528329803,4.761121239326418,30.025585540927878,0.018289894833104704,0.6576577525145951,54.65952079339401,76.87202970952502,0.0,0.0,0.0,0.0,0.0,0.0,0.0,0.0,2.1947873799725643,0.0,0.0,0.0,0.7603145932372468,0.824729141078465,180
0.6600000000000005,-4.814846117932047e-07,-0.0001855627754271402,2.1171980688759464,0.38333856528956234,-0.41174011840575253,4.721286909283193,30.52129465805274,0.012193263222069801,0.43843850167639675,36.43968052892934,51.248019806350015,0.0,0.0,0.0,0.0,0.0,0.0,0.0,0.0,1.4631915866483762,0.0,0.0,0.0,0.584395775336459,0.6014190145889456,159
0.6800000000000005,-8.716378526736605e-07,-0.00028667284175898285,2.1242391788920822,0.4448513251833878,-0.49321823889492417,4.681467710929908,31.02987375320979,0.1470177310369354,0.6256256677842645,57.626453685952896,67.49867987090002,0.0,0.0,0.0,0.0,0.0,0.0,0.0,0.0,17.64212772443225,0.0,0.0,0.0,0.7255144962191381,0.6589439457424756,159
0.7000000000000005,-1.4664999407436639e-06,-0.000419400675500165,2.131471432485704,0.5485601153178534,-0.6185551492097058,4.641663876731541,31.551088044246168,0.2369007095801792,0.6670837785228432,55.08430245730193,78.33245324726668,0.0,0.0,0.0,0.0,0.0,0.0,0.0,0.0,28.428085149621502,0.0,0.0,0.0,0.7679140569109499,0.6714941062431777,154
0.7200000000000005,-2.3606067218056728e-06,-0.0005905289652738344,2.13885719425587,0.6863630460583955,-0.7826536900798468,4.601879877317501,32.08191223631073,0.1579338063867861,0.6113891856818954,36.72286830486795,85.55496883151112,0.0,0.0,0.0,0.0,0.0,0.0,0.0,0.0,18.952056766414334,0.0,0.0,0.0,0.5377824978889537,0.6282612927070101,120
0.7400000000000005,-3.710190070503842e-06,-0.0008092396037092777,2.1463724036753,0.8319488022569453,-0.9634597438211502,4.5621160877230365,32.62593388600784,0.10528920425785741,0.657592790454597,41.148578869911965,90.36997922100741,0.0,0.0,0.0,0.0,0.0,0.0,0.0,0.0,12.634704510942889,0.0,0.0,0.0,0.5910798047941862,0.7542381786261388,175
0.7600000000000006,-5.73348167641891e-06,-0.0010858479013923954,2.1540470473834192,0.9691982631279203,-1.1473067524019966,4.522373168543245,33.18335308057424,0.0701928028385716,0.6883951936363979,60.76571924660798,76.9133194806716,0.0,0.0,0.0,0.0,0.0,0.0,0.0,0.0,8.423136340628592,0.0,0.0,0.0,0.6266113427310078,0.7092238012306354,205
0.7800000000000006,-8.673349377968423e-06,-0.0014288080819934853,2.161833221020172,1.0887770969154968,-1.3260023287790648,4.482653571703191,33.75307605418392,0.04679520189238106,0.6255967957575986,40.51047949773865,84.60887965378107,0.0,0.0,0.0,0.0,0.0,0.0,0.0,0.0,5.615424227085727,0.0,0.0,0.0,0.5986194481255814,0.6018148354953462,143
0.8000000000000006,-1.2811479625418542e-05,-0.0018466338306962027,2.1697600340292134,1.185844467877069,-1.4948992697688526,4.442957241785869,34.337640936609304,0.03119680126158737,0.7503978638383991,60.3403196651591,89.73925310252072,0.0,0.0,0.0,0.0,0.0,0.0,0.0,0.0,3.7436161513904844,0.0,0.0,0.0,0.6057979783369509,0.6592078263467427,166
0.8200000000000006,-1.8392806207693072e-05,-0.002344334412976229,2.1777657333439056,1.2806665265070254,-1.6718400088288599,4.4032867974271745,34.93519216445596,0.15968675639661384,0.583598575892266,40.22687977677273,76.49283540168048,0.0,0.0,0.0,0.0,0.0,0.0,0.0,0.0,19.16241076759366,0.0,0.0,0.0,0.558904078581223,0.49107147143446417,141
0.8400000000000006,-2.567501657706537e-05,-0.0029261258098429483,2.185767612156872,1.381255617448972,-1.8644208607430597,4.363641430899782,35.54919977452323,0.10645783759774255,0.6390657172615107,43.48458651784849,84.32855693445366,0.0,0.0,0.0,0.0,0.0,0.0,0.0,0.0,12.774940511729106,0.0,0.0,0.0,0.6310006518706862,0.5595791233711701,195
0.8600000000000007,-3.507637235900673e-05,-0.0036022695316180577,2.193931520211711,1.4944726685798013,-2.0791850227457336,4.32401896396659,36.181537830027494,0.20986078062071728,0.8427104781743405,62.32305767856566,106.21903795630244,0.0,0.0,0.0,0.0,0.0,0.0,0.0,0.0,25.183293674486073,0.0,0.0,0.0,0.8599435870352379,0.8890486209471372,174
0.8800000000000007,-4.7060419412761594e-05,-0.004382214290635728,2.202338758927575,1.6418978987827748,-2.336731993460675,4.2844279274900545,36.822887431340234,0.2787960759693671,0.8118069854495603,58.21537178571044,104.14602530420163,0.0,0.0,0.0,0.0,0.0,0.0,0.0,0.0,33.45552911632405,0.0,0.0,0.0,0.9092130373516573,0.902296603851239,214
0.9000000000000007,-6.210402177421428e-05,-0.005272234299438754,2.2108670404709057,1.810859089499313,-2.627403376350179,4.244874468313444,37.47554390267939,0.1858640506462447,0.7078713236330403,55.47691452380696,86.09735020280108,0.0,0.0,0.0,0.0,0.0,0.0,0.0,0.0,22.303686077549365,0.0,0.0,0.0,0.7611807845910273,0.7563298308440665,160
0.9200000000000007,-8.072299391587201e-05,-0.00627706423434351,2.2193222989043284,1.973046954793862,-2.9266696680585977,4.205355440727087,38.14873697527405,0.12390936709749646,0.5552475490886934,53.65127634920464,57.39823346853405,0.0,0.0,0.0,0.0,0.0,0.0,0.0,0.0,14.869124051699576,0.0,0.0,0.0,0.7141722026472482,0.7106182360425871,168
0.9400000000000007,-0.00010375271036558458,-0.007408965484291809,2.2277641758235815,2.1341394604547945,-3.2399205697548314,4.165862851098117,38.84814463113245,0.2214951336205532,0.7868316993924622,69.10085089946976,88.2654889790227,0.0,0.0,0.0,0.0,0.0,0.0,0.0,0.0,26.579416034466384,0.0,0.0,0.0,0.8120321144263308,0.8091428075165235,183
0.9600000000000007,-0.00013194568526893576,-0.008675537572424457,2.2361395587185324,2.2934671687680486,-3.5671697032081595,4.126401137269357,39.56246415408349,0.14766342241370214,0.5245544662616415,46.06723393297984,58.84365931934847,0.0,0.0,0.0,0.0,0.0,0.0,0.0,0.0,17.719610689644256,0.0,0.0,0.0,0.6447139160775022,0.5910281255476513,151
0.9800000000000008,-0.0001660504287419699,-0.010081652836515975,2.2443291838209642,2.4309731968684782,-3.8903326380306353,4.086968785095759,40.29821285880394,0.09844228160913475,0.599702977507761,47.37815595531989,72.56243954623231,0.0,0.0,0.0,0.0,0.0,0.0,0.0,0.0,11.81307379309617,0.0,0.0,0.0,0.6623674169198852,0.6004170991783103,203
1.0000000000000007,-0.000207006757553235,-0.011635944962284565,2.252355974735674,2.558029622751042,-4.219082021667034,4.047559771619094,41.06100133222855,0.20451707662831206,0.5664686516718408,48.25210397021326,65.04162636415488,0.0,0.0,0.0,0.0,0.0,0.0,0.0,0.0,24.542049195397446,0.0,0.0,0.0,0.7774955906080889,0.6324762085337342,184
1.0199999999999985,-0.0002558034773557922,-0.013346312192602426,2.2602405817868814,2.6779232168854787,-4.556281901577077,4.00817602284554,41.8435876975162,0.13634471775220802,0.6276457677812272,48.83473598014218,76.69441757610325,0.0,0.0,0.0,0.0,0.0,0.0,0.0,0.0,16.361366130264962,0.0,0.0,0.0,0.725048739991956,0.679648741705668,198
1.0399999999999963,-0.00031343625301422117,-0.015219392534272454,2.267988196231216,2.795497720041406,-4.905948492934134,3.9688196373022198,42.64646243497133,0.2297853673903609,0.5850971785208181,32.55649065342811,84.4629450507355,0.0,0.0,0.0,0.0,0.0,0.0,0.0,0.0,27.574244086843308,0.0,0.0,0.0,0.7159239661961877,0.7110970971536239,209
1.059999999999994,-0.0003813234523363635,-0.0172676541998022,2.275725360586229,2.9098977477555805,-5.267343916586874,3.929491919026685,43.471205580044476,0.15319024492690725,0.806731452347212,55.03766043561875,106.30863003382368,0.0,0.0,0.0,0.0,0.0,0.0,0.0,0.0,18.38282939122887,0.0,0.0,0.0,0.8907193366372518,0.835261841858866,225
1.0799999999999919,-0.0004611401466184638,-0.019505918232694517,2.2836237862444455,3.023404693072257,-5.642231543052869,3.890203318819137,44.30819186726678,0.2410157188401604,0.8711543015648081,70.02510695707917,104.20575335588245,0.0,0.0,0.0,0.0,0.0,0.0,0.0,0.0,28.92188626081925,0.0,0.0,0.0,1.0330893768796148,1.021237512735632,241
1.0999999999999897,-0.000553938535248365,-0.021936728303825804,2.291612921781308,3.1336440860243595,-6.028504452854989,3.850969319787913,45.15154504979543,0.16067714589344026,0.7474362010432054,63.35007130471945,86.13716890392163,0.0,0.0,0.0,0.0,0.0,0.0,0.0,0.0,19.281257507212832,0.0,0.0,0.0,0.9988037706329215,0.8614235637019796,194
1.1199999999999875,-0.0006605201742391486,-0.024557783553720795,2.2995387834489516,3.264174686356496,-6.447322273634489,3.8117882359748294,46.0211027496992,0.38489587504007133,0.664957467362137,58.90004753647963,74.09144593594776,0.0,0.0,0.0,0.0,0.0,0.0,0.0,0.0,46.18750500480856,0.0,0.0,0.0,1.0276262863651,0.8064805182161804,216
1.1399999999999852,-0.0007823072787399163,-0.027373972239110568,2.307361533176255,3.4422928147120357,-6.924871230806046,3.772650807525413,46.92714409960659,0.3954861389156031,0.6933049782414247,55.933365024319755,82.72763062396517,0.0,0.0,0.0,0.0,0.0,0.0,16.666666666666668,0.0,30.791670003205702,0.0,0.0,0.0,0.9951617102899116,0.7440520276239965,213
1.159999999999983,-0.0009217686519614327,-0.030400353270998753,2.315164967115546,3.6607687825439155,-7.45685844216827,3.7335561365262677,47.861261349669185,0.4025463148326242,0.7955366521609497,53.95557668287984,105.15175374931012,0.0,0.0,0.0,0.0,0.0,0.0,11.11111111111111,0.0,37.1944466688038,0.0,0.0,0.0,1.102717625981388,0.8056322083024785,218
1.1799999999999808,-0.0010824480672847875,-0.033659992403260085,2.323107628045767,3.9119725926488096,-8.038689235443824,3.694514610190853,48.81037264038498,0.40725309877730503,0.9470244347739666,85.97038445525322,103.43450249954007,0.0,0.0,0.0,0.0,0.0,0.0,7.4074074074074066,0.0,41.4629644458692,0.0,0.0,0.0,1.2777807429023207,0.9240850428930868,263
1.1999999999999786,-0.0012674949557576057,-0.03716627509224387,2.3311560428218963,4.2324974893682485,-8.70611323937317,3.655545503480356,49.76301846685196,0.6881687325182033,0.7980162898493108,73.98025630350214,85.62300166636004,0.0,0.0,0.0,0.0,0.0,16.666666666666668,4.93827160493827,0.0,44.308642963912796,0.0,0.0,0.0,1.2394507278263533,1.0288533928884769,235
1.2199999999999764,-0.001481395555505545,-0.0409393709522815,2.3393023427168114,4.6309469110355135,-9.471737371816053,3.616652212603317,50.73912389874133,0.5976680439010245,0.9486775265662072,82.65350420233476,107.0820011109067,0.0,0.0,0.0,0.0,0.0,11.11111111111111,3.292181069958847,0.0,46.20576197594186,0.0,0.0,0.0,1.2914167642873364,1.072899165950419,278
1.2399999999999742,-0.0017301348257367888,-0.04500639798586639,2.3475722908938694,5.067584717463418,-10.304236016840747,3.577841785596024,51.7344795637262,0.5373342514895718,0.8824516843774716,71.76900280155651,104.7213340739378,0.0,0.0,0.0,0.0,0.0,7.4074074074074066,2.1947873799725643,0.0,47.47050798396124,0.0,0.0,0.0,1.2227016154680435,0.9732640466501246,260
1.259999999999972,-0.0020204185485169428,-0.04939243421376054,2.355928577245981,5.537360988212048,-11.202719547341808,3.5391263351000153,52.742411566244925,0.6360006121041589,0.9216344562516476,81.17933520103767,103.14755604929186,0.0,0.0,0.0,0.0,0.0,4.93827160493827,18.129858253315042,0.0,48.313671989307494,0.0,0.0,0.0,1.2544108961001426,1.0100398081898663,260
1.2799999999999698,-0.002359185338186125,-0.05411788406758572,2.3642751450780253,6.051793359758976,-12.181663727240924,3.5005129566748634,53.769655510686064,0.7017781858472172,0.7810896375010984,54.11955680069178,102.0983706995279,0.0,0.0,0.0,0.0,0.0,3.292181069958847,28.753238835543364,0.0,48.875781326204994,0.0,0.0,0.0,1.2238708299582346,0.9313578081430894,233
1.2999999999999676,-0.002754380295865377,-0.059203130198583497,2.3725018365805304,6.589918031942327,-13.226456103739693,3.4620025834163735,54.825331185944044,0.6067410127870336,0.7707264250007323,52.74637120046119,101.39891379968527,0.0,0.0,0.0,0.0,0.0,2.1947873799725643,19.168825890362243,0.0,49.25052088413666,0.0,0.0,0.0,1.1518311993003219,0.9563025222501916,248
1.3199999999999654,-0.0032174938775950974,-0.0646848369394913,2.380647219909987,7.160626679755749,-14.348682019450628,3.4235946023888086,55.91275334111191,0.8211606751913557,0.8471509500004882,68.49758080030746,100.93260919979018,0.0,0.0,0.0,0.0,0.0,18.129858253315042,12.779217260241495,0.0,49.50034725609111,0.0,0.0,0.0,1.2588435385516357,1.2567300612730896,296
1.3399999999999632,-0.0037639962487877386,-0.07061354398023101,2.3888408263074625,7.807024887761027,-15.59232760959982,3.3853077179602575,57.004128649389635,1.0,0.9814339666669922,78.99838720020497,117.28840613319346,0.0,16.666666666666668,0.0,16.666666666666668,0.0,12.086572168876694,25.186144840161,0.0,49.66689817072741,0.0,0.0,0.0,1.511063651024088,1.3022163256784478,246
1.359999999999961,-0.004411307019949886,-0.07703788761715047,2.3971482521894028,8.531077204855455,-16.966026198871386,3.3471765061852574,58.07368903466717,1.0,0.9876226444446615,85.99892480013665,111.52560408879565,0.0,11.11111111111111,0.0,11.11111111111111,0.0,8.057714779251128,16.790763226773997,0.0,66.44459878048494,0.0,0.0,0.0,1.5500114262641207,1.3067407083470353,265
1.3799999999999588,-0.005178466689892728,-0.08400113921170414,2.4055542570061403,9.308734481296568,-18.45498456467861,3.3092324191612823,59.12263338788712,1.0,1.0,90.66594986675777,124.35040272586376,0.0,24.074074074074076,0.0,24.074074074074076,0.0,22.038476519500755,27.860508817849333,0.0,60.96306585365662,0.0,0.0,0.0,1.5759766097574759,1.4903555186709854,293
1.3999999999999566,-0.006087570646599043,-0.09154830573642792,2.4140384202997445,10.118466621104403,-20.046118167498495,3.2715002258038077,60.15815769662105,1.0,1.0,110.44396657783852,99.56693515057583,0.0,16.049382716049383,0.0,16.049382716049383,0.0,14.69231767966717,18.57367254523289,0.0,57.30871056910441,0.0,0.0,0.0,1.619126525368033,1.27736807539882,288
1.4199999999999544,-0.007163487311376294,-0.09972393525366544,2.4225728428570172,10.941224757525669,-21.727873811391493,3.2340077947376797,61.17227532720665,1.0,1.0,90.29597771855902,116.37795676705056,0.0,10.699588477366255,0.0,10.699588477366255,0.0,26.461545119778116,12.382448363488592,0.0,71.53914037940294,0.0,0.0,0.0,1.5962135492117635,1.2901752081606168,258
1.4399999999999522,-0.008433883742097218,-0.10857187030723697,2.4311304801424636,11.760378277888202,-23.4900727683216,3.1967854520037844,62.15724407286835,1.0,1.0,93.53065181237268,110.91863784470037,0.0,23.799725651577504,0.0,23.799725651577504,0.0,17.641030079852076,24.921632242325728,0.0,64.35942691960196,0.0,0.0,0.0,1.7876565780274805,1.6341106134899468,335
1.45999999999995,-0.009926006604153662,-0.11812435754456867,2.4396380590292854,12.561629836938623,-25.323771678585352,3.1598670710771186,63.10266383237793,1.0,0.9314976321902435,79.02043454158178,107.27909189646691,0.0,32.53315043438501,0.0,32.53315043438501,0.0,28.42735338656805,16.614421494883818,0.0,59.57295127973464,0.0,0.0,0.0,1.6568873310880878,1.6054029476929883,279
1.4799999999999478,-0.011672676922929207,-0.12842212492778415,2.4480794783540465,13.332911344108972,-27.221138185177878,3.1232799607276642,64.01498994775498,1.0,1.0,102.68028969438785,104.85272793097793,0.0,38.355433622923336,0.0,21.68876695625667,0.0,35.61823559104537,27.742947663255883,0.0,73.04863418648976,0.0,0.0,0.0,1.7764261793817226,1.689463678234954,294
1.4999999999999456,-0.013711046317694426,-0.13950998987246677,2.4564757223787117,14.064263914708699,-29.175338288708108,3.0870655302686574,64.86423975833155,1.0,1.0,101.78685979625857,103.2351519539853,0.0,25.57028908194889,0.0,31.12584463750445,0.0,40.41215706069691,35.16196510883726,0.0,65.36575612432651,0.0,0.0,0.0,1.7785993650658514,1.5649056100513727,281
1.5199999999999434,-0.016076779977333262,-0.1514191556245219,2.4648046327533724,14.747704824508352,-31.180432751072797,3.0512763547562556,65.62253861812832,1.0,1.0,117.85790653083905,118.8234346359902,0.0,33.713526054632595,0.0,20.750563091669633,0.0,43.608104707131275,40.10797673922484,0.0,76.91050408288434,0.0,0.0,0.0,1.9092471219302058,1.6108658659372412,273
1.5399999999999412,-0.018806576770838634,-0.16417615375522765,2.4730457700205277,15.37708453172769,-33.23128042307229,3.015958240367602,66.2931664572018,1.0,1.0,111.90527102055937,112.54895642399346,0.0,39.1423507030884,0.0,30.500375394446422,0.0,29.072069804754182,60.07198449281656,0.0,84.6070027219229,0.0,0.0,0.0,2.099704799633057,1.7189054173327738,331
1.559999999999939,-0.02193777409859782,-0.17780255427841532,2.481180537696241,15.947936790192717,-35.3234470111464,2.981159205019024,66.86291151784987,1.0,1.0,107.93684734703957,108.36597094932897,0.0,42.76156713539226,0.0,37.00025026296428,0.0,36.04804653650279,56.71465632854437,0.0,89.73800181461526,0.0,0.0,0.0,2.045798031796715,2.0747295145479585,344
1.5799999999999368,-0.0255079669638035,-0.19231479818823524,2.4891922747043584,16.45732475450083,-37.45311843406845,2.946929130961219,67.3182762752929,1.0,1.0,105.29123156469305,105.57731396621931,0.0,28.50771142359484,0.0,24.666833508642853,0.0,24.03203102433519,54.47643755236292,0.0,93.15866787641018,0.0,0.0,0.0,2.113219359699102,1.666950739316802,298
1.5999999999999346,-0.02955030374966983,-0.2077154689846429,2.497034512455487,16.90368577128479,-39.61701847944904,2.9133194078177533,67.6455910008285,1.0,0.9528951517697078,103.52748770979537,87.0515426441462,0.0,19.005140949063225,0.0,33.111222339095235,0.0,32.68802068289013,69.65095836824194,0.0,95.43911191760678,0.0,0.0,0.0,2.0806475317890656,1.549896984105938,269
1.6199999999999324,-0.03410255553902792,-0.22401219019185692,2.5047004114063336,17.286677271423134,-41.81233090763181,2.880372188464395,67.85276890390493,1.0,1.0,119.01832513986358,91.36769509609746,0.0,29.336760632708817,0.0,38.74081489273016,0.0,38.45868045526009,63.100638912161294,0.0,96.95940794507119,0.0,0.0,0.0,2.18813194625731,1.704059289713556,312
1.6399999999999302,-0.03920529166060004,-0.24121416567771517,2.51220920703221,17.607025846054576,-44.03662644766533,2.848142036047349,67.90339773278606,1.0,1.0,112.67888342657572,110.91179673073165,0.0,19.557840421805878,0.0,42.49387659515344,0.0,25.639120303506722,58.733759274774194,0.0,97.97293863004747,0.0,0.0,0.0,2.156429049442858,1.677835192110379,275
1.659999999999928,-0.04489332867128781,-0.25931653838392243,2.519548886191654,17.86638122868239,-46.287795287299545,2.8166924551718395,67.76534422375968,1.0,0.9953022671910245,108.45258895105049,90.60786448715443,0.0,29.705226947870585,0.0,28.329251063435624,0.0,33.75941353567115,39.155839516516124,0.0,81.98195908669831,0.0,0.0,0.0,1.9802550252099673,1.5055536987650204,282
1.6799999999999258,-0.051200890962950905,-0.2783107606754777,2.526713057703561,18.06717654137181,-48.56398569121535,2.7860760515215026,67.448225693978,1.0,1.0,122.30172596736699,93.73857632476962,0.0,19.803484631913722,0.0,35.552834042290414,0.0,39.1729423571141,59.43722634434408,0.0,87.98797272446554,0.0,0.0,0.0,2.198722988382872,1.6744970994862778,324
1.6999999999999236,-0.05816122406079083,-0.2981844444360282,2.533699519519648,18.212495817507804,-50.86354931203805,2.756346451407176,66.93699465633823,1.0,1.0,114.867817311578,95.82571754984642,0.0,13.202323087942482,0.0,23.70188936152694,0.0,42.781961571409404,39.624817562896055,0.0,108.65864848297703,0.0,0.0,0.0,2.1893295374748862,1.5033283036822862,292
1.7199999999999214,-0.06580549226453287,-0.31892009515721687,2.5405047780898933,18.305949504577626,-53.18499361370921,2.7275575581720424,66.21805283782315,1.0,1.0,126.57854487438533,97.21714503323095,0.0,42.13488205862832,0.0,32.46792624101796,0.0,45.1879743809396,59.74987837526404,0.0,105.77243232198468,0.0,0.0,0.0,2.3897855831227925,2.2922085492040836,377
1.7399999999999192,-0.07416260877980932,-0.3404954764050516,2.5471242170480264,18.35155838978486,-55.52694163316845,2.699761086733718,65.28369466370454,1.0,0.9959856330253877,117.71902991625689,81.47809668882063,0.0,28.08992137241888,0.0,21.645284160678642,0.0,30.12531625395973,56.499918916842695,0.0,87.18162154798978,0.0,0.0,0.0,2.1099862543816035,1.8377365560225365,264
1.759999999999917,-0.08325997804292164,-0.3628850055554223,2.5535560105628248,18.35364618446536,-57.88809908857505,2.6730061202933926,64.12808547918158,1.0,0.9973237553502584,111.81268661083793,87.65206445921375,0.0,18.72661424827925,0.0,31.096856107119095,0.0,36.75021083597316,54.33327927789513,0.0,91.45441436532651,0.0,0.0,0.0,2.1560115080890276,1.7927531632513505,318
1.7799999999999148,-0.09312406707521693,-0.3860607577225467,2.5598037322550344,18.316740849833245,-60.26722862167482,2.647340457728422,62.7431307453644,1.0,1.0,124.54179107389196,91.76804297280917,0.0,29.151076165519502,0.0,20.73123740474606,0.0,24.500140557315436,52.88885285193009,0.0,94.30294291021768,0.0,0.0,0.0,2.0833358374340287,1.6853648539322728,275
1.7999999999999126,-0.10377922225104844,-0.4099912784250948,2.565870885132365,18.24548464123101,-62.66313075573094,2.622811595692228,61.119177410176675,1.0,1.0,116.3611940492613,94.51202864853944,0.0,19.434050777013,0.0,30.48749160316404,0.0,33.00009370487696,35.25923523462006,0.0,96.20196194014513,0.0,0.0,0.0,2.0348853903306963,1.7427716157278104,270
1.8199999999999104,-0.11524750365886757,-0.4346417269939633,2.5717602397290986,18.144552782008628,-65.07463097204896,2.5994640025980633,59.254416541528855,1.0,1.0,127.5741293661742,96.34135243235963,0.0,12.956033851342,0.0,20.32499440210936,0.0,22.00006246991797,40.172823489746705,0.0,97.46797462676342,0.0,0.0,0.0,2.080104472106769,1.5746444414449592,263
1.8399999999999082,-0.1275490556061204,-0.4599745852655783,2.577475370928417,18.018580640699795,-67.50057216701991,2.577338434693972,57.15048670666619,1.0,1.0,118.3827529107828,97.56090162157308,0.0,25.304022567561333,0.0,30.216662934739574,0.0,31.333374979945315,43.44854899316447,0.0,81.64531641784228,0.0,0.0,0.0,2.006891353497536,1.56575883299633,295
1.859999999999906,-0.14069690307171645,-0.4859452141457756,2.5830003880520644,17.872099265162934,-69.93981165359176,2.55647233560614,54.809924678169935,1.0,0.9698121817745196,112.25516860718854,81.70726774771538,0.0,33.53601504504089,0.0,36.81110862315972,0.0,20.888916653296874,45.63236599544298,0.0,87.76354427856153,0.0,0.0,0.0,1.9580826077580473,1.8436328236487403,296
1.8799999999999037,-0.15470830069352198,-0.5125123620251837,2.5883436927632135,17.709479114561127,-72.39122181852755,2.5368889806538615,52.266446080461826,1.0,1.0,124.83677907145902,87.80484516514359,0.0,22.35734336336059,0.0,41.20740574877315,0.0,13.92594443553125,47.088243996961985,0.0,91.84236285237435,0.0,0.0,0.0,2.0030628237766828,1.6934848339288815,252
1.8999999999999015,-0.16959522844364897,-0.5396303885255477,2.593501870701389,17.53488181609993,-74.85369353895277,2.518619675031404,49.49739537439449,1.0,0.9588054141220087,99.89118604763934,91.86989677676239,0.0,14.904895575573727,0.0,27.47160383251543,0.0,25.9506296236875,31.392162664641322,0.0,94.56157523491623,0.0,0.0,0.0,1.8521710814841967,1.5675863805139911,251
1.9199999999998993,-0.18536654776022635,-0.5672507972068207,2.5984668791531056,17.352219752453593,-77.32614149501413,2.5016848269538543,46.53225858970807,1.0,0.9725369427480058,99.92745736509289,94.57993118450825,0.0,26.603263717049153,0.0,34.981069221676954,0.0,17.300419749125,37.59477510976088,0.0,96.37438348994415,0.0,0.0,0.0,1.8549357597491545,1.6384528398473046,260
1.9399999999998971,-0.20203757796502064,-0.5953298727225815,2.603261163271796,17.165123254653352,-79.80751058416115,2.486097406725992,43.39429970176431,1.0,0.9816912951653372,99.95163824339527,96.38662078967216,0.0,17.735509144699435,0.0,23.3207128144513,0.0,28.20027983275,25.063183406507253,0.0,80.91625565996276,0.0,0.0,0.0,1.908458465155767,1.7372967332728162,250
1.959999999999895,-0.21960449231319332,-0.6238111547437027,2.6078456999139012,16.97691513334543,-82.29678273912775,2.4718819150500564,40.05563669233721,1.0,0.904460863443558,99.96775882893017,80.92441385978144,0.0,11.823672763132956,0.0,32.213808542967534,0.0,18.800186555166665,33.37545560433817,0.0,87.27750377330851,0.0,0.0,0.0,1.8149413023519068,1.4161957581983893,204
1.9799999999998927,-0.2380364324173153,-0.6526232859119967,2.612094644642384,16.790592230410976,-84.79298356760219,2.4590237031707245,36.633067677967695,1.0,0.7696405756290386,83.31183921928678,70.61627590652095,0.0,7.882448508755304,0.0,21.475872361978354,0.0,12.533457703444443,22.250303736225447,0.0,74.85166918220567,0.0,0.0,0.0,1.4941985943327958,1.0215298862705464,159
1.9999999999998905,-0.25731764007354097,-0.6817062539649535,2.6159425017707316,16.60881361621652,-87.29518835797869,2.4474531649731364,0.0,1.0,0.7630937170860258,72.20789281285785,80.4108506043473,0.0,5.254965672503536,0.0,14.317248241318902,0.0,8.355638468962962,14.833535824150298,0.0,49.90111278813711,0.0,0.0,0.0,1.2286905357567475,0.9648176537985274,62
2.0199999999998886,-0.2774046573983517,-0.7109898578989299,2.6192384121141066,16.387600059507562,-89.75585581395674,2.4371277172876384,0.0,0.6699464076547678,0.5087291447240172,48.1385952085719,53.607233736231535,0.0,3.5033104483356903,0.0,9.544832160879267,0.0,5.570425645975307,9.889023882766864,0.0,33.26740852542474,0.0,0.0,0.0,0.8708066104011392,0.6432117691990182,4
2.0399999999998863,-0.29822526121263593,-0.7403961983082499,2.6217524326388326,16.067110356753606,-92.10639437306304,2.4279502445524943,0.0,0.4466309384365118,0.3391527631493447,32.0923968057146,35.738155824154354,0.0,2.33554029889046,0.0,6.363221440586178,0.0,3.713617097316871,6.592682588511242,0.0,22.17827235028316,0.0,0.0,0.0,0.5805377402674261,0.4288078461326788,0
2.059999999999884,-0.31972974859066255,-0.7698664095929987,2.623360304206863,15.622783492882622,-94.3085830755726,2.419769808772192,0.0,0.29775395895767454,0.22610184209956316,21.394931203809733,23.8254372161029,0.0,1.5570268659269733,0.0,4.242147627057451,0.0,2.4757447315445806,4.395121725674161,0.0,14.785514900188772,0.0,0.0,0.0,0.38702516017828403,0.28587189742178587,0
2.079999999999882,-0.3418797399871037,-0.799353727939315,2.624007808661688,15.052134256270866,-96.3440785255378,2.4124848858214936,0.0,0.19850263930511633,0.15073456139970878,14.263287469206489,15.883624810735267,0.0,1.038017910617982,0.0,2.8280984180383006,0.0,1.650496487696387,2.930081150449441,0.0,9.857009933459182,0.0,0.0,0.0,0.2580167734521893,0.19058126494785724,0
2.0999999999998797,-0.36464112947156035,-0.828819444334621,2.6236867343381505,14.365570737359578,-98.20710110004497,2.406023966507677,0.0,0.13233509287007755,0.10048970759980584,9.508858312804325,10.589083207156843,0.0,0.692011940411988,0.0,1.885398945358867,0.0,1.1003309917975912,1.9533874336329604,0.0,6.571339955639454,0.0,0.0,0.0,0.17201118230145954,0.12705417663190482,0
2.1199999999998775,-0.3879797579030311,-0.8582305795832582,2.6224186324110073,13.58041800221598,-99.89966389925279,2.4003329005157457,0.0,0.08822339524671836,0.06699313839987056,6.3392388752028825,7.0593888047712285,0.0,0.461341293607992,0.0,1.2569326302392447,0.0,0.7335539945317274,1.3022582890886403,0.0,4.380893303759636,0.0,0.0,0.0,0.11467412153430635,0.08470278442126988,0
2.1399999999998753,-0.41185895869190253,-0.8875585599854919,2.6202437926596183,12.717092527178533,-101.42847127912272,2.395366719746109,0.0,0.05881559683114558,0.044662092266580376,4.226159250135255,4.706259203180819,0.0,0.307560862405328,0.0,0.8379550868261632,0.0,0.4890359963544849,0.8681721927257602,0.0,2.920595535839757,0.0,0.0,0.0,0.07644941435620423,0.056468522947513256,0
2.159999999999873,-0.4362384023166651,-0.9167784495419641,2.617213730180869,11.79670642924692,-102.80291114707768,2.3910845195210224,0.0,0.03921039788743038,0.029774728177720245,2.8174395000901695,3.1375061354538794,0.0,0.20504057493688532,0.0,0.5586367245507754,0.0,0.3260239975696566,0.5787814618171734,0.0,1.947063690559838,0.0,0.0,0.0,0.05096627623746948,0.03764568196500884,0
2.179999999999871,-0.46107382511462125,-0.9458684738819132,2.6133860539576195,10.839614341692258,-104.03376243482867,2.387446437034762,0.0,0.026140265258286922,0.019849818785146828,1.878293000060113,2.0916707569692528,0.0,0.1366937166245902,0.0,0.37242448303385023,0.0,0.2173493317131044,0.3858543078781156,0.0,1.2980424603732252,0.0,0.0,0.0,0.03397751749164632,0.02509712131000589,0
2.1999999999998687,-0.4863173363230507,-0.9748096858199277,2.6088209698319176,9.864576615948126,-105.13236898423067,2.3844120532443656,0.0,0.017426843505524613,0.01323321252343122,1.2521953333734086,1.394447171312835,0.0,0.09112914441639347,0.0,0.24828298868923349,0.0,0.14489955447540293,0.257236205252077,0.0,0.8653616402488168,0.0,0.0,0.0,0.022651678327764213,0.01673141420667059,0
2.2199999999998665,-0.511918078214851,-1.0035856933262195,2.6035789191697383,8.888321703208623,-106.11011653191528,2.38193973994292,0.0,0.011617895670349742,0.008822141682287479,0.8347968889156057,0.92963144754189,0.0,0.06075276294426231,0.0,0.16552199245948898,0.0,0.09659970298360195,0.17149080350138468,0.0,0.5769077601658779,0.0,0.0,0.0,0.015101118885176141,0.011154276137780392,0
2.2399999999998643,-0.5378230762678651,-1.0321824124204075,2.5977190160028547,7.925363932131282,-106.97810588130382,2.3799866130611953,0.0,0.007745263780233161,0.005881427788191651,0.5565312592770704,0.61975429836126,0.0,0.04050184196284154,0.0,0.11034799497299265,0.0,0.06439980198906796,0.11432720233425644,0.0,0.38460517344391854,0.0,0.0,0.0,0.010067412590117427,0.007436184091853594,0
2.259999999999862,-0.5639781639564503,-1.0605878305487475,2.5912980505655585,6.987981860491327,-107.74695265933181,2.378508853845988,0.0,0.005163509186822107,0.003920951858794434,0.3710208395180469,0.41316953224083997,0.0,0.027001227975227693,0.0,0.0735653299819951,0.0,0.042933201326045306,0.0762181348895043,0.0,0.25640344896261236,0.0,0.0,0.0,0.0067116083934116175,0.004957456061235729,0
2.27999999999986,-0.5903289029135669,-1.0887917776284382,2.5843698962217165,6.0862949221144795,-108.42666871136117,2.3774622322222667,0.0,0.0034423394578814042,0.0026139679058629563,0.24734722634536457,0.2754463548272266,0.0,0.018000818650151795,0.0,0.04904355332133006,0.0,0.028622134217363537,0.05081208992633619,0.0,0.17093563264174155,0.0,0.0,0.0,0.004474405595607744,0.003304970707490486,0
2.2999999999998577,-0.6168214462803957,-1.1167857069385159,2.57698520291161,5.228397676137925,-109.02659639634682,2.3768027189166214,0.0,0.0022948929719209363,0.0017426452705753036,0.1648981508969097,0.18363090321815106,0.0,0.012000545766767862,0.0,0.03269570221422004,0.0,0.01908142281157569,0.03387472661755746,0.0,0.1139570884278277,0.0,0.0,0.0,0.002982937063738496,0.002203313804993657,0
2.3199999999998555,-0.6434033130381608,-1.1445624894410429,2.5691912917770985,4.4205252646947475,-109.55537759005439,2.3764871103751863,0.0,0.0015299286479472905,0.001161763513716869,0.1099321005979398,0.12242060214543404,0.0,0.008000363844511908,0.0,0.021797134809480024,0.0,0.012720948541050459,0.022583151078371638,0.0,0.07597139228521846,0.0,0.0,0.0,0.001988624709158997,0.0014688758699957713,0
2.3399999999998533,-0.670024055635834,-1.172116224763019,2.561032187790648,3.6672331393145403,-110.0209459586508,2.3764736172666363,0.0,0.0010199524319648603,0.0007745090091445795,0.0732880670652932,0.08161373476362269,0.0,0.005333575896341272,0.0,0.014531423206320015,0.0,0.008480632360700305,0.015055434052247758,0.0,0.050647594856812306,0.0,0.0,0.0,0.0013257498061059981,0.0009792505799971808,0
2.359999999999851,-0.6966358135869215,-1.1994420710110762,2.5525487432844667,2.971580343012793,-110.43053530075059,2.376722386418087,0.0,0.0006799682879765737,0.0005163393394297196,0.04885871137686213,0.05440915650908179,0.0,0.0035557172642275148,0.0,0.009687615470880009,0.0,0.005653754907133536,0.010036956034831838,0.0,0.03376506323787487,0.0,0.0,0.0,0.0008838332040706654,0.0006528337199981205,0
2.379999999999849,-0.7231937529245517,-1.2265360943922223,2.543778817273037,2.3353097073535505,-110.79069934295032,2.3771959395415276,0.0,0.00045331219198438237,0.00034422622628647973,0.03257247425124142,0.03627277100605453,0.0,0.0023704781761516762,0.0,0.006458410313920006,0.0,0.003769169938089024,0.006691304023221226,0.0,0.022510042158583245,0.0,0.0,0.0,0.0005892221360471102,0.000435222479998747,0
2.3999999999998467,-0.7496563962636692,-1.2533951385477125,2.5347574846369962,1.7590209583414615,-111.10733990601608,2.377859521604562,0.0,0.0003022081279895882,0.00022948415085765315,0.021714982834160946,0.024181847337369684,0.0,0.0015803187841011174,0.0,0.00430560687594667,0.0,0.002512779958726016,0.00446086934881415,0.0,0.01500669477238883,0.0,0.0,0.0,0.00039281475736474016,0.00029014831999916465,0
2.4199999999998445,-0.775985851329359,-1.2800167126801707,2.5255172563694277,1.24233440445477,-111.3857412382076,2.3786813582747595,0.0,0.00020147208532639212,0.0001529894339051021,0.014476655222773964,0.016121231558246456,0.0,0.0010535458560674115,0.0,0.0028704045839644467,0.0,0.0016751866391506772,0.0029739128992094335,0.0,0.010004463181592552,0.0,0.0,0.0,0.00026187650490982676,0.0001934322133327764,0
2.4399999999998423,-0.802147947638405,-1.3063988969837301,2.51608829767493,0.7840439318852318,-111.6306088061904,2.3796328263057185,0.0,0.00013431472355092806,0.00010199295593673473,0.009651103481849308,0.010747487705497636,0.0,0.000702363904044941,0.0,0.0019136030559762976,0.0,0.001116791092767118,0.0019826085994729555,0.0,0.0066696421210617005,0.0,0.0,0.0,0.00017458433660655115,0.0001289548088885176,0
2.45999999999984,-0.8281122919252836,-1.3325402635473689,2.506498635087501,0.3822586788264579,-111.84611111585409,2.380688543604457,0.0,8.954314903395206e-05,6.799530395782315e-05,0.0064340689878995385,0.00716499180366509,0.0,0.0004682426026966273,0.0,0.001275735370650865,0.0,0.0007445273951780787,0.0013217390663153037,0.0,0.0044464280807078,0.0,0.0,0.0,0.00011638955773770076,8.596987259234506e-05,0
2.479999999999838,-0.8538522531567136,-1.3584398107498985,2.4967743471674457,0.03453315322160397,-112.03592331292786,2.3818263874427132,0.0,5.969543268930137e-05,4.533020263854876e-05,0.004289379325266358,0.004776661202443393,0.0,0.00031216173513108484,0.0,0.0008504902471005767,0.0,0.0004963515967853858,0.0008811593775435358,0.0,0.0029642853871385336,0.0,0.0,0.0,7.75930384918005e-05,5.7313248394896704e-05,0
2.4999999999998357,-0.8793448877861967,-1.3840969091552402,2.486939735924532,-0.2620142026920394,-112.20327144967085,2.383027450161299,0.0,3.979695512620091e-05,3.022013509236584e-05,0.0028595862168442386,0.003184440801628929,0.0,0.00020810782342072323,0.0,0.0005669934980670512,0.0,0.0003309010645235905,0.0005874395850290239,0.0,0.0019761902580923557,0.0,0.0,0.0,5.1728692327866996e-05,3.820883226326447e-05,0
2.5199999999998335,-0.9045708154142116,-1.4095112570068682,2.477017478034488,-0.5105938471407226,-112.35097643248007,2.3842759420010693,0.0,2.6531303417467272e-05,2.0146756728243893e-05,0.0019063908112294924,0.002122960534419286,0.0,0.00013873854894714882,0.0,0.0003779956653780341,0.0,0.00022060070968239366,0.00039162639001934924,0.0,0.0013174601720615704,0.0,0.0,0.0,3.448579488524466e-05,2.547255484217631e-05,0
2.5399999999998313,-0.929514054352034,-1.4346828435754053,2.467028756286373,-0.7146491161797686,-112.48149680033708,2.3855590505530357,0.0,1.7687535611644848e-05,1.3431171152162593e-05,0.0012709272074863283,0.0014153070229461905,0.0,9.249236596476588e-05,0.0,0.0002519971102520227,0.0,0.00014706713978826242,0.00026108426001289947,0.0,0.0008783067813743803,0.0,0.0,0.0,2.299052992349644e-05,1.698170322811754e-05,0
2.559999999999829,-0.954161825816569,-1.4596119188055507,2.4569933726216133,-0.8777710083190337,-112.59696962849335,2.3868667658868836,0.0,1.179169040776323e-05,8.954114101441729e-06,0.0008472848049908855,0.0009435380152974603,0.0,6.166157730984391e-05,0.0,0.00016799807350134844,0.0,9.80447598588416e-05,0.00017405617334193297,0.0,0.0005855378542495868,0.0,0.0,0.0,1.5327019948997624e-05,1.1321135485411692e-05,0
2.579999999999827,-0.9785043346649775,-1.4842989679169178,2.4469298446912346,-1.0036233741959375,-112.69924900234611,2.3881916797911464,0.0,7.86112693850882e-06,5.969409400961152e-06,0.0005648565366605903,0.0006290253435316402,0.0,4.1107718206562607e-05,0.0,0.00011199871566756562,0.0,6.536317323922774e-05,0.00011603744889462198,0.0,0.0003903585694997245,0.0,0.0,0.0,1.0218013299331748e-05,7.5474236569411275e-06,0
2.5999999999998247,-1.0025345337481153,-1.5087446898227972,2.4368554881448183,-1.0958780487687745,-112.7899416570337,2.3895287668140446,0.0,5.240751292339214e-06,3.979606267307435e-06,0.0003765710244403935,0.0004193502290210934,0.0,2.7405145471041737e-05,0.0,7.466581044504375e-05,0.0,4.3575448826151824e-05,7.735829926308132e-05,0.0,0.00026023904633314966,0.0,0.0,0.0,6.812008866221165e-06,5.031615771294085e-06,0
2.6199999999998225,-1.026247878144987,-1.5329499784310923,2.4267864869412255,-1.158159408620579,-112.8704395223275,2.3908751539858453,0.0,3.493834194892809e-06,2.653070844871623e-06,0.000251047349626929,0.00027956681934739557,0.0,1.827009698069449e-05,0.0,4.97772069633625e-05,0.0,2.905029921743455e-05,5.157219950872088e-05,0.0,0.0001734926975554331,0.0,0.0,0.0,4.5413392441474435e-06,3.354410514196056e-06,0
2.6399999999998203,-1.0496420747516833,-1.55691590607602,2.416737953895676,-1.1939977884559216,-112.9419490441631,2.392229885271592,0.0,2.3292227965952056e-06,1.7687138965810819e-06,0.000167364899751286,0.00018637787956493038,0.0,1.2180064653796326e-05,0.0,3.3184804642241664e-05,0.0,1.9366866144956366e-05,3.438146633914725e-05,0.0,0.00011566179837028872,0.0,0.0,0.0,3.0275594960982957e-06,2.236273676130704e-06,0
2.659999999999818,-1.0727168319468765,-1.5806437084938258,2.40672398349936,-1.2067911503900344,-113.00551726930698,2.3935936859756803,0.0,1.5528151977301373e-06,1.1791425977207212e-06,0.00011157659983419065,0.00012425191970995357,0.0,8.120043102530883e-06,0.0,2.2123203094827775e-05,0.0,1.2911244096637577e-05,2.29209775594315e-05,0.0,7.710786558019247e-05,0.0,0.0,0.0,2.018372997398864e-06,1.4908491174204692e-06,0
2.679999999999816,-1.0954736133474097,-1.604134770899023,2.396757698806355,-1.1997743687252578,-113.06205477553635,2.394968731517411,0.0,1.0352101318200914e-06,7.860950651471474e-07,7.438439988946042e-05,8.283461313996904e-05,0.0,5.4133620683539215e-06,0.0,1.4748802063218516e-05,0.0,8.60749606442505e-06,1.5280651706287666e-05,0.0,5.1405243720128314e-05,0.0,0.0,0.0,1.345581998265909e-06,9.938994116136462e-07,0
2.6999999999998137,-1.1179153990049289,-1.6273906148392283,2.3868512939101447,-1.1759954726207527,-113.11235560522667,2.3963584242337364,0.0,6.901400878800608e-07,5.240633767647649e-07,4.9589599926306945e-05,5.5223075426646025e-05,0.0,3.608908045569281e-06,0.0,9.832534708812343e-06,0.0,5.7383307096167e-06,1.018710113752511e-05,0.0,3.427016248008554e-05,0.0,0.0,0.0,8.97054665510606e-07,6.625996077424307e-07,0
2.7199999999998115,-1.1400464567798025,-1.6504128856073366,2.3770160732526397,-1.1382981797616574,-113.15711441568003,2.3977671811513543,0.0,4.600933919200405e-07,3.4937558450984315e-07,3.305973328420463e-05,3.681538361776401e-05,0.0,2.4059386970461872e-06,0.0,6.555023139208229e-06,0.0,3.8255538064111335e-06,6.791400758350073e-06,0.0,2.284677498672369e-05,0.0,0.0,0.0,5.980364436737373e-07,4.417330718282871e-07,0
2.7399999999998093,-1.1618721260626552,-1.6732033400709578,2.367262488740247,-1.0893100555516089,-113.1969410962251,2.399200235011787,0.0,3.0672892794669365e-07,2.3291705633989543e-07,2.203982218946975e-05,2.454358907850934e-05,0.0,1.6039591313641247e-06,0.0,4.370015426138819e-06,0.0,2.5503692042740887e-06,4.527600505566715e-06,0.0,1.523118332448246e-05,0.0,0.0,0.0,3.986909624491582e-07,2.944887145521914e-07,0
2.759999999999807,-1.1833986154973,-1.6957638348426705,2.3576001753960987,-1.0314356436838905,-113.2323731221673,2.4006634502337616,0.0,2.0448595196446242e-07,1.5527803755993028e-07,1.4693214792979833e-05,1.6362392719006224e-05,0.0,1.069306087576083e-06,0.0,2.913343617425879e-06,0.0,1.7002461361827257e-06,3.0184003370444765e-06,0.0,1.0154122216321639e-05,0.0,0.0,0.0,2.6579397496610547e-07,1.9632580970146091e-07,0
2.779999999999805,-1.204632815891723,-1.7180963147626835,2.3480379860626397,-0.9668539340068921,-113.26388592160511,2.4021631549591755,0.0,1.363239679763083e-07,1.0351869170662018e-07,9.79547652865322e-06,1.0908261812670815e-05,0.0,7.12870725050722e-07,0.0,1.942229078283919e-06,0.0,1.1334974241218171e-06,2.012266891362984e-06,0.0,6.769414810881092e-06,0.0,0.0,0.0,1.7719598331073696e-07,1.3088387313430728e-07,0
2.7999999999998026,-1.2255821290858249,-1.740202801700237,2.3385840254878643,-0.8975195609797667,-113.29190152568054,2.403705989852548,0.0,9.088264531753884e-08,6.901246113774679e-08,6.530317685768813e-06,7.272174541780543e-06,0.0,4.752471500338147e-07,0.0,1.2948193855226128e-06,0.0,7.556649494145447e-07,1.341511260908656e-06,0.0,4.512943207254061e-06,0.0,0.0,0.0,1.1813065554049131e-07,8.725591542287152e-08,0
2.8199999999998004,-1.2462543131750938,-1.76208538370347,2.329245683982294,-0.8251671592172813,-113.31679575871767,2.4052987739084593,0.0,6.058843021169256e-08,4.6008307425164515e-08,4.353545123845875e-06,4.848116361187028e-06,0.0,3.168314333558764e-07,0.0,8.632129236817418e-07,0.0,5.037766329430298e-07,8.943408406057706e-07,0.0,3.0086288048360403e-06,0.0,0.0,0.0,7.875377036032753e-08,5.817061028191434e-08,0
2.8399999999997982,-1.2666573441672138,-1.7837462045417027,2.320029670721,-0.7513183401737084,-113.33890420446026,2.4069483871652424,0.0,4.039228680779503e-08,3.067220495010968e-08,2.90236341589725e-06,3.232077574124685e-06,0.0,2.1122095557058427e-07,0.0,5.754752824544945e-07,0.0,3.3585108862868655e-07,5.962272270705137e-07,0.0,2.00575253655736e-06,0.0,0.0,0.0,5.250251357355168e-08,3.878040685460956e-08,0
2.859999999999796,-1.286799293872158,-1.8051874536908115,2.310942046682331,-0.6772907945383576,-113.35852716052256,2.4086616699237475,0.0,2.692819120519669e-08,2.044813663340645e-08,1.9349089439314997e-06,2.15471838274979e-06,0.0,1.408139703803895e-07,0.0,3.8365018830299636e-07,0.0,2.239007257524577e-07,3.974848180470091e-07,0.0,1.3371683577049067e-06,0.0,0.0,0.0,3.500167571570112e-08,2.5853604569739706e-08,0
2.879999999999794,-1.3066882235935913,-1.8264113568134397,2.3019882571590964,-0.6042090671824913,-113.37593376714355,2.410445337823981,0.0,1.7952127470131127e-08,1.3632091088937632e-08,1.289939295954333e-06,1.4364789218331933e-06,0.0,9.3875980253593e-08,0.0,2.5576679220199754e-07,0.0,1.4926715050163845e-07,2.6498987869800605e-07,0.0,8.914455718032711e-07,0.0,0.0,0.0,2.333445047713408e-08,1.723573637982647e-08,0
2.8999999999997916,-1.3263320929979774,-1.847420166782497,2.293173163744085,-0.5330165944530998,-113.39136546996008,2.41230591193645,0.0,1.1968084980087417e-08,9.088060725958421e-09,8.59959530636222e-07,9.576526145554622e-07,0.0,6.258398683572866e-08,0.0,1.7051119480133168e-07,0.0,9.951143366775896e-08,1.7665991913200402e-07,0.0,5.942970478688474e-07,0.0,0.0,0.0,1.5556300318089386e-08,1.1490490919884312e-08,0
2.9199999999997894,-1.3457386833848517,-1.8682161552901018,2.284501075675938,-0.4644886363752824,-113.40503895099664,2.4142496628748447,0.0,7.978723320058277e-09,6.0587071506389465e-09,5.733063537574813e-07,6.384350763703081e-07,0.0,4.172265789048577e-08,0.0,1.1367412986755445e-07,0.0,6.634095577850596e-08,1.1777327942133601e-07,0.0,3.961980319125649e-07,0.0,0.0,0.0,1.0370866878726258e-08,7.660327279922875e-09,0
2.9399999999997872,-1.3649155344642787,-1.8888016050758487,2.2759757804292304,-0.399245778193103,-113.41714863829306,2.416282567828224,0.0,5.319148880038851e-09,4.039138100425964e-09,3.822042358383208e-07,4.25623384246872e-07,0.0,2.781510526032385e-08,0.0,7.57827532450363e-08,0.0,4.422730385233731e-08,7.8515519614224e-08,0.0,2.6413202127504324e-07,0.0,0.0,0.0,6.913911252484171e-09,5.106884853281916e-09,0
2.959999999999785,-1.3838698936623004,-1.9091788027988574,2.267600573440363,-0.33776771609433115,-113.4278688831288,2.4184102793395628,0.0,3.546099253359234e-09,2.6927587336173093e-09,2.5480282389221385e-07,2.83748922831248e-07,0.0,1.8543403506882563e-08,0.0,5.052183549669086e-08,0.0,2.9484869234891537e-08,5.2343679742815994e-08,0.0,1.7608801418336215e-07,0.0,0.0,0.0,4.609274168322781e-09,3.404589902187944e-09,0
2.979999999999783,-1.4026086769188388,-1.9293500325682231,2.2593782868753016,-0.2804070805072318,-113.43735587498436,2.4206381046191616,0.0,2.3640661689061556e-09,1.795172489078206e-09,1.698685492614759e-07,1.8916594855416533e-07,0.0,1.2362269004588376e-08,0.0,3.368122366446057e-08,0.0,1.965657948992769e-08,3.489578649521066e-08,0.0,1.1739200945557477e-07,0.0,0.0,0.0,3.0728494455485205e-09,2.269726601458629e-09,0
2.9999999999997806,-1.4211384399117013,-1.9493175701367447,2.251311317363511,-0.22740308672169252,-113.44574934832126,2.422970994171444,0.0,1.5760441126041037e-09,1.1967816593854706e-09,1.1324569950765059e-07,1.2611063236944356e-07,0.0,8.241512669725584e-09,0.0,2.245414910964038e-08,0.0,1.310438632661846e-08,2.3263857663473774e-08,0.0,7.826133963704984e-08,0.0,0.0,0.0,2.048566297032347e-09,1.513151067639086e-09,0
3.0199999999997784,-1.4394653586316986,-1.9690836777535623,2.2434016526424183,-0.1788948365606548,-113.45317412192006,2.4254135385279594,0.0,1.0506960750694026e-09,7.978544395903138e-10,7.549713300510039e-08,8.407375491296236e-08,0.0,5.494341779817055e-09,0.0,1.4969432739760253e-08,0.0,8.736257551078973e-09,1.5509238442315847e-08,0.0,5.217422642469989e-08,0.0,0.0,0.0,1.3657108646882313e-09,1.0087673784260572e-09,0
3.039999999999776,-1.4575952182442051,-1.9886505996628883,2.2356508970767055,-0.13493412627693988,-113.45974150073248,2.427969971913971,0.0,7.004640500462684e-10,5.319029597268759e-10,5.033142200340026e-08,5.6049169941974904e-08,0.0,3.6628945198780366e-09,0.0,9.979621826506835e-09,0.0,5.8241717007193145e-09,1.0339492294877231e-08,0.0,3.4782817616466594e-08,0.0,0.0,0.0,9.104739097921542e-10,6.725115856173714e-10,0
3.059999999999774,-1.4755334091986896,-2.0080205582285093,2.228060296035466,-0.09549764470311645,-113.4655505617352,2.430644181726962,0.0,4.669760333641789e-10,3.546019731512505e-10,3.355428133560017e-08,3.736611329464993e-08,0.0,2.441929679918691e-09,0.0,6.653081217671223e-09,0.0,3.882781133812876e-09,6.892994863251487e-09,0.0,2.3188545077644394e-08,0.0,0.0,0.0,6.069826065281028e-10,4.483410570782476e-10,0
3.079999999999772,-1.4932849295869535,-2.0271957506573584,2.2206307591269727,-0.060498471916416934,-113.47068933883911,2.43343972276922,0.0,3.1131735557611917e-10,2.36401315434167e-10,2.236952089040011e-08,2.4910742196433288e-08,0.0,1.6279531199457938e-09,0.0,4.4353874784474815e-09,0.0,2.5885207558752504e-09,4.5953299088343246e-09,0.0,1.5459030051762927e-08,0.0,0.0,0.0,4.0465507101873516e-10,2.9889403805216507e-10,0
3.0999999999997696,-1.5108543928003668,-2.046178346290156,2.2133628823049722,-0.029796812315865763,-113.47523591719771,2.436359835250339,0.0,2.0754490371741277e-10,1.576008769561113e-10,1.4913013926933406e-08,1.6607161464288857e-08,0.0,1.0853020799638625e-09,0.0,2.956924985631654e-09,0.0,1.7256805039168335e-09,3.063553272556216e-09,0.0,1.0306020034508618e-08,0.0,0.0,0.0,2.697700473458234e-10,1.992626920347767e-10,0
3.1199999999997674,-1.5282460395938602,-2.06497048442296,2.206256968871938,-0.003209917096244402,-113.47925944397069,2.4394074656558256,0.0,1.3836326914494186e-10,1.050672513040742e-10,9.942009284622271e-09,1.1071440976192571e-08,0.0,7.235347199759083e-10,0.0,1.971283323754436e-09,0.0,1.150453669277889e-09,2.0423688483708106e-09,0.0,6.870680023005745e-09,0.0,0.0,0.0,1.7984669823054894e-10,1.3284179468985112e-10,0
3.139999999999765,-1.5454637537276537,-2.083574272620411,2.1993130494134947,0.01947883027857778,-113.48282106044279,2.4425852896627056,0.0,9.224217942996123e-11,7.004483420271614e-11,6.62800618974818e-09,7.380960650795047e-09,0.0,4.823564799839389e-10,0.0,1.3141888825029573e-09,0.0,7.66969112851926e-10,1.361579232247207e-09,0.0,4.580453348670497e-09,0.0,0.0,0.0,1.1989779882036594e-10,8.856119645990074e-11,0
3.159999999999763,-1.562511080424714,-2.1019917854793393,2.1925309007045772,0.03851167575271091,-113.4859747591113,2.4458957363697635,0.0,6.149478628664083e-11,4.6696556135144083e-11,4.418670793165453e-09,4.920640433863364e-09,0.0,3.2157098665595924e-10,0.0,8.761259216686381e-10,0.0,5.113127419012839e-10,9.077194881648046e-10,0.0,3.053635565780331e-09,0.0,0.0,0.0,7.993186588024395e-11,5.904079763993383e-11,0
3.179999999999761,-1.579391246951074,-2.120225063800318,2.185910063631907,0.05414909966134693,-113.48876816870826,2.449341013196822,0.0,4.099652419109387e-11,3.113103742342939e-11,2.9457805287769686e-09,3.280426955908909e-09,0.0,2.1438065777063948e-10,0.0,5.840839477790921e-10,0.0,3.4087516126752257e-10,6.051463254432031e-10,0.0,2.0357570438535537e-09,0.0,0.0,0.0,5.32879105868293e-11,3.9360531759955886e-11,0
3.1999999999997586,-1.5961071846959352,-2.138276114124373,2.1794498601795254,0.06666324930507499,-113.49124326992002,2.452923130892746,0.0,2.7331016127395914e-11,2.0754024948952923e-11,1.963853685851312e-09,2.1869513039392725e-09,0.0,1.4292043851375965e-10,0.0,3.893892985193947e-10,0.0,2.272501075116817e-10,4.03430883628802e-10,0.0,1.3571713625690357e-09,0.0,0.0,0.0,3.552527372455287e-11,2.6240354506637258e-11,0
3.2199999999997564,-1.612661552197657,-2.1561469085925067,2.1731494095247,0.07633217351360673,-113.49343704464744,2.4566439281742873,0.0,1.8220677418263944e-11,1.3836016632635282e-11,1.3092357905675414e-09,1.457967535959515e-09,0.0,9.528029234250643e-11,0.0,2.5959286567959647e-10,0.0,1.5150007167445447e-10,2.6895392241920135e-10,0.0,9.047809083793571e-10,0.0,0.0,0.0,2.3683515816368576e-11,1.7493569671091503e-11,0
3.239999999999754,-1.6290567586293234,-2.173839385086683,2.167007643290832,0.0834348255461499,-113.49538206189042,2.460505095596319,0.0,1.2147118278842627e-11,9.22401108842352e-12,8.728238603783609e-10,9.719783573063433e-10,0.0,6.352019489500428e-11,0.0,1.730619104530643e-10,0.0,1.0100004778296964e-10,1.7930261494613421e-10,0.0,6.031872722529047e-10,0.0,0.0,0.0,1.5789010544245715e-11,1.1662379780727668e-11,0
3.259999999999752,-1.645294987322654,-2.191355447612477,2.1610233200024234,0.0882467943088707,-113.49710700364274,2.464508198327685,0.0,8.098078852561753e-12,6.14934072561568e-12,5.818825735855739e-10,6.479855715375622e-10,0.0,4.234679659666952e-11,0.0,1.1537460696870953e-10,0.0,6.733336518864642e-11,1.1953507663075614e-10,0.0,4.021248481686031e-10,0.0,0.0,0.0,1.0526007029497143e-11,7.774919853818444e-12,0
3.27999999999975,-1.661378218970993,-2.2086969668855416,2.1551950387849317,0.0910367190333381,-113.49863713448268,2.4686546975751784,0.0,5.398719235041167e-12,4.099560483743787e-12,3.8792171572371596e-10,4.319903810250414e-10,0.0,2.823119773111301e-11,0.0,7.691640464580634e-11,0.0,4.488891012576428e-11,7.969005108717076e-11,0.0,2.6808323211240203e-10,0.0,0.0,0.0,7.017338019664762e-12,5.183279902545629e-12,0
3.2999999999997476,-1.6773082542103928,-2.225865781086303,2.149521252349785,0.09206333909972447,-113.49999471879377,2.47294597046065,0.0,3.5991461566941112e-12,2.7330403224958573e-12,2.5861447714914394e-10,2.8799358735002757e-10,0.0,1.8820798487408674e-11,0.0,5.1277603097204225e-11,0.0,2.992594008384285e-11,5.31267007247805e-11,0.0,1.7872215474160135e-10,0.0,0.0,0.0,4.678225346443174e-12,3.4555199350304193e-12,0
3.3199999999997454,-1.6930867353320542,-2.242863696749837,2.1440002793019803,0.09157312845360499,-113.50119938972269,2.4773833282126527,0.0,2.399430771129407e-12,1.822026881663905e-12,1.724096514327626e-10,1.9199572490001836e-10,0.0,1.2547198991605782e-11,0.0,3.418506873146948e-11,0.0,1.9950626722561897e-11,3.5417800483187e-11,0.0,1.1914810316106757e-10,0.0,0.0,0.0,3.1188168976287826e-12,2.303679956686946e-12,0
3.339999999999743,-1.7087151669293628,-2.259692489760521,2.13863031580496,0.08979846290798271,-113.50226847406545,2.4819680325843567,0.0,1.5996205140862716e-12,1.2146845877759365e-12,1.1493976762184173e-10,1.2799714993334557e-10,0.0,8.364799327737187e-12,0.0,2.2790045820979653e-11,0.0,1.3300417815041264e-11,2.361186698879133e-11,0.0,7.943206877404505e-11,0.0,0.0,0.0,2.079211265085855e-12,1.5357866377912972e-12,0
3.359999999999741,-1.7241949353282833,-2.2763539064238505,2.1334094466346745,0.08695626840105845,-113.50321727726788,2.4867013104536135,0.0,1.0664136760575145e-12,8.097897251839576e-13,7.662651174789448e-11,8.533143328889704e-11,0.0,5.576532885158125e-12,0.0,1.51933638806531e-11,0.0,8.866945210027508e-12,1.5741244659194217e-11,0.0,5.295471251603003e-11,0.0,0.0,0.0,1.38614084339057e-12,1.0238577585275313e-12,0
3.3799999999997388,-1.7395273266909395,-2.2928496645906007,2.128335655652248,0.08324709886048053,-113.50405933263718,2.4915843665993673,0.0,7.109424507050094e-13,5.398598167893051e-13,5.108434116526298e-11,5.6887622192598027e-11,0.0,3.717688590105416e-12,0.0,1.0128909253768732e-11,0.0,5.911296806685005e-12,1.0494163106129478e-11,0.0,3.530314167735335e-11,0.0,0.0,0.0,9.240938955937133e-13,6.825718390183542e-13,0
3.3999999999997366,-1.7547135437188024,-2.3091814548112746,2.1234068357223133,0.07885459357909828,-113.50480661870036,2.496618394681116,0.0,4.739616338033396e-13,3.5990654452620334e-13,3.405622744350865e-11,3.7925081461732014e-11,0.0,2.4784590600702775e-12,0.0,6.752606169179155e-12,0.0,3.940864537790003e-12,6.996108737419652e-12,0.0,2.3535427784902232e-11,0.0,0.0,0.0,6.160625970624754e-13,4.550478926789027e-13,0
3.4199999999997344,-1.7697547209141733,-2.325350941501553,2.1186207981020297,0.0739452658177544,-113.50546974842685,2.5018045864751897,0.0,3.159744225355597e-13,2.399376963508022e-13,2.2704151629005766e-11,2.5283387641154675e-11,0.0,1.6523060400468515e-12,0.0,4.501737446119436e-12,0.0,2.627243025193335e-12,4.664072491613101e-12,0.0,1.569028518993482e-11,0.0,0.0,0.0,4.1070839804165026e-13,3.0336526178593517e-13,0
3.439999999999732,-1.7846519383867023,-2.341359764102031,2.1139752813240094,0.06866857660788314,-113.50605813377048,2.507144139443835,0.0,2.1064961502370646e-13,1.5995846423386813e-13,1.5136101086003843e-11,1.6855591760769782e-11,0.0,1.1015373600312343e-12,0.0,3.001158297412957e-12,0.0,1.75149535012889e-12,3.1093816610754007e-12,0.0,1.0460190126623214e-11,0.0,0.0,0.0,2.738055986944335e-13,2.022435078572901e-13,0
3.45999999999973,-1.7994062342157333,-2.3572095382180613,2.1094679595947663,0.0631572503311346,-113.50658012869555,2.5126382627303223,0.0,1.4043307668247097e-13,1.0663897615591207e-13,1.0090734057335895e-11,1.1237061173846521e-11,0.0,7.343582400208228e-13,0.0,2.0007721982753044e-12,0.0,1.1676635667525932e-12,2.0729211073836e-12,0.0,6.9734600844154755e-12,0.0,0.0,0.0,1.8253706579628899e-13,1.348290052381934e-13,0
3.4799999999997278,-1.8140186153995503,-2.372901856727869,2.10509645072904,0.05752779151475722,-113.5070431535475,2.5182881816865907,0.0,9.362205112164731e-14,7.109265077060805e-14,6.727156038223929e-12,7.491374115897681e-12,0.0,4.895721600138818e-13,0.0,1.3338481321835363e-12,0.0,7.784423778350621e-13,1.3819474049224e-12,0.0,4.648973389610317e-12,0.0,0.0,0.0,1.2169137719752598e-13,8.988600349212892e-14,0
3.4999999999997256,-1.8284900674393696,-2.3884382908492916,2.100858323639177,0.05188116531948529,-113.50745380331995,2.524095141049197,0.0,6.241470074776487e-14,4.7395100513738695e-14,4.484770692149286e-12,4.994249410598454e-12,0.0,3.2638144000925455e-13,0.0,8.892320881223575e-13,0.0,5.189615852233747e-13,9.212982699482666e-13,0.0,3.0993155930735442e-12,0.0,0.0,0.0,8.112758479835065e-14,5.992400232808595e-14,0
